"cust_email";"cust_city";"order_date";"order_qty";"product_name";"product_price";"category_name";"total_sales"
"fvaslerqt@comsenz.com#mailto:fvaslerqt@comsenz.com#";"Jackson";"01/01/2020";"2";"Polar Robots";"23.99";"eBooks";"47.98"
"tmckernot@tinyurl.com#mailto:tmckernot@tinyurl.com#";"Katy";"01/01/2020";"3";"RWW-75 Robot";"883";"Robots";"2649"
"gstiggersdd@eventbrite.com#mailto:gstiggersdd@eventbrite.com#";"Saint Petersburg";"01/01/2020";"6";"Drone Video Techniques";"37.99";"Training Videos";"227.94"
"edew@nba.com#mailto:edew@nba.com#";"Honolulu";"01/01/2020";"1";"BYOD-220";"69";"Drone Kits";"69"
"llespercx@com.com#mailto:llespercx@com.com#";"Des Moines";"01/01/2020";"5";"SCARA Robots";"19.5";"eBooks";"97.5"
"lfromonte9@de.vu#mailto:lfromonte9@de.vu#";"Birmingham";"01/01/2020";"5";"Spherical Robots";"16.75";"eBooks";"83.75"
"stunnowdb@soup.io#mailto:stunnowdb@soup.io#";"Boston";"01/01/2021";"4";"Delivery Drones";"14.99";"eBooks";"59.96"
"cthrelfallih@loc.gov#mailto:cthrelfallih@loc.gov#";"Irvine";"01/01/2021";"5";"Multi Rotor Drones";"24.95";"eBooks";"124.75"
"lgearem6@weather.com#mailto:lgearem6@weather.com#";"Killeen";"01/01/2021";"2";"DC-304 Drone";"395";"Drones";"790"
"gmacenzy8g@constantcontact.com#mailto:gmacenzy8g@constantcontact.com#";"Springfield";"01/02/2020";"1";"AI for Educators";"49.95";"Training Videos";"49.95"
"bminkinan@mtv.com#mailto:bminkinan@mtv.com#";"Fairbanks";"01/02/2020";"5";"Robotic Essentials";"34.99";"Training Videos";"174.95000000000002"
"mhaskins5@ibm.com#mailto:mhaskins5@ibm.com#";"Reno";"01/02/2020";"3";"BYOD-550";"179";"Drone Kits";"537"
"clowth9p@rakuten.co.jp#mailto:clowth9p@rakuten.co.jp#";"New York City";"01/02/2020";"4";"Understanding Arduino";"17.5";"eBooks";"70"
"rthaxter82@intel.com#mailto:rthaxter82@intel.com#";"Lees Summit";"01/02/2021";"3";"BYOR-1000";"189";"Robot Kits";"567"
"iweddeburn4p@ocn.ne.jp#mailto:iweddeburn4p@ocn.ne.jp#";"Harrisburg";"01/02/2021";"3";"BYOD-200";"58.95";"Drone Kits";"176.85000000000002"
"ecleworthcq@hp.com#mailto:ecleworthcq@hp.com#";"Columbus";"01/02/2021";"3";"BYOD-300";"89";"Drone Kits";"267"
"asommersettce@list-manage.com#mailto:asommersettce@list-manage.com#";"Reston";"01/02/2021";"4";"Hexacopter Drone Blueprint";"8.99";"Blueprints";"35.96"
"mbermingham2d@php.net#mailto:mbermingham2d@php.net#";"Chico";"01/03/2020";"3";"BYOD-300";"89";"Drone Kits";"267"
"hjammeqo@comcast.net#mailto:hjammeqo@comcast.net#";"Santa Rosa";"01/03/2020";"4";"Creature Robot Arms Blueprint";"12";"Blueprints";"48"
"dhoultek@exblog.jp#mailto:dhoultek@exblog.jp#";"Los Angeles";"01/03/2020";"3";"RCB-889 Robot";"549";"Robots";"1647"
"wkilcullenij@canalblog.com#mailto:wkilcullenij@canalblog.com#";"Lancaster";"01/03/2020";"3";"Helicopter Drones";"20.95";"eBooks";"62.849999999999994"
"ecleworthcq@hp.com#mailto:ecleworthcq@hp.com#";"Columbus";"01/03/2020";"2";"BYOR-1500";"189";"Robot Kits";"378"
"ggheorghieox@washingtonpost.com#mailto:ggheorghieox@washingtonpost.com#";"Houston";"01/03/2021";"2";"BYOD-500";"167";"Drone Kits";"334"
"jspurettt@exblog.jp#mailto:jspurettt@exblog.jp#";"Columbus";"01/03/2021";"3";"Drone Video Techniques";"37.99";"Training Videos";"113.97"
"ddrysdalej8@ucoz.com#mailto:ddrysdalej8@ucoz.com#";"Greenville";"01/03/2021";"3";"BYOD-500";"167";"Drone Kits";"501"
"mmenlovelb@sbwire.com#mailto:mmenlovelb@sbwire.com#";"Fresno";"01/03/2021";"5";"BYOD-400S";"129.95";"Drone Kits";"649.75"
"mlillford24@yelp.com#mailto:mlillford24@yelp.com#";"Toledo";"01/03/2021";"2";"DTD-7000 Drone";"450";"Drones";"900"
"awalklott49@independent.co.uk#mailto:awalklott49@independent.co.uk#";"Tuscaloosa";"01/03/2021";"2";"DC-304 Drone";"395";"Drones";"790"
"vrennocks5n@ow.ly#mailto:vrennocks5n@ow.ly#";"Evansville";"01/03/2021";"4";"RCB-889 Robot";"549";"Robots";"2196"
"sojf@businessinsider.com#mailto:sojf@businessinsider.com#";"Omaha";"01/03/2021";"4";"BYOD-300";"89";"Drone Kits";"356"
"alockleyn8@behance.net#mailto:alockleyn8@behance.net#";"Dayton";"01/03/2021";"4";"DTI-84 Drone";"455";"Drones";"1820"
"pemlochdy@ebay.co.uk#mailto:pemlochdy@ebay.co.uk#";"Provo";"01/04/2020";"3";"Sleepy Eye Blueprint";"11.99";"Blueprints";"35.97"
"bwansburyfy@cbsnews.com#mailto:bwansburyfy@cbsnews.com#";"Manchester";"01/04/2020";"2";"RCB-889 Robot";"549";"Robots";"1098"
"jhamblington1j@omniture.com#mailto:jhamblington1j@omniture.com#";"Macon";"01/04/2020";"1";"BYOD-400S";"129.95";"Drone Kits";"129.95"
"ysabathe34@wired.com#mailto:ysabathe34@wired.com#";"Huntington";"01/04/2020";"3";"BYOD-500";"167";"Drone Kits";"501"
"aandrosikl8@twitter.com#mailto:aandrosikl8@twitter.com#";"Atlanta";"01/04/2020";"3";"Sleepy Eye Blueprint";"11.99";"Blueprints";"35.97"
"rchristoffelw@so-net.ne.jp#mailto:rchristoffelw@so-net.ne.jp#";"Baltimore";"01/04/2020";"1";"Understanding Automation";"44.95";"Training Videos";"44.95"
"bcollyal@netvibes.com#mailto:bcollyal@netvibes.com#";"Pensacola";"01/04/2020";"1";"Single Rotor Drones";"14.99";"eBooks";"14.99"
"dorhrtjc@sciencedaily.com#mailto:dorhrtjc@sciencedaily.com#";"Pueblo";"01/04/2020";"5";"Cartesian Robots";"12.99";"eBooks";"64.95"
"gscandretta4@printfriendly.com#mailto:gscandretta4@printfriendly.com#";"Lexington";"01/04/2020";"5";"MICR-564K Drone";"499";"Drones";"2495"
"klornsenhy@is.gd#mailto:klornsenhy@is.gd#";"Cincinnati";"01/04/2020";"5";"Photograph Drones";"14.99";"eBooks";"74.95"
"rslocombbh@wunderground.com#mailto:rslocombbh@wunderground.com#";"Appleton";"01/04/2021";"5";"Sleepy Eye Blueprint";"11.99";"Blueprints";"59.95"
"sheis9c@blogtalkradio.com#mailto:sheis9c@blogtalkradio.com#";"Denver";"01/04/2021";"6";"BYOD-300";"89";"Drone Kits";"534"
"jaucourteen@imageshack.us#mailto:jaucourteen@imageshack.us#";"Tacoma";"01/04/2021";"1";"Virtual Reality Basics";"29.99";"Training Videos";"29.99"
"hsparkebr@odnoklassniki.ru#mailto:hsparkebr@odnoklassniki.ru#";"Augusta";"01/04/2021";"5";"RXW-9807 Robot";"599";"Robots";"2995"
"cklemenzmn@ezinearticles.com#mailto:cklemenzmn@ezinearticles.com#";"Oakland";"01/04/2021";"3";"BYOD-220";"69";"Drone Kits";"207"
"vpurveykv@w3.org#mailto:vpurveykv@w3.org#";"Portland";"01/05/2020";"2";"Sleepy Eye Blueprint";"11.99";"Blueprints";"23.98"
"mkeysp4@gizmodo.com#mailto:mkeysp4@gizmodo.com#";"San Bernardino";"01/05/2020";"2";"BYOD-500";"167";"Drone Kits";"334"
"samblerrf@dagondesign.com#mailto:samblerrf@dagondesign.com#";"Pittsburgh";"01/05/2021";"3";"Virtual Reality Basics";"29.99";"Training Videos";"89.97"
"tpistol34@mashable.com#mailto:tpistol34@mashable.com#";"Scranton";"01/05/2021";"1";"Understanding Arduino";"17.5";"eBooks";"17.5"
"bdunseathai@cisco.com#mailto:bdunseathai@cisco.com#";"Dallas";"01/05/2021";"6";"Delta Robots";"16.99";"eBooks";"101.94"
"eandrejevic2i@people.com.cn#mailto:eandrejevic2i@people.com.cn#";"Birmingham";"01/05/2021";"4";"Mapping with Drones";"49";"Training Videos";"196"
"bwooffr4@printfriendly.com#mailto:bwooffr4@printfriendly.com#";"Charleston";"01/05/2021";"5";"Panda Robot Blueprint";"7.99";"Blueprints";"39.95"
"kkneathqp@spotify.com#mailto:kkneathqp@spotify.com#";"San Antonio";"01/05/2021";"4";"Fixed Wing Drones";"15.5";"eBooks";"62"
"jbestwerthick7n@sciencedaily.com#mailto:jbestwerthick7n@sciencedaily.com#";"Mobile";"01/05/2021";"5";"Understanding Artificial Intelligence";"19.5";"eBooks";"97.5"
"hcapponer8k@deviantart.com#mailto:hcapponer8k@deviantart.com#";"Los Angeles";"01/05/2021";"4";"Understanding Drone Regulations";"27.5";"Training Videos";"110"
"cansty8j@oaic.gov.au#mailto:cansty8j@oaic.gov.au#";"Jacksonville";"01/06/2020";"3";"Bsquare Robot Blueprint";"8.99";"Blueprints";"26.97"
"ssabbatier5w@mediafire.com#mailto:ssabbatier5w@mediafire.com#";"Rochester";"01/06/2020";"3";"BYOD-550";"179";"Drone Kits";"537"
"nyersonp5@mlb.com#mailto:nyersonp5@mlb.com#";"Lafayette";"01/06/2020";"5";"Fixed Wing Drones";"15.5";"eBooks";"77.5"
"jwoodiercp@netlog.com#mailto:jwoodiercp@netlog.com#";"Saint Petersburg";"01/06/2020";"2";"BYOR-2640S";"189";"Robot Kits";"378"
"bleek@creativecommons.org#mailto:bleek@creativecommons.org#";"Memphis";"01/06/2020";"5";"BYOD-350";"89.95";"Drone Kits";"449.75"
"dtawtonh@prweb.com#mailto:dtawtonh@prweb.com#";"Las Cruces";"01/06/2021";"6";"Sleepy Eye Blueprint";"11.99";"Blueprints";"71.94"
"ddonoherh2@joomla.org#mailto:ddonoherh2@joomla.org#";"Dallas";"01/06/2021";"1";"DTD-7000 Drone";"450";"Drones";"450"
"akitchenhamga@tripadvisor.com#mailto:akitchenhamga@tripadvisor.com#";"Detroit";"01/06/2021";"1";"Understanding Arduino";"17.5";"eBooks";"17.5"
"jseelerok@odnoklassniki.ru#mailto:jseelerok@odnoklassniki.ru#";"Salt Lake City";"01/06/2021";"3";"Cat Robot Blueprint";"4.99";"Blueprints";"14.97"
"tbodocs2@tumblr.com#mailto:tbodocs2@tumblr.com#";"Myrtle Beach";"01/06/2021";"3";"Industrial 3D Printing";"49";"Training Videos";"147"
"jmilbyft@flavors.me#mailto:jmilbyft@flavors.me#";"Roanoke";"01/07/2020";"3";"BYOR-1000";"189";"Robot Kits";"567"
"lcreagh2h@weather.com#mailto:lcreagh2h@weather.com#";"Brea";"01/07/2020";"4";"BYOR-1000";"189";"Robot Kits";"756"
"shinged4@ustream.tv#mailto:shinged4@ustream.tv#";"Spokane";"01/07/2020";"5";"Delivery Drones";"14.99";"eBooks";"74.95"
"aloniep3@pinterest.com#mailto:aloniep3@pinterest.com#";"Bellevue";"01/07/2020";"4";"BYOD-200";"58.95";"Drone Kits";"235.8"
"btoothillfo@ezinearticles.com#mailto:btoothillfo@ezinearticles.com#";"Houston";"01/07/2020";"6";"DA-SA702 Drone";"399";"Drones";"2394"
"bdaniely5s@histats.com#mailto:bdaniely5s@histats.com#";"Corpus Christi";"01/07/2020";"4";"RWW-75 Robot";"883";"Robots";"3532"
"jrobus9b@miitbeian.gov.cn#mailto:jrobus9b@miitbeian.gov.cn#";"Colorado Springs";"01/07/2021";"3";"Ladybug Robot Blueprint";"12";"Blueprints";"36"
"ajeppsjo@skype.com#mailto:ajeppsjo@skype.com#";"Philadelphia";"01/07/2021";"2";"BYOR-3000";"214";"Robot Kits";"428"
"fbrignalll3@google.com.au#mailto:fbrignalll3@google.com.au#";"El Paso";"01/07/2021";"3";"Helicopter Drones";"20.95";"eBooks";"62.849999999999994"
"hbamletr9@google.nl#mailto:hbamletr9@google.nl#";"Sioux City";"01/07/2021";"2";"AI for Educators";"49.95";"Training Videos";"99.9"
"imacgillreichfg@ucoz.ru#mailto:imacgillreichfg@ucoz.ru#";"Fort Myers";"01/07/2021";"2";"Helicopter Drones";"20.95";"eBooks";"41.9"
"kquartermainmp@ning.com#mailto:kquartermainmp@ning.com#";"Portsmouth";"01/07/2021";"1";"Articulated Robots";"23.99";"eBooks";"23.99"
"jscaddenpz@dot.gov#mailto:jscaddenpz@dot.gov#";"San Bernardino";"01/07/2021";"2";"BYOR-3000";"214";"Robot Kits";"428"
"gcoopeydc@samsung.com#mailto:gcoopeydc@samsung.com#";"Atlanta";"01/07/2021";"4";"Understanding Artificial Intelligence";"19.5";"eBooks";"78"
"akieranps@naver.com#mailto:akieranps@naver.com#";"Birmingham";"01/07/2021";"5";"Understanding Raspberry PI";"28.99";"Training Videos";"144.95"
"jbrecknockhr@youtube.com#mailto:jbrecknockhr@youtube.com#";"Brooklyn";"01/08/2020";"3";"DTI-84 Drone";"455";"Drones";"1365"
"kduesbury8d@tripod.com#mailto:kduesbury8d@tripod.com#";"Seattle";"01/08/2020";"2";"Ladybug Robot Blueprint";"12";"Blueprints";"24"
"tblaydon36@wsj.com#mailto:tblaydon36@wsj.com#";"Albuquerque";"01/08/2021";"3";"Understanding 3D Printing";"42.99";"Training Videos";"128.97"
"jdallisongf@foxnews.com#mailto:jdallisongf@foxnews.com#";"New Orleans";"01/08/2021";"2";"DX-145 Drone";"250";"Drones";"500"
"tderrington6x@mit.edu#mailto:tderrington6x@mit.edu#";"Daytona Beach";"01/08/2021";"2";"Building Your First Robot";"24.95";"eBooks";"49.9"
"bdearlovefl@yelp.com#mailto:bdearlovefl@yelp.com#";"Greensboro";"01/08/2021";"4";"AI for Educators";"49.95";"Training Videos";"199.8"
"ejurzykpb@sciencedaily.com#mailto:ejurzykpb@sciencedaily.com#";"Washington";"01/08/2021";"6";"RWW-75 Robot";"883";"Robots";"5298"
"qgowlanddn@jalbum.net#mailto:qgowlanddn@jalbum.net#";"Fort Smith";"01/09/2020";"4";"Hexacopter Drone Blueprint";"8.99";"Blueprints";"35.96"
"alockleyn8@behance.net#mailto:alockleyn8@behance.net#";"Dayton";"01/09/2020";"3";"DTE-QFN20 Drone";"250";"Drones";"750"
"ddunsmorehu@deliciousdays.com#mailto:ddunsmorehu@deliciousdays.com#";"Knoxville";"01/09/2020";"3";"Cartesian Robots";"12.99";"eBooks";"38.97"
"cpoole8a@europa.eu#mailto:cpoole8a@europa.eu#";"Baltimore";"01/09/2020";"6";"BYOD-350";"89.95";"Drone Kits";"539.7"
"shellcatj9@economist.com#mailto:shellcatj9@economist.com#";"Fresno";"01/09/2020";"2";"GPS Drones";"19.99";"eBooks";"39.98"
"ghaddock54@live.com#mailto:ghaddock54@live.com#";"North Little Rock";"01/09/2020";"5";"GPS Drones";"19.99";"eBooks";"99.94999999999999"
"afanning12@dmoz.org#mailto:afanning12@dmoz.org#";"Arlington";"01/09/2020";"3";"GPS Drones";"19.99";"eBooks";"59.97"
"glaguerrej6@ftc.gov#mailto:glaguerrej6@ftc.gov#";"Winston Salem";"01/09/2020";"3";"All Eyes Drone Blueprint";"9.99";"Blueprints";"29.97"
"nhullbrooklj@accuweather.com#mailto:nhullbrooklj@accuweather.com#";"Irvine";"01/09/2020";"5";"Building Your Own Drone";"24.99";"eBooks";"124.94999999999999"
"kagiolfingeri2@reverbnation.com#mailto:kagiolfingeri2@reverbnation.com#";"Littleton";"01/09/2020";"3";"RCB-889 Robot";"549";"Robots";"1647"
"rscoinesk6@blogspot.com#mailto:rscoinesk6@blogspot.com#";"Madison";"01/09/2020";"3";"MICR-23K Robot";"899";"Robots";"2697"
"dgaiter2k@va.gov#mailto:dgaiter2k@va.gov#";"Albany";"01/09/2021";"4";"MICR-23K Robot";"899";"Robots";"3596"
"ncordayee@boston.com#mailto:ncordayee@boston.com#";"Philadelphia";"01/09/2021";"3";"Bsquare Robot Blueprint";"8.99";"Blueprints";"26.97"
"bblodgdr@webs.com#mailto:bblodgdr@webs.com#";"Trenton";"01/09/2021";"4";"Ladybug Robot Blueprint";"12";"Blueprints";"48"
"tbelbin3b@is.gd#mailto:tbelbin3b@is.gd#";"Berkeley";"01/09/2021";"5";"Mapping with Drones";"49";"Training Videos";"245"
"apurchonep@live.com#mailto:apurchonep@live.com#";"London";"01/09/2021";"2";"MICR-564K Drone";"499";"Drones";"998"
"iromer51@merriam-webster.com#mailto:iromer51@merriam-webster.com#";"Wilmington";"01/10/2020";"4";"BYOR-4005";"245";"Robot Kits";"980"
"nguionk1@artisteer.com#mailto:nguionk1@artisteer.com#";"Sacramento";"01/10/2020";"3";"BYOD-400";"119";"Drone Kits";"357"
"fbarnsdaleea@stanford.edu#mailto:fbarnsdaleea@stanford.edu#";"Honolulu";"01/10/2020";"2";"Spherical Robots";"16.75";"eBooks";"33.5"
"gbeadel7t@spiegel.de#mailto:gbeadel7t@spiegel.de#";"Durham";"01/10/2020";"3";"BYOD-300";"89";"Drone Kits";"267"
"hfurnivall1@bing.com#mailto:hfurnivall1@bing.com#";"Round Rock";"01/10/2021";"2";"Understanding Artificial Intelligence";"19.5";"eBooks";"39"
"bhaycock23@kickstarter.com#mailto:bhaycock23@kickstarter.com#";"Sioux Falls";"01/10/2021";"3";"BYOD-350";"89.95";"Drone Kits";"269.85"
"ckiesselg6@state.tx.us#mailto:ckiesselg6@state.tx.us#";"Melbourne";"01/11/2020";"4";"Industrial 3D Printing";"49";"Training Videos";"196"
"bsoalqt@chicagotribune.com#mailto:bsoalqt@chicagotribune.com#";"Durham";"01/11/2020";"4";"Aerial Security";"36.99";"Training Videos";"147.96"
"datwood4f@diigo.com#mailto:datwood4f@diigo.com#";"Washington";"01/11/2021";"2";"BYOR-3535";"225";"Robot Kits";"450"
"ctusonh0@hc360.com#mailto:ctusonh0@hc360.com#";"New Orleans";"01/11/2021";"4";"Sleepy Eye Blueprint";"11.99";"Blueprints";"47.96"
"iorth45@odnoklassniki.ru#mailto:iorth45@odnoklassniki.ru#";"Anaheim";"01/11/2021";"5";"Building Your First Robot";"24.95";"eBooks";"124.75"
"tcharette2c@google.com.br#mailto:tcharette2c@google.com.br#";"Akron";"01/11/2021";"4";"DX-145 Drone";"250";"Drones";"1000"
"mbaudinoav@about.com#mailto:mbaudinoav@about.com#";"Washington";"01/11/2021";"2";"Robotic Essentials";"34.99";"Training Videos";"69.98"
"aouldip@reference.com#mailto:aouldip@reference.com#";"Port Charlotte";"01/11/2021";"3";"BYOD-100";"54";"Drone Kits";"162"
"aglendzafn@istockphoto.com#mailto:aglendzafn@istockphoto.com#";"San Diego";"01/12/2020";"2";"BYOD-500";"167";"Drone Kits";"334"
"jvollamlt@cam.ac.uk#mailto:jvollamlt@cam.ac.uk#";"El Paso";"01/12/2020";"2";"Understanding Artificial Intelligence";"19.5";"eBooks";"39"
"jhectores@geocities.com#mailto:jhectores@geocities.com#";"Fresno";"01/12/2020";"5";"Cartesian Robots";"12.99";"eBooks";"64.95"
"babrahamssonje@twitter.com#mailto:babrahamssonje@twitter.com#";"Philadelphia";"01/12/2021";"5";"Understanding Raspberry PI";"28.99";"Training Videos";"144.95"
"aguiongo@behance.net#mailto:aguiongo@behance.net#";"Houston";"02/01/2020";"2";"BYOR-2640S";"189";"Robot Kits";"378"
"ksteershp@ameblo.jp#mailto:ksteershp@ameblo.jp#";"San Diego";"02/01/2020";"1";"Understanding Automation";"44.95";"Training Videos";"44.95"
"lgatenbyel@quantcast.com#mailto:lgatenbyel@quantcast.com#";"Des Moines";"02/01/2020";"2";"Drone Video Techniques";"37.99";"Training Videos";"75.98"
"jcolthurstgu@cbsnews.com#mailto:jcolthurstgu@cbsnews.com#";"Sacramento";"02/01/2020";"2";"DTE-QFN20 Drone";"250";"Drones";"500"
"gmirrlees4v@state.tx.us#mailto:gmirrlees4v@state.tx.us#";"Washington";"02/01/2020";"2";"BYOR-2640S";"189";"Robot Kits";"378"
"jzellick84@ustream.tv#mailto:jzellick84@ustream.tv#";"Washington";"02/01/2020";"5";"BYOD-100";"54";"Drone Kits";"270"
"ohalbardv@booking.com#mailto:ohalbardv@booking.com#";"Birmingham";"02/01/2020";"3";"Fixed Wing Drones";"15.5";"eBooks";"46.5"
"akingaby78@deviantart.com#mailto:akingaby78@deviantart.com#";"West Palm Beach";"02/01/2020";"2";"Ladybug Robot Blueprint";"12";"Blueprints";"24"
"croylede@dot.gov#mailto:croylede@dot.gov#";"Virginia Beach";"02/01/2020";"2";"BYOR-3000";"214";"Robot Kits";"428"
"mstaines96@mail.ru#mailto:mstaines96@mail.ru#";"Pasadena";"02/01/2021";"2";"GPS Drones";"19.99";"eBooks";"39.98"
"apurchonep@live.com#mailto:apurchonep@live.com#";"London";"02/01/2021";"4";"DTE-QFN20 Drone";"250";"Drones";"1000"
"cgentreauj5@ftc.gov#mailto:cgentreauj5@ftc.gov#";"Tulsa";"02/01/2021";"1";"BYOR-1500";"189";"Robot Kits";"189"
"bshillingtonn7@imageshack.us#mailto:bshillingtonn7@imageshack.us#";"El Paso";"02/01/2021";"3";"Bsquare Robot Blueprint";"8.99";"Blueprints";"26.97"
"achristolqa@networksolutions.com#mailto:achristolqa@networksolutions.com#";"Charleston";"02/02/2020";"5";"Hexacopter Drone Blueprint";"8.99";"Blueprints";"44.95"
"fbrignalll3@google.com.au#mailto:fbrignalll3@google.com.au#";"El Paso";"02/02/2020";"5";"Hexacopter Drone Blueprint";"8.99";"Blueprints";"44.95"
"gdaspark4@unesco.org#mailto:gdaspark4@unesco.org#";"Birmingham";"02/02/2020";"4";"Sleepy Eye Blueprint";"11.99";"Blueprints";"47.96"
"eworleyef@imdb.com#mailto:eworleyef@imdb.com#";"Columbus";"02/02/2020";"2";"Panda Robot Blueprint";"7.99";"Blueprints";"15.98"
"cdroghanpg@over-blog.com#mailto:cdroghanpg@over-blog.com#";"Tacoma";"02/02/2020";"5";"Helicopter Drones";"20.95";"eBooks";"104.75"
"cgillionm7@cdc.gov#mailto:cgillionm7@cdc.gov#";"Houston";"02/02/2020";"2";"RCB-889 Robot";"549";"Robots";"1098"
"cmelettifh@tripadvisor.com#mailto:cmelettifh@tripadvisor.com#";"Waterloo";"02/02/2021";"3";"Delta Robots";"16.99";"eBooks";"50.97"
"mjoberneh5@cam.ac.uk#mailto:mjoberneh5@cam.ac.uk#";"Houston";"02/02/2021";"2";"Cat Robot Blueprint";"4.99";"Blueprints";"9.98"
"jmcmanamenex@indiegogo.com#mailto:jmcmanamenex@indiegogo.com#";"San Antonio";"02/02/2021";"5";"GPS Drones";"19.99";"eBooks";"99.94999999999999"
"abyrthrb@mac.com#mailto:abyrthrb@mac.com#";"Corpus Christi";"02/02/2021";"5";"BYOD-220";"69";"Drone Kits";"345"
"vrennocks5n@ow.ly#mailto:vrennocks5n@ow.ly#";"Evansville";"02/03/2020";"4";"BYOR-1000";"189";"Robot Kits";"756"
"gsweeting7t@w3.org#mailto:gsweeting7t@w3.org#";"Silver Spring";"02/03/2020";"4";"DTD-7000 Drone";"450";"Drones";"1800"
"acristoferid8@bigcartel.com#mailto:acristoferid8@bigcartel.com#";"Simi Valley";"02/03/2020";"2";"Drone Video Techniques";"37.99";"Training Videos";"75.98"
"pleberkj@sitemeter.com#mailto:pleberkj@sitemeter.com#";"Billings";"02/03/2020";"2";"Delta Robots";"16.99";"eBooks";"33.98"
"nkippax2j@auda.org.au#mailto:nkippax2j@auda.org.au#";"Washington";"02/03/2020";"5";"BYOD-350";"89.95";"Drone Kits";"449.75"
"eblackader1@timesonline.co.uk#mailto:eblackader1@timesonline.co.uk#";"Stockton";"02/03/2020";"2";"BYOD-200";"58.95";"Drone Kits";"117.9"
"mheaps55@usatoday.com#mailto:mheaps55@usatoday.com#";"Saint Paul";"02/03/2020";"2";"Sleepy Eye Blueprint";"11.99";"Blueprints";"23.98"
"jmckirtonb6@merriam-webster.com#mailto:jmckirtonb6@merriam-webster.com#";"Kansas City";"02/03/2020";"5";"QuadroCopter Blueprint";"10.99";"Blueprints";"54.95"
"mswabye5@time.com#mailto:mswabye5@time.com#";"Minneapolis";"02/03/2020";"4";"DTE-QFN20 Drone";"250";"Drones";"1000"
"hwissbypy@msu.edu#mailto:hwissbypy@msu.edu#";"Chicago";"02/03/2021";"4";"Sleepy Eye Blueprint";"11.99";"Blueprints";"47.96"
"iduredengd@github.com#mailto:iduredengd@github.com#";"Pittsburgh";"02/03/2021";"4";"Aerial Security";"36.99";"Training Videos";"147.96"
"owisbeyr9@microsoft.com#mailto:owisbeyr9@microsoft.com#";"Carol Stream";"02/03/2021";"3";"BYOR-3535";"225";"Robot Kits";"675"
"torsman16@quantcast.com#mailto:torsman16@quantcast.com#";"Muncie";"02/03/2021";"2";"Industrial 3D Printing";"49";"Training Videos";"98"
"fsteersiy@hatena.ne.jp#mailto:fsteersiy@hatena.ne.jp#";"Cincinnati";"02/04/2020";"3";"Cloud Computing";"29.99";"Training Videos";"89.97"
"lormesn9@smh.com.au#mailto:lormesn9@smh.com.au#";"Carol Stream";"02/04/2020";"5";"RLK-9920 Robot";"699";"Robots";"3495"
"fbendle6o@cbc.ca#mailto:fbendle6o@cbc.ca#";"Dallas";"02/04/2020";"4";"Industrial 3D Printing";"49";"Training Videos";"196"
"yharrisck@google.co.jp#mailto:yharrisck@google.co.jp#";"Louisville";"02/04/2021";"5";"BYOR-3000";"214";"Robot Kits";"1070"
"polivio2@ft.com#mailto:polivio2@ft.com#";"Sacramento";"02/04/2021";"5";"DX-145 Drone";"250";"Drones";"1250"
"ghaethj@npr.org#mailto:ghaethj@npr.org#";"Seattle";"02/04/2021";"5";"DTI-84 Drone";"455";"Drones";"2275"
"ozoellner21@mediafire.com#mailto:ozoellner21@mediafire.com#";"Peoria";"02/04/2021";"2";"AI for Educators";"49.95";"Training Videos";"99.9"
"clanneyiu@imdb.com#mailto:clanneyiu@imdb.com#";"Canton";"02/04/2021";"5";"Multi Rotor Drones";"24.95";"eBooks";"124.75"
"ddunsmorehu@deliciousdays.com#mailto:ddunsmorehu@deliciousdays.com#";"Knoxville";"02/04/2021";"4";"Building Your Own Drone";"24.99";"eBooks";"99.96"
"hdocwradl@discuz.net#mailto:hdocwradl@discuz.net#";"Denver";"02/04/2021";"5";"Ladybug Robot Blueprint";"12";"Blueprints";"60"
"eclemenzih0@rediff.com#mailto:eclemenzih0@rediff.com#";"Great Neck";"02/04/2021";"5";"RLK-9920 Robot";"699";"Robots";"3495"
"zsarrell9r@jugem.jp#mailto:zsarrell9r@jugem.jp#";"Charlotte";"02/04/2021";"3";"Delivery Drones";"14.99";"eBooks";"44.97"
"dwhittingtoncz@mozilla.org#mailto:dwhittingtoncz@mozilla.org#";"Huntsville";"02/04/2021";"5";"Building Your Own Drone";"24.99";"eBooks";"124.94999999999999"
"mlillford24@yelp.com#mailto:mlillford24@yelp.com#";"Toledo";"02/04/2021";"3";"Spherical Robots";"16.75";"eBooks";"50.25"
"samblerrf@dagondesign.com#mailto:samblerrf@dagondesign.com#";"Pittsburgh";"02/05/2020";"2";"DTI-84 Drone";"455";"Drones";"910"
"mmanske7c@amazonaws.com#mailto:mmanske7c@amazonaws.com#";"Brockton";"02/05/2021";"2";"Understanding Raspberry PI";"28.99";"Training Videos";"57.98"
"fneate3a@tinyurl.com#mailto:fneate3a@tinyurl.com#";"Bakersfield";"02/05/2021";"5";"BYOR-3000";"214";"Robot Kits";"1070"
"bsheerinu@php.net#mailto:bsheerinu@php.net#";"San Luis Obispo";"02/05/2021";"4";"Cloud Computing";"29.99";"Training Videos";"119.96"
"dpabelik52@lulu.com#mailto:dpabelik52@lulu.com#";"Jacksonville";"02/05/2021";"4";"Polar Robots";"23.99";"eBooks";"95.96"
"egorettilc@spiegel.de#mailto:egorettilc@spiegel.de#";"Fairfield";"02/05/2021";"3";"RLK-9920 Robot";"699";"Robots";"2097"
"nkippax2j@auda.org.au#mailto:nkippax2j@auda.org.au#";"Washington";"02/05/2021";"3";"DA-SA702 Drone";"399";"Drones";"1197"
"ecasaleql@nhs.uk#mailto:ecasaleql@nhs.uk#";"New Orleans";"02/06/2020";"3";"Understanding Raspberry PI";"28.99";"Training Videos";"86.97"
"swinear7e@reddit.com#mailto:swinear7e@reddit.com#";"Valley Forge";"02/06/2020";"2";"Virtual Reality Basics";"29.99";"Training Videos";"59.98"
"dotteyf0@scribd.com#mailto:dotteyf0@scribd.com#";"Aiken";"02/06/2020";"4";"QuadroCopter Blueprint";"10.99";"Blueprints";"43.96"
"cmcgaherncd@ucoz.ru#mailto:cmcgaherncd@ucoz.ru#";"Minneapolis";"02/06/2020";"5";"BYOD-550";"179";"Drone Kits";"895"
"jcleatonh1@bandcamp.com#mailto:jcleatonh1@bandcamp.com#";"New York City";"02/06/2020";"4";"DTE-QFN20 Drone";"250";"Drones";"1000"
"tstockings94@opera.com#mailto:tstockings94@opera.com#";"Flint";"02/06/2020";"4";"Understanding Automation";"44.95";"Training Videos";"179.8"
"hstainfieldqj@163.com#mailto:hstainfieldqj@163.com#";"Memphis";"02/06/2020";"1";"MICR-23K Robot";"899";"Robots";"899"
"gbrunigesq5@soup.io#mailto:gbrunigesq5@soup.io#";"Winston Salem";"02/06/2020";"2";"BYOD-200";"58.95";"Drone Kits";"117.9"
"cperrittov@homestead.com#mailto:cperrittov@homestead.com#";"Atlanta";"02/06/2020";"1";"AI for Educators";"49.95";"Training Videos";"49.95"
"hdarwentx@csmonitor.com#mailto:hdarwentx@csmonitor.com#";"Arlington";"02/06/2020";"3";"RQTE-554 Robot";"684";"Robots";"2052"
"estafffz@ehow.com#mailto:estafffz@ehow.com#";"Honolulu";"02/06/2020";"4";"Cartesian Robots";"12.99";"eBooks";"51.96"
"nshillabeerle@skype.com#mailto:nshillabeerle@skype.com#";"Atlanta";"02/06/2021";"3";"MICR-23K Robot";"899";"Robots";"2697"
"bhabben33@ftc.gov#mailto:bhabben33@ftc.gov#";"San Antonio";"02/06/2021";"1";"DTI-84 Drone";"455";"Drones";"455"
"lteal2l@cbc.ca#mailto:lteal2l@cbc.ca#";"Schenectady";"02/06/2021";"2";"Single Rotor Drones";"14.99";"eBooks";"29.98"
"bsambeck4f@wisc.edu#mailto:bsambeck4f@wisc.edu#";"San Antonio";"02/06/2021";"4";"BYOD-350";"89.95";"Drone Kits";"359.8"
"rlargefw@about.com#mailto:rlargefw@about.com#";"Berkeley";"02/07/2020";"5";"Hexacopter Drone Blueprint";"8.99";"Blueprints";"44.95"
"dkeasymh@boston.com#mailto:dkeasymh@boston.com#";"Phoenix";"02/07/2020";"4";"Polar Robots";"23.99";"eBooks";"95.96"
"cpala1d@mysql.com#mailto:cpala1d@mysql.com#";"Davenport";"02/07/2020";"5";"Industrial 3D Printing";"49";"Training Videos";"245"
"ipridenn5@cocolog-nifty.com#mailto:ipridenn5@cocolog-nifty.com#";"Atlanta";"02/07/2020";"6";"All Eyes Drone Blueprint";"9.99";"Blueprints";"59.94"
"ahawksleea7@hubpages.com#mailto:ahawksleea7@hubpages.com#";"Dayton";"02/07/2020";"4";"Drone Building Essentials";"13.99";"eBooks";"55.96"
"rprimak91@imageshack.us#mailto:rprimak91@imageshack.us#";"Reno";"02/07/2021";"2";"Virtual Reality Basics";"29.99";"Training Videos";"59.98"
"hwimesbb@deviantart.com#mailto:hwimesbb@deviantart.com#";"Miami";"02/07/2021";"5";"Delivery Drones";"14.99";"eBooks";"74.95"
"ahardym@soup.io#mailto:ahardym@soup.io#";"Madison";"02/07/2021";"2";"Robotic Essentials";"34.99";"Training Videos";"69.98"
"bfeenanej@hc360.com#mailto:bfeenanej@hc360.com#";"Shreveport";"02/08/2020";"4";"Creature Robot Arms Blueprint";"12";"Blueprints";"48"
"dshalloo5i@redcross.org#mailto:dshalloo5i@redcross.org#";"Yakima";"02/08/2020";"3";"BYOD-500";"167";"Drone Kits";"501"
"pwallworke9@blogs.com#mailto:pwallworke9@blogs.com#";"Lawrenceville";"02/08/2021";"5";"Hexacopter Drone Blueprint";"8.99";"Blueprints";"44.95"
"kbrewittgf@mac.com#mailto:kbrewittgf@mac.com#";"Flint";"02/08/2021";"4";"QuadroCopter Blueprint";"10.99";"Blueprints";"43.96"
"abreewoodmm@studiopress.com#mailto:abreewoodmm@studiopress.com#";"Oklahoma City";"02/08/2021";"4";"QuadroCopter Blueprint";"10.99";"Blueprints";"43.96"
"htotterdillky@wordpress.org#mailto:htotterdillky@wordpress.org#";"Fort Worth";"02/09/2020";"6";"Panda Robot Blueprint";"7.99";"Blueprints";"47.94"
"mmanske7c@amazonaws.com#mailto:mmanske7c@amazonaws.com#";"Brockton";"02/09/2020";"3";"Creature Robot Arms Blueprint";"12";"Blueprints";"36"
"ahardym@soup.io#mailto:ahardym@soup.io#";"Madison";"02/09/2020";"3";"Mapping with Drones";"49";"Training Videos";"147"
"alockleyn8@behance.net#mailto:alockleyn8@behance.net#";"Dayton";"02/09/2020";"4";"RCB-889 Robot";"549";"Robots";"2196"
"rscamblernd@dedecms.com#mailto:rscamblernd@dedecms.com#";"Albuquerque";"02/09/2020";"4";"DX-145 Drone";"250";"Drones";"1000"
"abluschkegz@narod.ru#mailto:abluschkegz@narod.ru#";"San Jose";"02/09/2020";"1";"BYOR-3535";"225";"Robot Kits";"225"
"bbuncombeqn@goodreads.com#mailto:bbuncombeqn@goodreads.com#";"Birmingham";"02/09/2020";"4";"RXW-9807 Robot";"599";"Robots";"2396"
"ssiseland5p@go.com#mailto:ssiseland5p@go.com#";"Lake Charles";"02/09/2021";"2";"Understanding Artificial Intelligence";"19.5";"eBooks";"39"
"wgallager55@drupal.org#mailto:wgallager55@drupal.org#";"Oklahoma City";"02/09/2021";"3";"BYOD-300";"89";"Drone Kits";"267"
"delnorm2@earthlink.net#mailto:delnorm2@earthlink.net#";"Peoria";"02/09/2021";"1";"Robotic Essentials";"34.99";"Training Videos";"34.99"
"cmahadyik@1und1.de#mailto:cmahadyik@1und1.de#";"San Antonio";"02/10/2020";"2";"BYOR-3535";"225";"Robot Kits";"450"
"ukopecka4h@ox.ac.uk#mailto:ukopecka4h@ox.ac.uk#";"Minneapolis";"02/10/2020";"3";"Robotic Essentials";"34.99";"Training Videos";"104.97"
"bsheerinu@php.net#mailto:bsheerinu@php.net#";"San Luis Obispo";"02/10/2020";"3";"BYOD-300";"89";"Drone Kits";"267"
"wclamptonjc@pen.io#mailto:wclamptonjc@pen.io#";"Nashville";"02/10/2020";"2";"BYOD-300";"89";"Drone Kits";"178"
"ehamprecht18@dot.gov#mailto:ehamprecht18@dot.gov#";"Nashville";"02/10/2020";"2";"AI for Educators";"49.95";"Training Videos";"99.9"
"ghaethj@npr.org#mailto:ghaethj@npr.org#";"Seattle";"02/10/2020";"3";"Panda Robot Blueprint";"7.99";"Blueprints";"23.97"
"btomczynskinw@amazon.de#mailto:btomczynskinw@amazon.de#";"Minneapolis";"02/10/2021";"4";"Aerial Security";"36.99";"Training Videos";"147.96"
"mravenscrofttap@vinaora.com#mailto:mravenscrofttap@vinaora.com#";"Omaha";"02/10/2021";"4";"MICR-564K Drone";"499";"Drones";"1996"
"godonnellal@freewebs.com#mailto:godonnellal@freewebs.com#";"Norfolk";"02/11/2020";"4";"Robotic Essentials";"34.99";"Training Videos";"139.96"
"gnewlandsc8@discuz.net#mailto:gnewlandsc8@discuz.net#";"El Paso";"02/11/2020";"6";"Panda Robot Blueprint";"7.99";"Blueprints";"47.94"
"rgemsongx@dropbox.com#mailto:rgemsongx@dropbox.com#";"Tempe";"02/11/2020";"4";"BYOR-1000";"189";"Robot Kits";"756"
"awoodruffo@techcrunch.com#mailto:awoodruffo@techcrunch.com#";"Rochester";"02/11/2020";"5";"MICR-564K Drone";"499";"Drones";"2495"
"bworsallf9@cnbc.com#mailto:bworsallf9@cnbc.com#";"Washington";"02/11/2021";"3";"Cartesian Robots";"12.99";"eBooks";"38.97"
"bknowlmanki@rediff.com#mailto:bknowlmanki@rediff.com#";"Atlanta";"02/11/2021";"3";"BYOR-2640S";"189";"Robot Kits";"567"
"bdecourcy5n@blogspot.com#mailto:bdecourcy5n@blogspot.com#";"Mobile";"02/11/2021";"6";"AI for Educators";"49.95";"Training Videos";"299.70000000000005"
"llamport2z@hatena.ne.jp#mailto:llamport2z@hatena.ne.jp#";"San Diego";"02/11/2021";"2";"Hexacopter Drone Blueprint";"8.99";"Blueprints";"17.98"
"vsitchkp@phoca.cz#mailto:vsitchkp@phoca.cz#";"Fresno";"02/12/2020";"6";"BYOD-400S";"129.95";"Drone Kits";"779.6999999999999"
"pduboself@photobucket.com#mailto:pduboself@photobucket.com#";"Sioux City";"02/12/2020";"1";"BYOR-4005";"245";"Robot Kits";"245"
"istronacki1@discuz.net#mailto:istronacki1@discuz.net#";"Sarasota";"02/12/2020";"5";"Robotic Essentials";"34.99";"Training Videos";"174.95000000000002"
"dhaddy14@slate.com#mailto:dhaddy14@slate.com#";"Wichita";"02/12/2020";"5";"Creature Robot Arms Blueprint";"12";"Blueprints";"60"
"tstockings94@opera.com#mailto:tstockings94@opera.com#";"Flint";"02/12/2020";"3";"RTF Drones";"16.99";"eBooks";"50.97"
"kbrimblecombqg@diigo.com#mailto:kbrimblecombqg@diigo.com#";"Washington";"02/12/2020";"4";"RTF Drones";"16.99";"eBooks";"67.96"
"cmcgrathn8@aol.com#mailto:cmcgrathn8@aol.com#";"Baton Rouge";"02/12/2021";"3";"DTI-84 Drone";"455";"Drones";"1365"
"jallomdj@stanford.edu#mailto:jallomdj@stanford.edu#";"Kansas City";"02/12/2021";"5";"SCARA Robots";"19.5";"eBooks";"97.5"
"etabartf5@ezinearticles.com#mailto:etabartf5@ezinearticles.com#";"Troy";"02/12/2021";"4";"DX-145 Drone";"250";"Drones";"1000"
"laylwardde@jalbum.net#mailto:laylwardde@jalbum.net#";"Dallas";"02/12/2021";"5";"RTF Drones";"16.99";"eBooks";"84.94999999999999"
"bbockhc0@jimdo.com#mailto:bbockhc0@jimdo.com#";"Torrance";"03/01/2020";"3";"BYOD-350";"89.95";"Drone Kits";"269.85"
"cciobutaru6v@netlog.com#mailto:cciobutaru6v@netlog.com#";"Charlotte";"03/01/2020";"2";"MICR-23K Robot";"899";"Robots";"1798"
"cgabrielaq@spotify.com#mailto:cgabrielaq@spotify.com#";"Stamford";"03/01/2020";"4";"DA-SA702 Drone";"399";"Drones";"1596"
"rrehm6a@yandex.ru#mailto:rrehm6a@yandex.ru#";"Green Bay";"03/01/2020";"3";"Drone Video Techniques";"37.99";"Training Videos";"113.97"
"lmccuisbj@digg.com#mailto:lmccuisbj@digg.com#";"Lawrenceville";"03/01/2021";"3";"Drone Building Essentials";"13.99";"eBooks";"41.97"
"dshalloo5i@redcross.org#mailto:dshalloo5i@redcross.org#";"Yakima";"03/01/2021";"4";"BYOR-3000";"214";"Robot Kits";"856"
"wbernolet9v@ft.com#mailto:wbernolet9v@ft.com#";"Appleton";"03/01/2021";"3";"AI for Educators";"49.95";"Training Videos";"149.85000000000002"
"amyttond7@google.es#mailto:amyttond7@google.es#";"Lawrenceville";"03/01/2021";"3";"RWW-75 Robot";"883";"Robots";"2649"
"vkirkhousecy@squidoo.com#mailto:vkirkhousecy@squidoo.com#";"Boston";"03/01/2021";"3";"Understanding 3D Printing";"42.99";"Training Videos";"128.97"
"sgeater52@mashable.com#mailto:sgeater52@mashable.com#";"Kansas City";"03/01/2021";"4";"BYOD-400";"119";"Drone Kits";"476"
"bfroomq@acquirethisname.com#mailto:bfroomq@acquirethisname.com#";"Salt Lake City";"03/02/2020";"3";"Polar Robots";"23.99";"eBooks";"71.97"
"lilyin9s@discovery.com#mailto:lilyin9s@discovery.com#";"Colorado Springs";"03/02/2020";"3";"Articulated Robots";"23.99";"eBooks";"71.97"
"ggallene1@moonfruit.com#mailto:ggallene1@moonfruit.com#";"San Antonio";"03/02/2020";"2";"BYOD-200";"58.95";"Drone Kits";"117.9"
"eanfonsipu@wunderground.com#mailto:eanfonsipu@wunderground.com#";"Orlando";"03/02/2020";"5";"RXW-9807 Robot";"599";"Robots";"2995"
"ttrowel3@joomla.org#mailto:ttrowel3@joomla.org#";"Hagerstown";"03/02/2021";"2";"Understanding Arduino";"17.5";"eBooks";"35"
"cellesgw@barnesandnoble.com#mailto:cellesgw@barnesandnoble.com#";"San Diego";"03/02/2021";"4";"Building Your Own Drone";"24.99";"eBooks";"99.96"
"owalshjg@si.edu#mailto:owalshjg@si.edu#";"Chicago";"03/03/2020";"3";"BYOR-3000";"214";"Robot Kits";"642"
"ncockettj0@ibm.com#mailto:ncockettj0@ibm.com#";"Richmond";"03/03/2020";"2";"Industrial 3D Printing";"49";"Training Videos";"98"
"afanning12@dmoz.org#mailto:afanning12@dmoz.org#";"Arlington";"03/03/2020";"5";"RWW-75 Robot";"883";"Robots";"4415"
"jhallidayrl@dell.com#mailto:jhallidayrl@dell.com#";"Portland";"03/03/2020";"3";"Delta Robots";"16.99";"eBooks";"50.97"
"mbraunstonn3@histats.com#mailto:mbraunstonn3@histats.com#";"Brooklyn";"03/03/2020";"3";"Understanding Raspberry PI";"28.99";"Training Videos";"86.97"
"ahardym@soup.io#mailto:ahardym@soup.io#";"Madison";"03/03/2020";"1";"MICR-23K Robot";"899";"Robots";"899"
"rshielcz@photobucket.com#mailto:rshielcz@photobucket.com#";"Brooklyn";"03/03/2020";"3";"RCB-889 Robot";"549";"Robots";"1647"
"jeasterop@tinypic.com#mailto:jeasterop@tinypic.com#";"Washington";"03/03/2020";"3";"DC-304 Drone";"395";"Drones";"1185"
"pjermeyqp@hugedomains.com#mailto:pjermeyqp@hugedomains.com#";"Santa Fe";"03/03/2020";"4";"Fixed Wing Drones";"15.5";"eBooks";"62"
"ahaversham6f@abc.net.au#mailto:ahaversham6f@abc.net.au#";"Oakland";"03/03/2021";"2";"RXW-9807 Robot";"599";"Robots";"1198"
"rbevirnj@blogspot.com#mailto:rbevirnj@blogspot.com#";"Houston";"03/03/2021";"2";"BYOR-3535";"225";"Robot Kits";"450"
"dbabber48@nytimes.com#mailto:dbabber48@nytimes.com#";"San Francisco";"03/03/2021";"2";"BYOD-350";"89.95";"Drone Kits";"179.9"
"cseear5f@mashable.com#mailto:cseear5f@mashable.com#";"Akron";"03/04/2020";"6";"BYOD-220";"69";"Drone Kits";"414"
"ebartelsellisll@va.gov#mailto:ebartelsellisll@va.gov#";"Rockford";"03/04/2020";"5";"All Eyes Drone Blueprint";"9.99";"Blueprints";"49.95"
"sbolgerfn@epa.gov#mailto:sbolgerfn@epa.gov#";"Sacramento";"03/04/2020";"3";"Creature Robot Arms Blueprint";"12";"Blueprints";"36"
"btissington3f@apple.com#mailto:btissington3f@apple.com#";"Dallas";"03/04/2020";"4";"DC-304 Drone";"395";"Drones";"1580"
"cvasyutin5i@wix.com#mailto:cvasyutin5i@wix.com#";"Evansville";"03/04/2020";"2";"Helicopter Drones";"20.95";"eBooks";"41.9"
"tniezen6u@symantec.com#mailto:tniezen6u@symantec.com#";"Las Vegas";"03/04/2020";"3";"BYOR-1000";"189";"Robot Kits";"567"
"kbrookesbie95@opera.com#mailto:kbrookesbie95@opera.com#";"Roanoke";"03/04/2020";"4";"RTF Drones";"16.99";"eBooks";"67.96"
"easkella0@eventbrite.com#mailto:easkella0@eventbrite.com#";"New Orleans";"03/04/2020";"1";"AI for Educators";"49.95";"Training Videos";"49.95"
"aolanda1f@cornell.edu#mailto:aolanda1f@cornell.edu#";"Johnstown";"03/04/2020";"4";"BYOD-550";"179";"Drone Kits";"716"
"dleurenpk@google.com#mailto:dleurenpk@google.com#";"Dallas";"03/04/2020";"1";"BYOR-3000";"214";"Robot Kits";"214"
"erowan6h@jigsy.com#mailto:erowan6h@jigsy.com#";"Mesquite";"03/04/2020";"5";"Delivery Drones";"14.99";"eBooks";"74.95"
"kdelleschij@howstuffworks.com#mailto:kdelleschij@howstuffworks.com#";"Columbus";"03/04/2020";"5";"DTI-84 Drone";"455";"Drones";"2275"
"abluschkegz@narod.ru#mailto:abluschkegz@narod.ru#";"San Jose";"03/04/2020";"3";"DC-304 Drone";"395";"Drones";"1185"
"bdunseathai@cisco.com#mailto:bdunseathai@cisco.com#";"Dallas";"03/04/2021";"5";"Creature Robot Arms Blueprint";"12";"Blueprints";"60"
"vnemchinovq7@wiley.com#mailto:vnemchinovq7@wiley.com#";"Temple";"03/04/2021";"1";"DTI-84 Drone";"455";"Drones";"455"
"thawkswoodbp@prweb.com#mailto:thawkswoodbp@prweb.com#";"Sacramento";"03/04/2021";"3";"Sleepy Eye Blueprint";"11.99";"Blueprints";"35.97"
"rgreening1f@webeden.co.uk#mailto:rgreening1f@webeden.co.uk#";"Amarillo";"03/04/2021";"4";"Understanding Drone Regulations";"27.5";"Training Videos";"110"
"anuschke5l@devhub.com#mailto:anuschke5l@devhub.com#";"Rochester";"03/04/2021";"2";"Building Your First Robot";"24.95";"eBooks";"49.9"
"coaks1g@gravatar.com#mailto:coaks1g@gravatar.com#";"San Bernardino";"03/05/2020";"2";"Creature Robot Arms Blueprint";"12";"Blueprints";"24"
"dshelborne6w@4shared.com#mailto:dshelborne6w@4shared.com#";"Columbus";"03/05/2020";"2";"Sleepy Eye Blueprint";"11.99";"Blueprints";"23.98"
"smcfarlan7b@chronoengine.com#mailto:smcfarlan7b@chronoengine.com#";"Orlando";"03/05/2020";"4";"Understanding Arduino";"17.5";"eBooks";"70"
"relderedmw@hubpages.com#mailto:relderedmw@hubpages.com#";"Akron";"03/05/2020";"2";"Hexacopter Drone Blueprint";"8.99";"Blueprints";"17.98"
"gtolomioo@ebay.co.uk#mailto:gtolomioo@ebay.co.uk#";"Lexington";"03/05/2021";"4";"Multi Rotor Drones";"24.95";"eBooks";"99.8"
"ubrighouse5w@elegantthemes.com#mailto:ubrighouse5w@elegantthemes.com#";"New York City";"03/05/2021";"4";"MICR-23K Robot";"899";"Robots";"3596"
"hcoultercx@sciencedaily.com#mailto:hcoultercx@sciencedaily.com#";"Inglewood";"03/05/2021";"4";"RWW-75 Robot";"883";"Robots";"3532"
"eo79@wikimedia.org#mailto:eo79@wikimedia.org#";"North Port";"03/05/2021";"3";"Polar Robots";"23.99";"eBooks";"71.97"
"dgyrgorcewicx5@1und1.de#mailto:dgyrgorcewicx5@1und1.de#";"Tulsa";"03/05/2021";"5";"BYOR-3000";"214";"Robot Kits";"1070"
"dperellihx@dagondesign.com#mailto:dperellihx@dagondesign.com#";"Fairbanks";"03/06/2020";"4";"Photograph Drones";"14.99";"eBooks";"59.96"
"wgobeauk5@un.org#mailto:wgobeauk5@un.org#";"Reno";"03/06/2020";"5";"Ladybug Robot Blueprint";"12";"Blueprints";"60"
"sdixceekl@vkontakte.ru#mailto:sdixceekl@vkontakte.ru#";"Lafayette";"03/06/2020";"1";"Understanding Automation";"44.95";"Training Videos";"44.95"
"akelwaybamber47@pinterest.com#mailto:akelwaybamber47@pinterest.com#";"Boca Raton";"03/06/2020";"4";"Delivery Drones";"14.99";"eBooks";"59.96"
"kbramelddc@tinyurl.com#mailto:kbramelddc@tinyurl.com#";"Pensacola";"03/06/2021";"3";"GPS Drones";"19.99";"eBooks";"59.97"
"ascarsbrooke6g@bloglovin.com#mailto:ascarsbrooke6g@bloglovin.com#";"Jackson";"03/06/2021";"5";"BYOD-200";"58.95";"Drone Kits";"294.75"
"mravenscrofttap@vinaora.com#mailto:mravenscrofttap@vinaora.com#";"Omaha";"03/06/2021";"1";"Robotic Essentials";"34.99";"Training Videos";"34.99"
"jnizet22@multiply.com#mailto:jnizet22@multiply.com#";"Dearborn";"03/06/2021";"5";"BYOR-1500";"189";"Robot Kits";"945"
"vhawsii@engadget.com#mailto:vhawsii@engadget.com#";"Sacramento";"03/06/2021";"5";"Sleepy Eye Blueprint";"11.99";"Blueprints";"59.95"
"iwasielaal@amazon.co.jp#mailto:iwasielaal@amazon.co.jp#";"Houston";"03/06/2021";"3";"Helicopter Drones";"20.95";"eBooks";"62.849999999999994"
"mmaccaughanak@plala.or.jp#mailto:mmaccaughanak@plala.or.jp#";"Madison";"03/07/2020";"4";"Spherical Robots";"16.75";"eBooks";"67"
"amatusevichex@pagesperso-orange.fr#mailto:amatusevichex@pagesperso-orange.fr#";"Paterson";"03/07/2020";"3";"Virtual Reality Basics";"29.99";"Training Videos";"89.97"
"stwintermanbg@e-recht24.de#mailto:stwintermanbg@e-recht24.de#";"Atlanta";"03/07/2020";"6";"BYOD-100";"54";"Drone Kits";"324"
"lmcgarveyfn@unesco.org#mailto:lmcgarveyfn@unesco.org#";"Austin";"03/07/2021";"4";"Robotic Essentials";"34.99";"Training Videos";"139.96"
"ddunsmorehu@deliciousdays.com#mailto:ddunsmorehu@deliciousdays.com#";"Knoxville";"03/07/2021";"4";"Creature Robot Arms Blueprint";"12";"Blueprints";"48"
"cblatcher2y@163.com#mailto:cblatcher2y@163.com#";"Pittsburgh";"03/07/2021";"4";"Industrial 3D Printing";"49";"Training Videos";"196"
"maldenr@g.co#mailto:maldenr@g.co#";"New Orleans";"03/07/2021";"3";"QuadroCopter Blueprint";"10.99";"Blueprints";"32.97"
"bsambeck4f@wisc.edu#mailto:bsambeck4f@wisc.edu#";"San Antonio";"03/07/2021";"2";"Cloud Computing";"29.99";"Training Videos";"59.98"
"jnewlinq9@admin.ch#mailto:jnewlinq9@admin.ch#";"Jackson";"03/07/2021";"3";"DTD-7000 Drone";"450";"Drones";"1350"
"fpow1y@mlb.com#mailto:fpow1y@mlb.com#";"Columbus";"03/08/2020";"4";"Understanding Drone Regulations";"27.5";"Training Videos";"110"
"shasnip86@qq.com#mailto:shasnip86@qq.com#";"Tucson";"03/08/2020";"4";"BYOR-4005";"245";"Robot Kits";"980"
"swinear7e@reddit.com#mailto:swinear7e@reddit.com#";"Valley Forge";"03/08/2020";"2";"Sleepy Eye Blueprint";"11.99";"Blueprints";"23.98"
"bchittyft@admin.ch#mailto:bchittyft@admin.ch#";"Huntington";"03/08/2020";"2";"Cat Robot Blueprint";"4.99";"Blueprints";"9.98"
"dtemplarnm@slideshare.net#mailto:dtemplarnm@slideshare.net#";"Newark";"03/08/2020";"4";"BYOR-3000";"214";"Robot Kits";"856"
"sibbsid@furl.net#mailto:sibbsid@furl.net#";"Pasadena";"03/08/2020";"3";"Hexacopter Drone Blueprint";"8.99";"Blueprints";"26.97"
"ehamprecht18@dot.gov#mailto:ehamprecht18@dot.gov#";"Nashville";"03/08/2020";"3";"BYOD-400S";"129.95";"Drone Kits";"389.84999999999997"
"nguionk1@artisteer.com#mailto:nguionk1@artisteer.com#";"Sacramento";"03/08/2020";"4";"Delivery Drones";"14.99";"eBooks";"59.96"
"hpeadq5@wikia.com#mailto:hpeadq5@wikia.com#";"Denver";"03/08/2020";"5";"MICR-564K Drone";"499";"Drones";"2495"
"dewbanksf0@google.es#mailto:dewbanksf0@google.es#";"Scranton";"03/08/2021";"3";"Building Your Own Drone";"24.99";"eBooks";"74.97"
"ageverpd@ft.com#mailto:ageverpd@ft.com#";"Anchorage";"03/08/2021";"3";"Open Source Code";"32.95";"Training Videos";"98.85000000000001"
"ghanlon9e@sun.com#mailto:ghanlon9e@sun.com#";"San Diego";"03/08/2021";"5";"RLK-9920 Robot";"699";"Robots";"3495"
"whumber1i@latimes.com#mailto:whumber1i@latimes.com#";"Sioux Falls";"03/08/2021";"5";"Helicopter Drones";"20.95";"eBooks";"104.75"
"tmuneelyj9@nature.com#mailto:tmuneelyj9@nature.com#";"Detroit";"03/08/2021";"3";"RCB-889 Robot";"549";"Robots";"1647"
"gcoltanha@stumbleupon.com#mailto:gcoltanha@stumbleupon.com#";"Lafayette";"03/08/2021";"3";"RQTE-554 Robot";"684";"Robots";"2052"
"rpotticaryni@tinyurl.com#mailto:rpotticaryni@tinyurl.com#";"Daytona Beach";"03/09/2020";"2";"Virtual Reality Basics";"29.99";"Training Videos";"59.98"
"kpedro46@blog.com#mailto:kpedro46@blog.com#";"Dallas";"03/09/2020";"6";"MICR-564K Drone";"499";"Drones";"2994"
"mede1c@diigo.com#mailto:mede1c@diigo.com#";"North Hollywood";"03/09/2020";"5";"Virtual Reality Basics";"29.99";"Training Videos";"149.95"
"mmeneerkx@symantec.com#mailto:mmeneerkx@symantec.com#";"Daytona Beach";"03/09/2021";"3";"BYOD-300";"89";"Drone Kits";"267"
"rdermotm7@spotify.com#mailto:rdermotm7@spotify.com#";"Washington";"03/09/2021";"5";"Sleepy Eye Blueprint";"11.99";"Blueprints";"59.95"
"fspencleyqv@posterous.com#mailto:fspencleyqv@posterous.com#";"Chicago";"03/09/2021";"5";"Cloud Computing";"29.99";"Training Videos";"149.95"
"cbassqc@cdbaby.com#mailto:cbassqc@cdbaby.com#";"Greeley";"03/09/2021";"6";"BYOR-2640S";"189";"Robot Kits";"1134"
"jdobby73@ocn.ne.jp#mailto:jdobby73@ocn.ne.jp#";"Sacramento";"03/09/2021";"3";"BYOR-3535";"225";"Robot Kits";"675"
"isorohr@symantec.com#mailto:isorohr@symantec.com#";"Sioux Falls";"03/09/2021";"4";"MICR-564K Drone";"499";"Drones";"1996"
"ejurczik1j@booking.com#mailto:ejurczik1j@booking.com#";"Fairfax";"03/10/2020";"4";"Delta Robots";"16.99";"eBooks";"67.96"
"tshaplingu@google.de#mailto:tshaplingu@google.de#";"Springfield";"03/10/2021";"4";"BYOD-500";"167";"Drone Kits";"668"
"tprideku@1688.com#mailto:tprideku@1688.com#";"Buffalo";"03/10/2021";"4";"BYOD-100";"54";"Drone Kits";"216"
"ceyersj9@usatoday.com#mailto:ceyersj9@usatoday.com#";"El Paso";"03/10/2021";"4";"Understanding Artificial Intelligence";"19.5";"eBooks";"78"
"jharborowia@rambler.ru#mailto:jharborowia@rambler.ru#";"Dayton";"03/10/2021";"2";"BYOR-1500";"189";"Robot Kits";"378"
"llamport2z@hatena.ne.jp#mailto:llamport2z@hatena.ne.jp#";"San Diego";"03/10/2021";"3";"DX-145 Drone";"250";"Drones";"750"
"acrellinm4@marketwatch.com#mailto:acrellinm4@marketwatch.com#";"Cincinnati";"03/10/2021";"3";"Bsquare Robot Blueprint";"8.99";"Blueprints";"26.97"
"tokeaveny41@fastcompany.com#mailto:tokeaveny41@fastcompany.com#";"Houston";"03/10/2021";"4";"Multi Rotor Drones";"24.95";"eBooks";"99.8"
"htidmanmv@ucla.edu#mailto:htidmanmv@ucla.edu#";"Knoxville";"03/11/2020";"4";"DX-145 Drone";"250";"Drones";"1000"
"esalwaygc@cnn.com#mailto:esalwaygc@cnn.com#";"Memphis";"03/11/2020";"2";"DTI-84 Drone";"455";"Drones";"910"
"bwaiton1@geocities.com#mailto:bwaiton1@geocities.com#";"Madison";"03/11/2020";"2";"Drone Video Techniques";"37.99";"Training Videos";"75.98"
"jsmallsgz@topsy.com#mailto:jsmallsgz@topsy.com#";"Paterson";"03/11/2020";"1";"BYOR-2640S";"189";"Robot Kits";"189"
"dgyrgorcewicx5@1und1.de#mailto:dgyrgorcewicx5@1und1.de#";"Tulsa";"03/11/2020";"3";"RQTE-554 Robot";"684";"Robots";"2052"
"thonig4c@google.ru#mailto:thonig4c@google.ru#";"Maple Plain";"03/11/2020";"4";"All Eyes Drone Blueprint";"9.99";"Blueprints";"39.96"
"fpeiser7b@yale.edu#mailto:fpeiser7b@yale.edu#";"Pocatello";"03/11/2021";"3";"RQTE-554 Robot";"684";"Robots";"2052"
"tmallyael@php.net#mailto:tmallyael@php.net#";"Arlington";"03/11/2021";"4";"Articulated Robots";"23.99";"eBooks";"95.96"
"npulteneyeio@pcworld.com#mailto:npulteneyeio@pcworld.com#";"Flint";"03/11/2021";"4";"BYOR-2640S";"189";"Robot Kits";"756"
"mrollingsonjl@miibeian.gov.cn#mailto:mrollingsonjl@miibeian.gov.cn#";"Tyler";"03/11/2021";"2";"BYOD-400";"119";"Drone Kits";"238"
"clecm@miibeian.gov.cn#mailto:clecm@miibeian.gov.cn#";"Shreveport";"03/11/2021";"1";"DA-SA702 Drone";"399";"Drones";"399"
"ltippettsfq@aol.com#mailto:ltippettsfq@aol.com#";"Harrisburg";"03/12/2020";"3";"BYOR-3535";"225";"Robot Kits";"675"
"wgaveltonepz@hud.gov#mailto:wgaveltonepz@hud.gov#";"Memphis";"03/12/2021";"1";"Fixed Wing Drones";"15.5";"eBooks";"15.5"
"cciobutaru6v@netlog.com#mailto:cciobutaru6v@netlog.com#";"Charlotte";"03/12/2021";"3";"GPS Drones";"19.99";"eBooks";"59.97"
"mbisset68@npr.org#mailto:mbisset68@npr.org#";"Dallas";"03/12/2021";"2";"Bsquare Robot Blueprint";"8.99";"Blueprints";"17.98"
"vkrolleg4@fc2.com#mailto:vkrolleg4@fc2.com#";"San Francisco";"03/12/2021";"3";"RTF Drones";"16.99";"eBooks";"50.97"
"nmaven3o@go.com#mailto:nmaven3o@go.com#";"Sarasota";"04/01/2020";"2";"BYOD-550";"179";"Drone Kits";"358"
"mchesmanfc@mit.edu#mailto:mchesmanfc@mit.edu#";"Palatine";"04/01/2020";"3";"Drone Video Techniques";"37.99";"Training Videos";"113.97"
"croylede@dot.gov#mailto:croylede@dot.gov#";"Virginia Beach";"04/01/2020";"4";"BYOD-350";"89.95";"Drone Kits";"359.8"
"sabrahamian3i@zimbio.com#mailto:sabrahamian3i@zimbio.com#";"Charlotte";"04/01/2020";"3";"DC-304 Drone";"395";"Drones";"1185"
"dkainzh6@freewebs.com#mailto:dkainzh6@freewebs.com#";"Albany";"04/01/2020";"5";"MICR-23K Robot";"899";"Robots";"4495"
"sshaftolx@hostgator.com#mailto:sshaftolx@hostgator.com#";"Toledo";"04/01/2021";"3";"Cartesian Robots";"12.99";"eBooks";"38.97"
"nvalentinuzzi9g@jigsy.com#mailto:nvalentinuzzi9g@jigsy.com#";"Toledo";"04/01/2021";"1";"Articulated Robots";"23.99";"eBooks";"23.99"
"gokeshottqp@ning.com#mailto:gokeshottqp@ning.com#";"Norfolk";"04/01/2021";"2";"DX-145 Drone";"250";"Drones";"500"
"rgeorgelin5v@istockphoto.com#mailto:rgeorgelin5v@istockphoto.com#";"Brooklyn";"04/01/2021";"5";"Building Your First Robot";"24.95";"eBooks";"124.75"
"eheatherington2p@google.fr#mailto:eheatherington2p@google.fr#";"Omaha";"04/01/2021";"2";"BYOD-500";"167";"Drone Kits";"334"
"ddabinettba@ameblo.jp#mailto:ddabinettba@ameblo.jp#";"Indianapolis";"04/01/2021";"2";"MICR-564K Drone";"499";"Drones";"998"
"tfaye3w@newsvine.com#mailto:tfaye3w@newsvine.com#";"Jersey City";"04/01/2021";"4";"BYOD-350";"89.95";"Drone Kits";"359.8"
"abernaertc9@newyorker.com#mailto:abernaertc9@newyorker.com#";"Albuquerque";"04/01/2021";"5";"Mapping with Drones";"49";"Training Videos";"245"
"aruvel1u@vk.com#mailto:aruvel1u@vk.com#";"Sparks";"04/01/2021";"5";"Helicopter Drones";"20.95";"eBooks";"104.75"
"agowdridgecl@odnoklassniki.ru#mailto:agowdridgecl@odnoklassniki.ru#";"Bloomington";"04/02/2020";"4";"RCB-889 Robot";"549";"Robots";"2196"
"btomczynskinw@amazon.de#mailto:btomczynskinw@amazon.de#";"Minneapolis";"04/02/2020";"6";"BYOR-1500";"189";"Robot Kits";"1134"
"imcshirrie2f@squidoo.com#mailto:imcshirrie2f@squidoo.com#";"Hot Springs National Park";"04/02/2020";"5";"Fixed Wing Drones";"15.5";"eBooks";"77.5"
"ijohanningrq@t-online.de#mailto:ijohanningrq@t-online.de#";"Kansas City";"04/02/2020";"3";"QuadroCopter Blueprint";"10.99";"Blueprints";"32.97"
"gbednellqw@examiner.com#mailto:gbednellqw@examiner.com#";"Akron";"04/02/2020";"3";"Understanding Raspberry PI";"28.99";"Training Videos";"86.97"
"lbreukelman2q@pinterest.com#mailto:lbreukelman2q@pinterest.com#";"Evansville";"04/02/2021";"3";"BYOR-4005";"245";"Robot Kits";"735"
"cvanaw@creativecommons.org#mailto:cvanaw@creativecommons.org#";"El Paso";"04/02/2021";"4";"RQTE-554 Robot";"684";"Robots";"2736"
"dnockb7@ycombinator.com#mailto:dnockb7@ycombinator.com#";"Austin";"04/02/2021";"5";"RCB-889 Robot";"549";"Robots";"2745"
"idurnillms@vinaora.com#mailto:idurnillms@vinaora.com#";"Fresno";"04/03/2020";"1";"BYOD-500";"167";"Drone Kits";"167"
"rhargreaves2e@gizmodo.com#mailto:rhargreaves2e@gizmodo.com#";"Columbus";"04/03/2020";"5";"Photograph Drones";"14.99";"eBooks";"74.95"
"shasnip86@qq.com#mailto:shasnip86@qq.com#";"Tucson";"04/03/2020";"2";"Panda Robot Blueprint";"7.99";"Blueprints";"15.98"
"abernaertc9@newyorker.com#mailto:abernaertc9@newyorker.com#";"Albuquerque";"04/03/2021";"2";"Understanding Artificial Intelligence";"19.5";"eBooks";"39"
"zrossettii7@wordpress.org#mailto:zrossettii7@wordpress.org#";"Washington";"04/03/2021";"4";"Delta Robots";"16.99";"eBooks";"67.96"
"pfranken1o@ihg.com#mailto:pfranken1o@ihg.com#";"Topeka";"04/03/2021";"4";"Delivery Drones";"14.99";"eBooks";"59.96"
"rmccookma@studiopress.com#mailto:rmccookma@studiopress.com#";"Worcester";"04/03/2021";"6";"Understanding Automation";"44.95";"Training Videos";"269.70000000000005"
"ncarlile37@mit.edu#mailto:ncarlile37@mit.edu#";"Oklahoma City";"04/03/2021";"3";"Polar Robots";"23.99";"eBooks";"71.97"
"sgeater52@mashable.com#mailto:sgeater52@mashable.com#";"Kansas City";"04/04/2020";"2";"MICR-23K Robot";"899";"Robots";"1798"
"emcmurdore@ifeng.com#mailto:emcmurdore@ifeng.com#";"Topeka";"04/04/2020";"3";"Delivery Drones";"14.99";"eBooks";"44.97"
"bsoalqt@chicagotribune.com#mailto:bsoalqt@chicagotribune.com#";"Durham";"04/04/2020";"3";"BYOD-350";"89.95";"Drone Kits";"269.85"
"amcentagartde@bloglovin.com#mailto:amcentagartde@bloglovin.com#";"San Jose";"04/04/2020";"4";"Photograph Drones";"14.99";"eBooks";"59.96"
"ggosnoll2p@google.com.hk#mailto:ggosnoll2p@google.com.hk#";"Salt Lake City";"04/04/2021";"3";"Mapping with Drones";"49";"Training Videos";"147"
"rbevirnj@blogspot.com#mailto:rbevirnj@blogspot.com#";"Houston";"04/04/2021";"2";"Drone Building Essentials";"13.99";"eBooks";"27.98"
"bwybrowgy@multiply.com#mailto:bwybrowgy@multiply.com#";"Washington";"04/05/2020";"4";"BYOD-400S";"129.95";"Drone Kits";"519.8"
"cbunnellma@google.nl#mailto:cbunnellma@google.nl#";"Memphis";"04/05/2020";"2";"DA-SA702 Drone";"399";"Drones";"798"
"tlynock21@wunderground.com#mailto:tlynock21@wunderground.com#";"Chico";"04/05/2020";"4";"BYOD-220";"69";"Drone Kits";"276"
"astrikei9@opensource.org#mailto:astrikei9@opensource.org#";"Philadelphia";"04/05/2020";"4";"Hexacopter Drone Blueprint";"8.99";"Blueprints";"35.96"
"kmarshfieldcs@jiathis.com#mailto:kmarshfieldcs@jiathis.com#";"Davenport";"04/05/2020";"2";"BYOD-200";"58.95";"Drone Kits";"117.9"
"mbraunstonn3@histats.com#mailto:mbraunstonn3@histats.com#";"Brooklyn";"04/05/2020";"6";"Hexacopter Drone Blueprint";"8.99";"Blueprints";"53.94"
"cnenolz@mediafire.com#mailto:cnenolz@mediafire.com#";"Aurora";"04/05/2021";"4";"Virtual Reality Basics";"29.99";"Training Videos";"119.96"
"cwatsongg@jimdo.com#mailto:cwatsongg@jimdo.com#";"Omaha";"04/05/2021";"3";"BYOD-400";"119";"Drone Kits";"357"
"mmathetj1@cargocollective.com#mailto:mmathetj1@cargocollective.com#";"Charlotte";"04/05/2021";"4";"DTI-84 Drone";"455";"Drones";"1820"
"mcoultas1v@npr.org#mailto:mcoultas1v@npr.org#";"Grand Rapids";"04/05/2021";"3";"Cat Robot Blueprint";"4.99";"Blueprints";"14.97"
"wkilcullenij@canalblog.com#mailto:wkilcullenij@canalblog.com#";"Lancaster";"04/05/2021";"5";"Aerial Security";"36.99";"Training Videos";"184.95000000000002"
"tplitzp3@constantcontact.com#mailto:tplitzp3@constantcontact.com#";"New Bedford";"04/05/2021";"3";"MICR-564K Drone";"499";"Drones";"1497"
"tcharette2c@google.com.br#mailto:tcharette2c@google.com.br#";"Akron";"04/05/2021";"3";"Aerial Security";"36.99";"Training Videos";"110.97"
"smcalindonb8@state.tx.us#mailto:smcalindonb8@state.tx.us#";"Stockton";"04/05/2021";"2";"BYOR-2640S";"189";"Robot Kits";"378"
"acristoferid8@bigcartel.com#mailto:acristoferid8@bigcartel.com#";"Simi Valley";"04/06/2020";"5";"Drone Building Essentials";"13.99";"eBooks";"69.95"
"gkittokf@icq.com#mailto:gkittokf@icq.com#";"Wichita";"04/06/2020";"6";"BYOD-200";"58.95";"Drone Kits";"353.70000000000005"
"cbaldinjv@berkeley.edu#mailto:cbaldinjv@berkeley.edu#";"Washington";"04/06/2020";"2";"Robotic Essentials";"34.99";"Training Videos";"69.98"
"jmeritib@sphinn.com#mailto:jmeritib@sphinn.com#";"Madison";"04/06/2021";"3";"Drone Video Techniques";"37.99";"Training Videos";"113.97"
"wkilcullenij@canalblog.com#mailto:wkilcullenij@canalblog.com#";"Lancaster";"04/06/2021";"2";"DC-304 Drone";"395";"Drones";"790"
"badamssonfa@webeden.co.uk#mailto:badamssonfa@webeden.co.uk#";"Louisville";"04/06/2021";"5";"Virtual Reality Basics";"29.99";"Training Videos";"149.95"
"htidmanmv@ucla.edu#mailto:htidmanmv@ucla.edu#";"Knoxville";"04/06/2021";"4";"RTF Drones";"16.99";"eBooks";"67.96"
"gkingegn@pinterest.com#mailto:gkingegn@pinterest.com#";"Sacramento";"04/06/2021";"3";"Understanding Automation";"44.95";"Training Videos";"134.85000000000002"
"gmacenzy8g@constantcontact.com#mailto:gmacenzy8g@constantcontact.com#";"Springfield";"04/06/2021";"5";"DTE-QFN20 Drone";"250";"Drones";"1250"
"cespinasn4@nih.gov#mailto:cespinasn4@nih.gov#";"Petaluma";"04/07/2020";"6";"Drone Video Techniques";"37.99";"Training Videos";"227.94"
"acardegs@ft.com#mailto:acardegs@ft.com#";"Baton Rouge";"04/07/2020";"3";"RCB-889 Robot";"549";"Robots";"1647"
"bhabben33@ftc.gov#mailto:bhabben33@ftc.gov#";"San Antonio";"04/07/2020";"4";"Hexacopter Drone Blueprint";"8.99";"Blueprints";"35.96"
"cdreng8t@bloglines.com#mailto:cdreng8t@bloglines.com#";"Miami Beach";"04/07/2020";"3";"RLK-9920 Robot";"699";"Robots";"2097"
"bhrishanokd2@archive.org#mailto:bhrishanokd2@archive.org#";"Pasadena";"04/07/2020";"3";"Building Your First Robot";"24.95";"eBooks";"74.85"
"dmirrleesnf@sitemeter.com#mailto:dmirrleesnf@sitemeter.com#";"Newark";"04/07/2020";"1";"Creature Robot Arms Blueprint";"12";"Blueprints";"12"
"cbristoe99@answers.com#mailto:cbristoe99@answers.com#";"Pittsburgh";"04/07/2020";"4";"DX-145 Drone";"250";"Drones";"1000"
"ddik8@sphinn.com#mailto:ddik8@sphinn.com#";"Seattle";"04/07/2021";"3";"Building Your Own Drone";"24.99";"eBooks";"74.97"
"hdarwentx@csmonitor.com#mailto:hdarwentx@csmonitor.com#";"Arlington";"04/08/2020";"6";"Spherical Robots";"16.75";"eBooks";"100.5"
"mpourvoieure0@weibo.com#mailto:mpourvoieure0@weibo.com#";"Fort Pierce";"04/08/2020";"5";"BYOD-220";"69";"Drone Kits";"345"
"rhankey71@jigsy.com#mailto:rhankey71@jigsy.com#";"Saint Louis";"04/08/2020";"4";"SCARA Robots";"19.5";"eBooks";"78"
"pduboself@photobucket.com#mailto:pduboself@photobucket.com#";"Sioux City";"04/08/2020";"5";"BYOD-500";"167";"Drone Kits";"835"
"mtareefc@google.com#mailto:mtareefc@google.com#";"Petaluma";"04/08/2020";"3";"BYOD-500";"167";"Drone Kits";"501"
"cmckinstry3g@wired.com#mailto:cmckinstry3g@wired.com#";"Denver";"04/08/2021";"4";"Single Rotor Drones";"14.99";"eBooks";"59.96"
"lwisniewskif0@buzzfeed.com#mailto:lwisniewskif0@buzzfeed.com#";"Kansas City";"04/08/2021";"2";"Fixed Wing Drones";"15.5";"eBooks";"31"
"ejablonskidi@adobe.com#mailto:ejablonskidi@adobe.com#";"Macon";"04/08/2021";"5";"DTD-7000 Drone";"450";"Drones";"2250"
"aillyesic@answers.com#mailto:aillyesic@answers.com#";"Mobile";"04/08/2021";"3";"QuadroCopter Blueprint";"10.99";"Blueprints";"32.97"
"dmcgrortyin@google.co.jp#mailto:dmcgrortyin@google.co.jp#";"Elizabeth";"04/09/2020";"5";"RXW-9807 Robot";"599";"Robots";"2995"
"jramsbothamly@pagesperso-orange.fr#mailto:jramsbothamly@pagesperso-orange.fr#";"Topeka";"04/09/2020";"2";"Understanding 3D Printing";"42.99";"Training Videos";"85.98"
"rcokayneh6@sciencedaily.com#mailto:rcokayneh6@sciencedaily.com#";"Saint Paul";"04/09/2020";"1";"BYOD-400S";"129.95";"Drone Kits";"129.95"
"pwallmanam@booking.com#mailto:pwallmanam@booking.com#";"Stamford";"04/09/2020";"5";"BYOR-1000";"189";"Robot Kits";"945"
"bferrolli8c@cbsnews.com#mailto:bferrolli8c@cbsnews.com#";"Charleston";"04/09/2020";"2";"Cartesian Robots";"12.99";"eBooks";"25.98"
"mbettis6i@sciencedirect.com#mailto:mbettis6i@sciencedirect.com#";"Wichita";"04/09/2020";"4";"Creature Robot Arms Blueprint";"12";"Blueprints";"48"
"wboncorenr@so-net.ne.jp#mailto:wboncorenr@so-net.ne.jp#";"Wilmington";"04/09/2020";"5";"Spherical Robots";"16.75";"eBooks";"83.75"
"mfernleyah@fastcompany.com#mailto:mfernleyah@fastcompany.com#";"Birmingham";"04/09/2020";"6";"DTD-7000 Drone";"450";"Drones";"2700"
"gmoensqa@gnu.org#mailto:gmoensqa@gnu.org#";"Scottsdale";"04/09/2020";"2";"Understanding Arduino";"17.5";"eBooks";"35"
"smcfarlan7b@chronoengine.com#mailto:smcfarlan7b@chronoengine.com#";"Orlando";"04/09/2021";"5";"Mapping with Drones";"49";"Training Videos";"245"
"mmenlovelb@sbwire.com#mailto:mmenlovelb@sbwire.com#";"Fresno";"04/09/2021";"6";"Articulated Robots";"23.99";"eBooks";"143.94"
"asouthallg@sohu.com#mailto:asouthallg@sohu.com#";"Daytona Beach";"04/09/2021";"2";"Sleepy Eye Blueprint";"11.99";"Blueprints";"23.98"
"lwisniewskif0@buzzfeed.com#mailto:lwisniewskif0@buzzfeed.com#";"Kansas City";"04/09/2021";"3";"AI for Educators";"49.95";"Training Videos";"149.85000000000002"
"ssabbatier5w@mediafire.com#mailto:ssabbatier5w@mediafire.com#";"Rochester";"04/09/2021";"2";"RQTE-554 Robot";"684";"Robots";"1368"
"lshera4f@opera.com#mailto:lshera4f@opera.com#";"Knoxville";"04/10/2020";"4";"Understanding Automation";"44.95";"Training Videos";"179.8"
"breubens76@taobao.com#mailto:breubens76@taobao.com#";"Richmond";"04/10/2020";"5";"RLK-9920 Robot";"699";"Robots";"3495"
"dshuterl0@dot.gov#mailto:dshuterl0@dot.gov#";"Columbus";"04/10/2020";"4";"SCARA Robots";"19.5";"eBooks";"78"
"cloinsjc@mail.ru#mailto:cloinsjc@mail.ru#";"Oklahoma City";"04/10/2020";"4";"Creature Robot Arms Blueprint";"12";"Blueprints";"48"
"cbitchenomd@lycos.com#mailto:cbitchenomd@lycos.com#";"Houston";"04/10/2021";"3";"DTE-QFN20 Drone";"250";"Drones";"750"
"selliottqs@google.cn#mailto:selliottqs@google.cn#";"Wichita";"04/10/2021";"4";"Single Rotor Drones";"14.99";"eBooks";"59.96"
"jnizet22@multiply.com#mailto:jnizet22@multiply.com#";"Dearborn";"04/10/2021";"3";"Spherical Robots";"16.75";"eBooks";"50.25"
"rduckhousejz@unesco.org#mailto:rduckhousejz@unesco.org#";"Washington";"04/10/2021";"2";"Helicopter Drones";"20.95";"eBooks";"41.9"
"yalthrop8n@google.co.jp#mailto:yalthrop8n@google.co.jp#";"Milwaukee";"04/10/2021";"4";"Single Rotor Drones";"14.99";"eBooks";"59.96"
"eceney3@odnoklassniki.ru#mailto:eceney3@odnoklassniki.ru#";"Maple Plain";"04/11/2020";"1";"BYOD-200";"58.95";"Drone Kits";"58.95"
"ibelfelteo@dedecms.com#mailto:ibelfelteo@dedecms.com#";"Chicago";"04/11/2020";"3";"BYOD-100";"54";"Drone Kits";"162"
"gconti35@springer.com#mailto:gconti35@springer.com#";"Salt Lake City";"04/11/2020";"5";"Cloud Computing";"29.99";"Training Videos";"149.95"
"zzsa1s@quantcast.com#mailto:zzsa1s@quantcast.com#";"Portland";"04/11/2020";"4";"BYOR-3535";"225";"Robot Kits";"900"
"mbetkepi@goo.gl#mailto:mbetkepi@goo.gl#";"Garland";"04/11/2020";"4";"Understanding Artificial Intelligence";"19.5";"eBooks";"78"
"tniezen6u@symantec.com#mailto:tniezen6u@symantec.com#";"Las Vegas";"04/11/2021";"4";"Understanding Arduino";"17.5";"eBooks";"70"
"kgarroldqn@blogtalkradio.com#mailto:kgarroldqn@blogtalkradio.com#";"Evansville";"04/11/2021";"5";"RTF Drones";"16.99";"eBooks";"84.94999999999999"
"ltremellier83@hubpages.com#mailto:ltremellier83@hubpages.com#";"Los Angeles";"04/12/2020";"3";"BYOD-100";"54";"Drone Kits";"162"
"tpickworth4k@rambler.ru#mailto:tpickworth4k@rambler.ru#";"Charlotte";"04/12/2020";"5";"BYOD-400";"119";"Drone Kits";"595"
"scamlin6x@chicagotribune.com#mailto:scamlin6x@chicagotribune.com#";"Des Moines";"04/12/2020";"2";"Delta Robots";"16.99";"eBooks";"33.98"
"xhulle6v@shinystat.com#mailto:xhulle6v@shinystat.com#";"Charlotte";"04/12/2020";"4";"GPS Drones";"19.99";"eBooks";"79.96"
"ibelchem2@webmd.com#mailto:ibelchem2@webmd.com#";"Dayton";"04/12/2020";"5";"BYOD-550";"179";"Drone Kits";"895"
"ptomeod@cpanel.net#mailto:ptomeod@cpanel.net#";"Amarillo";"04/12/2020";"5";"Robotic Essentials";"34.99";"Training Videos";"174.95000000000002"
"cpala1d@mysql.com#mailto:cpala1d@mysql.com#";"Davenport";"04/12/2021";"2";"BYOD-550";"179";"Drone Kits";"358"
"kkempstone3t@harvard.edu#mailto:kkempstone3t@harvard.edu#";"Denver";"04/12/2021";"6";"RQTE-554 Robot";"684";"Robots";"4104"
"polivio2@ft.com#mailto:polivio2@ft.com#";"Sacramento";"05/01/2020";"5";"RTF Drones";"16.99";"eBooks";"84.94999999999999"
"xhulle6v@shinystat.com#mailto:xhulle6v@shinystat.com#";"Charlotte";"05/01/2020";"2";"AI for Educators";"49.95";"Training Videos";"99.9"
"bchittendenot@e-recht24.de#mailto:bchittendenot@e-recht24.de#";"Washington";"05/01/2020";"5";"Spherical Robots";"16.75";"eBooks";"83.75"
"mousley1o@pcworld.com#mailto:mousley1o@pcworld.com#";"Boynton Beach";"05/01/2020";"4";"SCARA Robots";"19.5";"eBooks";"78"
"amcgeorgeog@wp.com#mailto:amcgeorgeog@wp.com#";"Joliet";"05/01/2021";"3";"Fixed Wing Drones";"15.5";"eBooks";"46.5"
"cmcilwreathl2@youku.com#mailto:cmcilwreathl2@youku.com#";"Salt Lake City";"05/01/2021";"3";"Understanding Raspberry PI";"28.99";"Training Videos";"86.97"
"eandrejevic2i@people.com.cn#mailto:eandrejevic2i@people.com.cn#";"Birmingham";"05/01/2021";"2";"Aerial Security";"36.99";"Training Videos";"73.98"
"jkinvand4@yale.edu#mailto:jkinvand4@yale.edu#";"Harrisburg";"05/01/2021";"3";"Spherical Robots";"16.75";"eBooks";"50.25"
"darmytagehc@mediafire.com#mailto:darmytagehc@mediafire.com#";"Riverside";"05/02/2020";"3";"Multi Rotor Drones";"24.95";"eBooks";"74.85"
"thousecroftfp@taobao.com#mailto:thousecroftfp@taobao.com#";"Cincinnati";"05/02/2020";"2";"BYOD-300";"89";"Drone Kits";"178"
"challiburtonjx@wordpress.com#mailto:challiburtonjx@wordpress.com#";"Anchorage";"05/02/2020";"5";"BYOR-3000";"214";"Robot Kits";"1070"
"wconybearoy@webnode.com#mailto:wconybearoy@webnode.com#";"Austin";"05/02/2020";"3";"BYOD-200";"58.95";"Drone Kits";"176.85000000000002"
"ozoellner21@mediafire.com#mailto:ozoellner21@mediafire.com#";"Peoria";"05/02/2020";"2";"Virtual Reality Basics";"29.99";"Training Videos";"59.98"
"nuppett2w@redcross.org#mailto:nuppett2w@redcross.org#";"Boston";"05/02/2021";"3";"Bsquare Robot Blueprint";"8.99";"Blueprints";"26.97"
"sobu@squarespace.com#mailto:sobu@squarespace.com#";"Phoenix";"05/02/2021";"6";"DC-304 Drone";"395";"Drones";"2370"
"nmcsperronj7@miitbeian.gov.cn#mailto:nmcsperronj7@miitbeian.gov.cn#";"Los Angeles";"05/02/2021";"5";"BYOD-500";"167";"Drone Kits";"835"
"cthrelfallih@loc.gov#mailto:cthrelfallih@loc.gov#";"Irvine";"05/02/2021";"4";"DC-304 Drone";"395";"Drones";"1580"
"dlevermoremw@amazon.de#mailto:dlevermoremw@amazon.de#";"New York City";"05/03/2020";"4";"Robotic Essentials";"34.99";"Training Videos";"139.96"
"bscoginm3@yelp.com#mailto:bscoginm3@yelp.com#";"Saint Louis";"05/03/2021";"4";"BYOD-220";"69";"Drone Kits";"276"
"jponsford2o@booking.com#mailto:jponsford2o@booking.com#";"El Paso";"05/03/2021";"1";"MICR-23K Robot";"899";"Robots";"899"
"ohinckes64@nbcnews.com#mailto:ohinckes64@nbcnews.com#";"Rochester";"05/03/2021";"3";"Open Source Code";"32.95";"Training Videos";"98.85000000000001"
"tzannimc@umich.edu#mailto:tzannimc@umich.edu#";"Duluth";"05/03/2021";"5";"BYOR-2640S";"189";"Robot Kits";"945"
"kjonesor@addthis.com#mailto:kjonesor@addthis.com#";"New York City";"05/04/2020";"2";"BYOD-400";"119";"Drone Kits";"238"
"cnenolz@mediafire.com#mailto:cnenolz@mediafire.com#";"Aurora";"05/04/2020";"4";"All Eyes Drone Blueprint";"9.99";"Blueprints";"39.96"
"bbartosch86@admin.ch#mailto:bbartosch86@admin.ch#";"Duluth";"05/04/2020";"2";"BYOD-350";"89.95";"Drone Kits";"179.9"
"lyardy2t@psu.edu#mailto:lyardy2t@psu.edu#";"Sioux Falls";"05/04/2020";"5";"Understanding 3D Printing";"42.99";"Training Videos";"214.95000000000002"
"wwaisona4@people.com.cn#mailto:wwaisona4@people.com.cn#";"Cedar Rapids";"05/04/2020";"6";"BYOR-4005";"245";"Robot Kits";"1470"
"rbevirnj@blogspot.com#mailto:rbevirnj@blogspot.com#";"Houston";"05/04/2020";"2";"AI for Educators";"49.95";"Training Videos";"99.9"
"aglendzafn@istockphoto.com#mailto:aglendzafn@istockphoto.com#";"San Diego";"05/04/2020";"3";"RLK-9920 Robot";"699";"Robots";"2097"
"marensn4@omniture.com#mailto:marensn4@omniture.com#";"Brooklyn";"05/04/2021";"1";"BYOR-3000";"214";"Robot Kits";"214"
"vfraczekka@mashable.com#mailto:vfraczekka@mashable.com#";"Tampa";"05/04/2021";"3";"Understanding Automation";"44.95";"Training Videos";"134.85000000000002"
"ulogsdale5w@joomla.org#mailto:ulogsdale5w@joomla.org#";"Memphis";"05/05/2020";"5";"Drone Building Essentials";"13.99";"eBooks";"69.95"
"gnewlandsc8@discuz.net#mailto:gnewlandsc8@discuz.net#";"El Paso";"05/05/2020";"3";"Spherical Robots";"16.75";"eBooks";"50.25"
"dnockb7@ycombinator.com#mailto:dnockb7@ycombinator.com#";"Austin";"05/05/2020";"2";"Mapping with Drones";"49";"Training Videos";"98"
"mplewmano7@woothemes.com#mailto:mplewmano7@woothemes.com#";"Schenectady";"05/05/2020";"3";"Understanding 3D Printing";"42.99";"Training Videos";"128.97"
"dcandey3b@cocolog-nifty.com#mailto:dcandey3b@cocolog-nifty.com#";"Denver";"05/05/2021";"5";"Understanding Raspberry PI";"28.99";"Training Videos";"144.95"
"croylede@dot.gov#mailto:croylede@dot.gov#";"Virginia Beach";"05/05/2021";"5";"RTF Drones";"16.99";"eBooks";"84.94999999999999"
"imcshirrie2f@squidoo.com#mailto:imcshirrie2f@squidoo.com#";"Hot Springs National Park";"05/05/2021";"5";"Drone Building Essentials";"13.99";"eBooks";"69.95"
"rcullip99@hubpages.com#mailto:rcullip99@hubpages.com#";"Seattle";"05/06/2020";"6";"BYOR-4005";"245";"Robot Kits";"1470"
"bchoppencc@goo.gl#mailto:bchoppencc@goo.gl#";"Brooklyn";"05/06/2020";"3";"Multi Rotor Drones";"24.95";"eBooks";"74.85"
"cnisuis5v@cloudflare.com#mailto:cnisuis5v@cloudflare.com#";"Springfield";"05/06/2020";"4";"Building Your First Robot";"24.95";"eBooks";"99.8"
"jjordanne@prweb.com#mailto:jjordanne@prweb.com#";"Melbourne";"05/06/2020";"4";"Building Your Own Drone";"24.99";"eBooks";"99.96"
"gclaitonrh@marketwatch.com#mailto:gclaitonrh@marketwatch.com#";"Portland";"05/06/2020";"6";"BYOD-550";"179";"Drone Kits";"1074"
"gphilipsson2r@indiegogo.com#mailto:gphilipsson2r@indiegogo.com#";"Tulsa";"05/06/2021";"1";"Fixed Wing Drones";"15.5";"eBooks";"15.5"
"nduplain50@stanford.edu#mailto:nduplain50@stanford.edu#";"Corpus Christi";"05/06/2021";"3";"Creature Robot Arms Blueprint";"12";"Blueprints";"36"
"ccarrickj3@ed.gov#mailto:ccarrickj3@ed.gov#";"Brooklyn";"05/06/2021";"3";"Multi Rotor Drones";"24.95";"eBooks";"74.85"
"gelnerd6@sina.com.cn#mailto:gelnerd6@sina.com.cn#";"Tucson";"05/06/2021";"3";"BYOR-2640S";"189";"Robot Kits";"567"
"thails9l@theglobeandmail.com#mailto:thails9l@theglobeandmail.com#";"Saint Louis";"05/06/2021";"5";"BYOR-3000";"214";"Robot Kits";"1070"
"fhonatsch4p@epa.gov#mailto:fhonatsch4p@epa.gov#";"Hartford";"05/06/2021";"4";"Understanding Automation";"44.95";"Training Videos";"179.8"
"lgertyan@theguardian.com#mailto:lgertyan@theguardian.com#";"Las Vegas";"05/06/2021";"3";"BYOR-3000";"214";"Robot Kits";"642"
"wfidelerfc@elpais.com#mailto:wfidelerfc@elpais.com#";"Meridian";"05/07/2020";"6";"Sleepy Eye Blueprint";"11.99";"Blueprints";"71.94"
"mstygallnb@cisco.com#mailto:mstygallnb@cisco.com#";"Amarillo";"05/07/2020";"3";"Open Source Code";"32.95";"Training Videos";"98.85000000000001"
"tocriane96@flavors.me#mailto:tocriane96@flavors.me#";"Little Rock";"05/07/2020";"4";"SCARA Robots";"19.5";"eBooks";"78"
"callderhy@oaic.gov.au#mailto:callderhy@oaic.gov.au#";"Springfield";"05/07/2020";"3";"DC-304 Drone";"395";"Drones";"1185"
"dlafeemx@youtube.com#mailto:dlafeemx@youtube.com#";"Inglewood";"05/07/2020";"6";"Drone Video Techniques";"37.99";"Training Videos";"227.94"
"wlyness2x@twitpic.com#mailto:wlyness2x@twitpic.com#";"San Diego";"05/07/2020";"2";"AI for Educators";"49.95";"Training Videos";"99.9"
"cmckinstry3g@wired.com#mailto:cmckinstry3g@wired.com#";"Denver";"05/07/2021";"2";"BYOR-3000";"214";"Robot Kits";"428"
"akuhlen2@abc.net.au#mailto:akuhlen2@abc.net.au#";"Colorado Springs";"05/07/2021";"5";"DTD-7000 Drone";"450";"Drones";"2250"
"cvanderson92@vimeo.com#mailto:cvanderson92@vimeo.com#";"Chicago";"05/08/2020";"4";"DTE-QFN20 Drone";"250";"Drones";"1000"
"mmurkin3j@de.vu#mailto:mmurkin3j@de.vu#";"San Jose";"05/08/2021";"3";"GPS Drones";"19.99";"eBooks";"59.97"
"rsneden5y@dailymail.co.uk#mailto:rsneden5y@dailymail.co.uk#";"Des Moines";"05/08/2021";"2";"Creature Robot Arms Blueprint";"12";"Blueprints";"24"
"sburmaster31@mashable.com#mailto:sburmaster31@mashable.com#";"Beaufort";"05/08/2021";"1";"DA-SA702 Drone";"399";"Drones";"399"
"bwybrowgy@multiply.com#mailto:bwybrowgy@multiply.com#";"Washington";"05/08/2021";"3";"Drone Video Techniques";"37.99";"Training Videos";"113.97"
"ccaitlinlc@shutterfly.com#mailto:ccaitlinlc@shutterfly.com#";"Round Rock";"05/08/2021";"4";"BYOR-4005";"245";"Robot Kits";"980"
"sgehringer4s@auda.org.au#mailto:sgehringer4s@auda.org.au#";"Boston";"05/08/2021";"4";"BYOD-550";"179";"Drone Kits";"716"
"lwishkarbp@arstechnica.com#mailto:lwishkarbp@arstechnica.com#";"Springfield";"05/08/2021";"3";"Creature Robot Arms Blueprint";"12";"Blueprints";"36"
"lpetrovicr3@newyorker.com#mailto:lpetrovicr3@newyorker.com#";"Roanoke";"05/08/2021";"4";"BYOD-500";"167";"Drone Kits";"668"
"kwinfindale8t@sciencedaily.com#mailto:kwinfindale8t@sciencedaily.com#";"Houston";"05/08/2021";"5";"SCARA Robots";"19.5";"eBooks";"97.5"
"ymayzebv@gravatar.com#mailto:ymayzebv@gravatar.com#";"Ridgely";"05/09/2020";"2";"BYOD-100";"54";"Drone Kits";"108"
"hbamletr9@google.nl#mailto:hbamletr9@google.nl#";"Sioux City";"05/09/2020";"3";"BYOD-400S";"129.95";"Drone Kits";"389.84999999999997"
"nmariyushkinp6@instagram.com#mailto:nmariyushkinp6@instagram.com#";"Louisville";"05/09/2020";"3";"Understanding Drone Regulations";"27.5";"Training Videos";"82.5"
"cgothlifffm@jalbum.net#mailto:cgothlifffm@jalbum.net#";"Atlanta";"05/09/2020";"4";"All Eyes Drone Blueprint";"9.99";"Blueprints";"39.96"
"rmcmurtyray@dot.gov#mailto:rmcmurtyray@dot.gov#";"Albany";"05/09/2020";"1";"Single Rotor Drones";"14.99";"eBooks";"14.99"
"awoolattbl@printfriendly.com#mailto:awoolattbl@printfriendly.com#";"Chattanooga";"05/09/2021";"3";"Understanding Arduino";"17.5";"eBooks";"52.5"
"pharlick2n@techcrunch.com#mailto:pharlick2n@techcrunch.com#";"Pasadena";"05/09/2021";"6";"RWW-75 Robot";"883";"Robots";"5298"
"bblodgdr@webs.com#mailto:bblodgdr@webs.com#";"Trenton";"05/09/2021";"5";"RTF Drones";"16.99";"eBooks";"84.94999999999999"
"gmalbon26@auda.org.au#mailto:gmalbon26@auda.org.au#";"Louisville";"05/09/2021";"3";"BYOR-3000";"214";"Robot Kits";"642"
"aheggeg1@yellowpages.com#mailto:aheggeg1@yellowpages.com#";"Columbus";"05/09/2021";"2";"RXW-9807 Robot";"599";"Robots";"1198"
"sconochie8k@networksolutions.com#mailto:sconochie8k@networksolutions.com#";"Paterson";"05/10/2020";"4";"DA-SA702 Drone";"399";"Drones";"1596"
"ggosnoll2p@google.com.hk#mailto:ggosnoll2p@google.com.hk#";"Salt Lake City";"05/10/2020";"5";"Creature Robot Arms Blueprint";"12";"Blueprints";"60"
"sduxbury2c@dell.com#mailto:sduxbury2c@dell.com#";"Oklahoma City";"05/10/2020";"6";"Understanding Arduino";"17.5";"eBooks";"105"
"adefrainecw@example.com#mailto:adefrainecw@example.com#";"Orlando";"05/10/2020";"5";"Single Rotor Drones";"14.99";"eBooks";"74.95"
"mcolbornlx@java.com#mailto:mcolbornlx@java.com#";"Canton";"05/10/2021";"4";"Understanding Arduino";"17.5";"eBooks";"70"
"mcolbornlx@java.com#mailto:mcolbornlx@java.com#";"Canton";"05/10/2021";"2";"Understanding Arduino";"17.5";"eBooks";"35"
"jmatignon7o@dailymotion.com#mailto:jmatignon7o@dailymotion.com#";"El Paso";"05/10/2021";"4";"MICR-564K Drone";"499";"Drones";"1996"
"cbonifant8g@wisc.edu#mailto:cbonifant8g@wisc.edu#";"El Paso";"05/10/2021";"2";"Polar Robots";"23.99";"eBooks";"47.98"
"wovanesian7k@wikipedia.org#mailto:wovanesian7k@wikipedia.org#";"Tucson";"05/10/2021";"3";"Delta Robots";"16.99";"eBooks";"50.97"
"zstanes3a@google.com#mailto:zstanes3a@google.com#";"Des Moines";"05/11/2020";"5";"RTF Drones";"16.99";"eBooks";"84.94999999999999"
"aheeleyna@amazon.co.jp#mailto:aheeleyna@amazon.co.jp#";"Springfield";"05/11/2020";"3";"Ladybug Robot Blueprint";"12";"Blueprints";"36"
"rwisniowskig8@baidu.com#mailto:rwisniowskig8@baidu.com#";"Anaheim";"05/11/2020";"2";"AI for Educators";"49.95";"Training Videos";"99.9"
"hfaulconerbv@msu.edu#mailto:hfaulconerbv@msu.edu#";"Galveston";"05/11/2020";"3";"Mapping with Drones";"49";"Training Videos";"147"
"faron9f@51.la#mailto:faron9f@51.la#";"San Diego";"05/11/2021";"4";"RTF Drones";"16.99";"eBooks";"67.96"
"rwinship67@ox.ac.uk#mailto:rwinship67@ox.ac.uk#";"Sioux Falls";"05/11/2021";"2";"RXW-9807 Robot";"599";"Robots";"1198"
"imackeoghhh@foxnews.com#mailto:imackeoghhh@foxnews.com#";"Washington";"05/11/2021";"5";"Spherical Robots";"16.75";"eBooks";"83.75"
"ilethbyib@ustream.tv#mailto:ilethbyib@ustream.tv#";"Brooklyn";"05/11/2021";"2";"RQTE-554 Robot";"684";"Robots";"1368"
"eburgoinng@gmpg.org#mailto:eburgoinng@gmpg.org#";"Atlanta";"05/11/2021";"4";"Bsquare Robot Blueprint";"8.99";"Blueprints";"35.96"
"npulteneyeio@pcworld.com#mailto:npulteneyeio@pcworld.com#";"Flint";"05/12/2020";"5";"Polar Robots";"23.99";"eBooks";"119.94999999999999"
"astannaskh@usatoday.com#mailto:astannaskh@usatoday.com#";"El Paso";"05/12/2020";"2";"BYOD-400S";"129.95";"Drone Kits";"259.9"
"hbrisleygo@telegraph.co.uk#mailto:hbrisleygo@telegraph.co.uk#";"Omaha";"05/12/2020";"4";"Building Your Own Drone";"24.99";"eBooks";"99.96"
"jmeritib@sphinn.com#mailto:jmeritib@sphinn.com#";"Madison";"05/12/2020";"4";"MICR-564K Drone";"499";"Drones";"1996"
"pduboself@photobucket.com#mailto:pduboself@photobucket.com#";"Sioux City";"05/12/2020";"5";"Sleepy Eye Blueprint";"11.99";"Blueprints";"59.95"
"kcoytenm@bandcamp.com#mailto:kcoytenm@bandcamp.com#";"Philadelphia";"05/12/2020";"3";"Multi Rotor Drones";"24.95";"eBooks";"74.85"
"jeasterop@tinypic.com#mailto:jeasterop@tinypic.com#";"Washington";"05/12/2020";"5";"Drone Video Techniques";"37.99";"Training Videos";"189.95000000000002"
"pgrigoroni8x@nbcnews.com#mailto:pgrigoroni8x@nbcnews.com#";"Bronx";"05/12/2020";"3";"BYOD-220";"69";"Drone Kits";"207"
"acalladineai@narod.ru#mailto:acalladineai@narod.ru#";"Trenton";"05/12/2020";"4";"Understanding Raspberry PI";"28.99";"Training Videos";"115.96"
"dhallard4v@admin.ch#mailto:dhallard4v@admin.ch#";"Lynchburg";"05/12/2021";"2";"BYOD-220";"69";"Drone Kits";"138"
"mgeavesab@hibu.com#mailto:mgeavesab@hibu.com#";"Charlotte";"05/12/2021";"5";"Understanding Automation";"44.95";"Training Videos";"224.75"
"gbaldacchiaj@prnewswire.com#mailto:gbaldacchiaj@prnewswire.com#";"Bronx";"05/12/2021";"6";"BYOD-100";"54";"Drone Kits";"324"
"jhectores@geocities.com#mailto:jhectores@geocities.com#";"Fresno";"05/12/2021";"5";"Understanding Drone Regulations";"27.5";"Training Videos";"137.5"
"gatwood6i@stanford.edu#mailto:gatwood6i@stanford.edu#";"Milwaukee";"05/12/2021";"4";"BYOR-1500";"189";"Robot Kits";"756"
"jmasseic9@google.it#mailto:jmasseic9@google.it#";"Waterbury";"05/12/2021";"3";"Robotic Essentials";"34.99";"Training Videos";"104.97"
"eporter9k@google.co.uk#mailto:eporter9k@google.co.uk#";"Oakland";"06/01/2020";"5";"Helicopter Drones";"20.95";"eBooks";"104.75"
"pgaskalb9@webnode.com#mailto:pgaskalb9@webnode.com#";"Flushing";"06/01/2020";"6";"Single Rotor Drones";"14.99";"eBooks";"89.94"
"aberickkg@intel.com#mailto:aberickkg@intel.com#";"Atlanta";"06/01/2020";"1";"Understanding 3D Printing";"42.99";"Training Videos";"42.99"
"ocuthbertp9@indiatimes.com#mailto:ocuthbertp9@indiatimes.com#";"Mobile";"06/01/2020";"3";"BYOD-220";"69";"Drone Kits";"207"
"ohalbardv@booking.com#mailto:ohalbardv@booking.com#";"Birmingham";"06/01/2020";"3";"RWW-75 Robot";"883";"Robots";"2649"
"tbeller7o@addtoany.com#mailto:tbeller7o@addtoany.com#";"Melbourne";"06/01/2020";"4";"BYOR-3535";"225";"Robot Kits";"900"
"bandrickao@smugmug.com#mailto:bandrickao@smugmug.com#";"Sterling";"06/01/2021";"2";"Bsquare Robot Blueprint";"8.99";"Blueprints";"17.98"
"wgobeauk5@un.org#mailto:wgobeauk5@un.org#";"Reno";"06/01/2021";"4";"Fixed Wing Drones";"15.5";"eBooks";"62"
"kbonnetmg@google.com.br#mailto:kbonnetmg@google.com.br#";"Los Angeles";"06/01/2021";"2";"BYOD-400";"119";"Drone Kits";"238"
"ljolleyiw@google.de#mailto:ljolleyiw@google.de#";"Miami";"06/02/2020";"3";"BYOD-500";"167";"Drone Kits";"501"
"nachesonjd@sbwire.com#mailto:nachesonjd@sbwire.com#";"Minneapolis";"06/02/2020";"3";"Delivery Drones";"14.99";"eBooks";"44.97"
"doliverpaullmb@vinaora.com#mailto:doliverpaullmb@vinaora.com#";"Fort Wayne";"06/02/2020";"4";"Cat Robot Blueprint";"4.99";"Blueprints";"19.96"
"akitchenhamga@tripadvisor.com#mailto:akitchenhamga@tripadvisor.com#";"Detroit";"06/02/2020";"3";"BYOD-550";"179";"Drone Kits";"537"
"cpickover2l@apache.org#mailto:cpickover2l@apache.org#";"Huntington Beach";"06/02/2020";"3";"Sleepy Eye Blueprint";"11.99";"Blueprints";"35.97"
"wmizzenjm@go.com#mailto:wmizzenjm@go.com#";"Youngstown";"06/02/2021";"2";"Delta Robots";"16.99";"eBooks";"33.98"
"acumberpatch25@sfgate.com#mailto:acumberpatch25@sfgate.com#";"Toledo";"06/02/2021";"3";"BYOD-500";"167";"Drone Kits";"501"
"rmcmurtyray@dot.gov#mailto:rmcmurtyray@dot.gov#";"Albany";"06/02/2021";"3";"Multi Rotor Drones";"24.95";"eBooks";"74.85"
"tburnhamsqb@deviantart.com#mailto:tburnhamsqb@deviantart.com#";"Baltimore";"06/02/2021";"2";"Articulated Robots";"23.99";"eBooks";"47.98"
"masprayr8@shareasale.com#mailto:masprayr8@shareasale.com#";"Minneapolis";"06/02/2021";"2";"Cloud Computing";"29.99";"Training Videos";"59.98"
"imackeoghhh@foxnews.com#mailto:imackeoghhh@foxnews.com#";"Washington";"06/02/2021";"4";"MICR-23K Robot";"899";"Robots";"3596"
"vilyinskioe@amazonaws.com#mailto:vilyinskioe@amazonaws.com#";"Oklahoma City";"06/03/2020";"3";"BYOD-300";"89";"Drone Kits";"267"
"rkeelanoc@yolasite.com#mailto:rkeelanoc@yolasite.com#";"Trenton";"06/03/2020";"2";"BYOD-200";"58.95";"Drone Kits";"117.9"
"mousley1o@pcworld.com#mailto:mousley1o@pcworld.com#";"Boynton Beach";"06/03/2020";"1";"Photograph Drones";"14.99";"eBooks";"14.99"
"tmandersonr7@patch.com#mailto:tmandersonr7@patch.com#";"San Antonio";"06/03/2021";"4";"AI for Educators";"49.95";"Training Videos";"199.8"
"gmieren4@taobao.com#mailto:gmieren4@taobao.com#";"Nashville";"06/03/2021";"2";"Cloud Computing";"29.99";"Training Videos";"59.98"
"ulogsdale5w@joomla.org#mailto:ulogsdale5w@joomla.org#";"Memphis";"06/03/2021";"3";"Delta Robots";"16.99";"eBooks";"50.97"
"cklugerlg@sfgate.com#mailto:cklugerlg@sfgate.com#";"San Diego";"06/04/2020";"4";"Sleepy Eye Blueprint";"11.99";"Blueprints";"47.96"
"bbarthode@sina.com.cn#mailto:bbarthode@sina.com.cn#";"Long Beach";"06/04/2020";"6";"Cat Robot Blueprint";"4.99";"Blueprints";"29.94"
"hhaw9q@answers.com#mailto:hhaw9q@answers.com#";"Boise";"06/04/2020";"2";"DTE-QFN20 Drone";"250";"Drones";"500"
"aiveanskk@wired.com#mailto:aiveanskk@wired.com#";"Springfield";"06/04/2020";"4";"Spherical Robots";"16.75";"eBooks";"67"
"lmccuisbj@digg.com#mailto:lmccuisbj@digg.com#";"Lawrenceville";"06/04/2020";"3";"RTF Drones";"16.99";"eBooks";"50.97"
"loreillyk9@noaa.gov#mailto:loreillyk9@noaa.gov#";"Winter Haven";"06/04/2021";"1";"Ladybug Robot Blueprint";"12";"Blueprints";"12"
"ysabathe34@wired.com#mailto:ysabathe34@wired.com#";"Huntington";"06/05/2020";"2";"All Eyes Drone Blueprint";"9.99";"Blueprints";"19.98"
"shasnip86@qq.com#mailto:shasnip86@qq.com#";"Tucson";"06/05/2020";"4";"Sleepy Eye Blueprint";"11.99";"Blueprints";"47.96"
"sbattellj4@soundcloud.com#mailto:sbattellj4@soundcloud.com#";"San Antonio";"06/05/2020";"5";"Understanding 3D Printing";"42.99";"Training Videos";"214.95000000000002"
"bbowering7w@buzzfeed.com#mailto:bbowering7w@buzzfeed.com#";"Brooklyn";"06/05/2020";"1";"QuadroCopter Blueprint";"10.99";"Blueprints";"10.99"
"lhughes8y@qq.com#mailto:lhughes8y@qq.com#";"Phoenix";"06/05/2021";"5";"BYOD-550";"179";"Drone Kits";"895"
"cearngydt@cbsnews.com#mailto:cearngydt@cbsnews.com#";"Houston";"06/05/2021";"1";"Multi Rotor Drones";"24.95";"eBooks";"24.95"
"marensn4@omniture.com#mailto:marensn4@omniture.com#";"Brooklyn";"06/05/2021";"4";"Understanding Artificial Intelligence";"19.5";"eBooks";"78"
"rbarfflh@oracle.com#mailto:rbarfflh@oracle.com#";"Houston";"06/05/2021";"3";"BYOD-200";"58.95";"Drone Kits";"176.85000000000002"
"hsparkebr@odnoklassniki.ru#mailto:hsparkebr@odnoklassniki.ru#";"Augusta";"06/05/2021";"3";"RTF Drones";"16.99";"eBooks";"50.97"
"akelwaybamber47@pinterest.com#mailto:akelwaybamber47@pinterest.com#";"Boca Raton";"06/05/2021";"1";"RTF Drones";"16.99";"eBooks";"16.99"
"candrichukrd@wikimedia.org#mailto:candrichukrd@wikimedia.org#";"Cincinnati";"06/06/2020";"2";"DX-145 Drone";"250";"Drones";"500"
"rbevirnj@blogspot.com#mailto:rbevirnj@blogspot.com#";"Houston";"06/06/2020";"3";"Delta Robots";"16.99";"eBooks";"50.97"
"isorohr@symantec.com#mailto:isorohr@symantec.com#";"Sioux Falls";"06/06/2021";"3";"BYOD-350";"89.95";"Drone Kits";"269.85"
"lcridlonkj@sina.com.cn#mailto:lcridlonkj@sina.com.cn#";"Springfield";"06/06/2021";"6";"DTE-QFN20 Drone";"250";"Drones";"1500"
"idurnillms@vinaora.com#mailto:idurnillms@vinaora.com#";"Fresno";"06/06/2021";"6";"BYOD-220";"69";"Drone Kits";"414"
"tcowper25@netlog.com#mailto:tcowper25@netlog.com#";"Fort Worth";"06/06/2021";"5";"DTE-QFN20 Drone";"250";"Drones";"1250"
"rhankey71@jigsy.com#mailto:rhankey71@jigsy.com#";"Saint Louis";"06/06/2021";"1";"Polar Robots";"23.99";"eBooks";"23.99"
"jginley9y@seesaa.net#mailto:jginley9y@seesaa.net#";"Dayton";"06/07/2020";"4";"Understanding Artificial Intelligence";"19.5";"eBooks";"78"
"lartheyd6@cnbc.com#mailto:lartheyd6@cnbc.com#";"Louisville";"06/07/2020";"3";"DTE-QFN20 Drone";"250";"Drones";"750"
"mmerigonaz@go.com#mailto:mmerigonaz@go.com#";"Boynton Beach";"06/07/2020";"4";"Drone Building Essentials";"13.99";"eBooks";"55.96"
"rpearfs@nytimes.com#mailto:rpearfs@nytimes.com#";"Pueblo";"06/07/2021";"2";"QuadroCopter Blueprint";"10.99";"Blueprints";"21.98"
"mbignall8i@vinaora.com#mailto:mbignall8i@vinaora.com#";"Sterling";"06/07/2021";"3";"BYOR-1000";"189";"Robot Kits";"567"
"sfeifer3z@mit.edu#mailto:sfeifer3z@mit.edu#";"Tampa";"06/07/2021";"4";"Building Your Own Drone";"24.99";"eBooks";"99.96"
"ezanuttii6@rakuten.co.jp#mailto:ezanuttii6@rakuten.co.jp#";"El Paso";"06/07/2021";"3";"DTD-7000 Drone";"450";"Drones";"1350"
"ebelamyq5@t-online.de#mailto:ebelamyq5@t-online.de#";"Denver";"06/07/2021";"4";"BYOD-550";"179";"Drone Kits";"716"
"byerringtonct@intel.com#mailto:byerringtonct@intel.com#";"Ann Arbor";"06/08/2020";"5";"Delta Robots";"16.99";"eBooks";"84.94999999999999"
"rbarfflh@oracle.com#mailto:rbarfflh@oracle.com#";"Houston";"06/08/2020";"2";"BYOR-1500";"189";"Robot Kits";"378"
"voels7q@virginia.edu#mailto:voels7q@virginia.edu#";"Tucson";"06/08/2020";"1";"RXW-9807 Robot";"599";"Robots";"599"
"sdixceekl@vkontakte.ru#mailto:sdixceekl@vkontakte.ru#";"Lafayette";"06/08/2020";"4";"Photograph Drones";"14.99";"eBooks";"59.96"
"ematlockrn@xrea.com#mailto:ematlockrn@xrea.com#";"Washington";"06/08/2020";"2";"BYOD-400";"119";"Drone Kits";"238"
"lpolandmi@goodreads.com#mailto:lpolandmi@goodreads.com#";"Lexington";"06/08/2020";"2";"DA-SA702 Drone";"399";"Drones";"798"
"hwimesbb@deviantart.com#mailto:hwimesbb@deviantart.com#";"Miami";"06/08/2021";"3";"Understanding Raspberry PI";"28.99";"Training Videos";"86.97"
"hfaulconerbv@msu.edu#mailto:hfaulconerbv@msu.edu#";"Galveston";"06/08/2021";"5";"RWW-75 Robot";"883";"Robots";"4415"
"sduxbury2c@dell.com#mailto:sduxbury2c@dell.com#";"Oklahoma City";"06/08/2021";"2";"BYOR-1500";"189";"Robot Kits";"378"
"jnewlinq9@admin.ch#mailto:jnewlinq9@admin.ch#";"Jackson";"06/08/2021";"3";"Industrial 3D Printing";"49";"Training Videos";"147"
"dtauntond0@about.me#mailto:dtauntond0@about.me#";"San Francisco";"06/08/2021";"1";"Drone Building Essentials";"13.99";"eBooks";"13.99"
"ccollopoi@delicious.com#mailto:ccollopoi@delicious.com#";"Pittsburgh";"06/09/2020";"2";"Sleepy Eye Blueprint";"11.99";"Blueprints";"23.98"
"tlynock21@wunderground.com#mailto:tlynock21@wunderground.com#";"Chico";"06/09/2020";"3";"MICR-23K Robot";"899";"Robots";"2697"
"rlevayis@angelfire.com#mailto:rlevayis@angelfire.com#";"Lake Worth";"06/09/2021";"1";"Polar Robots";"23.99";"eBooks";"23.99"
"hcuckoooy@nba.com#mailto:hcuckoooy@nba.com#";"Washington";"06/09/2021";"4";"Articulated Robots";"23.99";"eBooks";"95.96"
"tcoytesas@technorati.com#mailto:tcoytesas@technorati.com#";"Monticello";"06/09/2021";"3";"BYOR-1000";"189";"Robot Kits";"567"
"gagius9a@about.me#mailto:gagius9a@about.me#";"Houston";"06/09/2021";"3";"BYOD-400";"119";"Drone Kits";"357"
"wbernolet9v@ft.com#mailto:wbernolet9v@ft.com#";"Appleton";"06/10/2020";"3";"Ladybug Robot Blueprint";"12";"Blueprints";"36"
"rcronk30@europa.eu#mailto:rcronk30@europa.eu#";"Houston";"06/10/2020";"5";"Building Your First Robot";"24.95";"eBooks";"124.75"
"churticoc@infoseek.co.jp#mailto:churticoc@infoseek.co.jp#";"Oklahoma City";"06/10/2020";"6";"BYOR-3535";"225";"Robot Kits";"1350"
"shellcatj9@economist.com#mailto:shellcatj9@economist.com#";"Fresno";"06/10/2020";"4";"MICR-23K Robot";"899";"Robots";"3596"
"jnowlandms@cbsnews.com#mailto:jnowlandms@cbsnews.com#";"Schenectady";"06/10/2021";"4";"BYOR-1000";"189";"Robot Kits";"756"
"myitzhakl5@stumbleupon.com#mailto:myitzhakl5@stumbleupon.com#";"Philadelphia";"06/10/2021";"4";"Sleepy Eye Blueprint";"11.99";"Blueprints";"47.96"
"isipsona0@ftc.gov#mailto:isipsona0@ftc.gov#";"Mobile";"06/10/2021";"1";"Understanding Raspberry PI";"28.99";"Training Videos";"28.99"
"aphiloji@state.tx.us#mailto:aphiloji@state.tx.us#";"Minneapolis";"06/11/2020";"4";"RQTE-554 Robot";"684";"Robots";"2736"
"ameasenbt@hubpages.com#mailto:ameasenbt@hubpages.com#";"Newark";"06/11/2021";"5";"Industrial 3D Printing";"49";"Training Videos";"245"
"afanning12@dmoz.org#mailto:afanning12@dmoz.org#";"Arlington";"06/11/2021";"6";"Bsquare Robot Blueprint";"8.99";"Blueprints";"53.94"
"tburch7g@jugem.jp#mailto:tburch7g@jugem.jp#";"Fort Lauderdale";"06/11/2021";"5";"Ladybug Robot Blueprint";"12";"Blueprints";"60"
"rtobiasnt@alexa.com#mailto:rtobiasnt@alexa.com#";"Jamaica";"06/12/2020";"2";"MICR-564K Drone";"499";"Drones";"998"
"barmfirlda5@dailymotion.com#mailto:barmfirlda5@dailymotion.com#";"Seattle";"06/12/2020";"2";"SCARA Robots";"19.5";"eBooks";"39"
"gcoopeydc@samsung.com#mailto:gcoopeydc@samsung.com#";"Atlanta";"06/12/2020";"3";"Aerial Security";"36.99";"Training Videos";"110.97"
"dthomazetc2@merriam-webster.com#mailto:dthomazetc2@merriam-webster.com#";"Decatur";"06/12/2020";"4";"AI for Educators";"49.95";"Training Videos";"199.8"
"eholleworth6j@de.vu#mailto:eholleworth6j@de.vu#";"Richmond";"06/12/2020";"3";"Drone Video Techniques";"37.99";"Training Videos";"113.97"
"dperellihx@dagondesign.com#mailto:dperellihx@dagondesign.com#";"Fairbanks";"06/12/2021";"4";"BYOD-350";"89.95";"Drone Kits";"359.8"
"gpritchett9i@wikipedia.org#mailto:gpritchett9i@wikipedia.org#";"Jackson";"06/12/2021";"3";"Open Source Code";"32.95";"Training Videos";"98.85000000000001"
"pgowfy@businessweek.com#mailto:pgowfy@businessweek.com#";"Dayton";"06/12/2021";"5";"SCARA Robots";"19.5";"eBooks";"97.5"
"cchadwickg2@craigslist.org#mailto:cchadwickg2@craigslist.org#";"Bakersfield";"06/12/2021";"5";"GPS Drones";"19.99";"eBooks";"99.94999999999999"
"ufilochov4r@nytimes.com#mailto:ufilochov4r@nytimes.com#";"Cincinnati";"06/12/2021";"4";"Cloud Computing";"29.99";"Training Videos";"119.96"
"ihalei4@nifty.com#mailto:ihalei4@nifty.com#";"Tampa";"06/12/2021";"4";"Fixed Wing Drones";"15.5";"eBooks";"62"
"fphebee40@seattletimes.com#mailto:fphebee40@seattletimes.com#";"South Bend";"06/12/2021";"4";"BYOD-300";"89";"Drone Kits";"356"
"gchaloneri6@about.com#mailto:gchaloneri6@about.com#";"Houston";"06/12/2021";"3";"Multi Rotor Drones";"24.95";"eBooks";"74.85"
"rdeerec6@china.com.cn#mailto:rdeerec6@china.com.cn#";"Syracuse";"07/01/2020";"5";"Cartesian Robots";"12.99";"eBooks";"64.95"
"ascarsbrooke6g@bloglovin.com#mailto:ascarsbrooke6g@bloglovin.com#";"Jackson";"07/01/2020";"5";"DX-145 Drone";"250";"Drones";"1250"
"cloinsjc@mail.ru#mailto:cloinsjc@mail.ru#";"Oklahoma City";"07/01/2020";"4";"BYOR-3000";"214";"Robot Kits";"856"
"mellseo8@engadget.com#mailto:mellseo8@engadget.com#";"Reno";"07/01/2020";"2";"Drone Video Techniques";"37.99";"Training Videos";"75.98"
"nclandillon9s@huffingtonpost.com#mailto:nclandillon9s@huffingtonpost.com#";"Lincoln";"07/01/2020";"1";"Articulated Robots";"23.99";"eBooks";"23.99"
"mmulcasterks@spiegel.de#mailto:mmulcasterks@spiegel.de#";"Columbus";"07/01/2020";"4";"DX-145 Drone";"250";"Drones";"1000"
"hwimesbb@deviantart.com#mailto:hwimesbb@deviantart.com#";"Miami";"07/01/2020";"6";"Building Your First Robot";"24.95";"eBooks";"149.7"
"tleishmanmi@msu.edu#mailto:tleishmanmi@msu.edu#";"Pensacola";"07/01/2020";"3";"AI for Educators";"49.95";"Training Videos";"149.85000000000002"
"ndegv@sakura.ne.jp#mailto:ndegv@sakura.ne.jp#";"Anniston";"07/01/2020";"5";"Creature Robot Arms Blueprint";"12";"Blueprints";"60"
"jjackwaysgw@wiley.com#mailto:jjackwaysgw@wiley.com#";"Jamaica";"07/01/2021";"2";"Drone Video Techniques";"37.99";"Training Videos";"75.98"
"agrzelewskimt@intel.com#mailto:agrzelewskimt@intel.com#";"Tucson";"07/01/2021";"3";"Fixed Wing Drones";"15.5";"eBooks";"46.5"
"ralekseev5o@elpais.com#mailto:ralekseev5o@elpais.com#";"Olympia";"07/01/2021";"4";"BYOR-3000";"214";"Robot Kits";"856"
"zpoolmaniz@linkedin.com#mailto:zpoolmaniz@linkedin.com#";"Fargo";"07/02/2020";"4";"Building Your Own Drone";"24.99";"eBooks";"99.96"
"lrobacknn@newyorker.com#mailto:lrobacknn@newyorker.com#";"Madison";"07/02/2020";"4";"Cartesian Robots";"12.99";"eBooks";"51.96"
"hwissbypy@msu.edu#mailto:hwissbypy@msu.edu#";"Chicago";"07/02/2020";"4";"Bsquare Robot Blueprint";"8.99";"Blueprints";"35.96"
"cscarr9m@yahoo.com#mailto:cscarr9m@yahoo.com#";"Montgomery";"07/02/2020";"2";"Delivery Drones";"14.99";"eBooks";"29.98"
"ckobierzyckipr@sogou.com#mailto:ckobierzyckipr@sogou.com#";"Atlanta";"07/02/2020";"1";"Building Your Own Drone";"24.99";"eBooks";"24.99"
"wspark10@mashable.com#mailto:wspark10@mashable.com#";"Reston";"07/02/2020";"5";"MICR-564K Drone";"499";"Drones";"2495"
"gmander4i@biblegateway.com#mailto:gmander4i@biblegateway.com#";"Boise";"07/02/2021";"4";"BYOD-400S";"129.95";"Drone Kits";"519.8"
"iwasielaal@amazon.co.jp#mailto:iwasielaal@amazon.co.jp#";"Houston";"07/02/2021";"3";"SCARA Robots";"19.5";"eBooks";"58.5"
"ebelamyq5@t-online.de#mailto:ebelamyq5@t-online.de#";"Denver";"07/02/2021";"3";"BYOR-1500";"189";"Robot Kits";"567"
"nbritonax@miibeian.gov.cn#mailto:nbritonax@miibeian.gov.cn#";"San Jose";"07/02/2021";"2";"Understanding Artificial Intelligence";"19.5";"eBooks";"39"
"gbonde90@vimeo.com#mailto:gbonde90@vimeo.com#";"San Francisco";"07/03/2020";"5";"Ladybug Robot Blueprint";"12";"Blueprints";"60"
"enardipv@networkadvertising.org#mailto:enardipv@networkadvertising.org#";"Cape Coral";"07/03/2020";"4";"Mapping with Drones";"49";"Training Videos";"196"
"klyer8@fotki.com#mailto:klyer8@fotki.com#";"Syracuse";"07/03/2020";"5";"DA-SA702 Drone";"399";"Drones";"1995"
"olakesar@tripadvisor.com#mailto:olakesar@tripadvisor.com#";"Saint Petersburg";"07/03/2020";"5";"BYOR-1000";"189";"Robot Kits";"945"
"nwebberley8w@studiopress.com#mailto:nwebberley8w@studiopress.com#";"Washington";"07/03/2021";"4";"Ladybug Robot Blueprint";"12";"Blueprints";"48"
"cgrzelak1w@feedburner.com#mailto:cgrzelak1w@feedburner.com#";"Memphis";"07/03/2021";"5";"BYOD-500";"167";"Drone Kits";"835"
"ifoulkes16@t-online.de#mailto:ifoulkes16@t-online.de#";"Des Moines";"07/03/2021";"4";"Delivery Drones";"14.99";"eBooks";"59.96"
"rscamblernd@dedecms.com#mailto:rscamblernd@dedecms.com#";"Albuquerque";"07/03/2021";"3";"RTF Drones";"16.99";"eBooks";"50.97"
"smoylan83@etsy.com#mailto:smoylan83@etsy.com#";"Flint";"07/03/2021";"4";"Sleepy Eye Blueprint";"11.99";"Blueprints";"47.96"
"pmenendezcv@squarespace.com#mailto:pmenendezcv@squarespace.com#";"Galveston";"07/03/2021";"5";"Cat Robot Blueprint";"4.99";"Blueprints";"24.950000000000003"
"bhrishanokd2@archive.org#mailto:bhrishanokd2@archive.org#";"Pasadena";"07/03/2021";"2";"DA-SA702 Drone";"399";"Drones";"798"
"kcoytenm@bandcamp.com#mailto:kcoytenm@bandcamp.com#";"Philadelphia";"07/03/2021";"3";"DTI-84 Drone";"455";"Drones";"1365"
"kpriumd9@clickbank.net#mailto:kpriumd9@clickbank.net#";"Norfolk";"07/03/2021";"6";"BYOD-400";"119";"Drone Kits";"714"
"asaylor4g@weebly.com#mailto:asaylor4g@weebly.com#";"Toledo";"07/03/2021";"3";"Bsquare Robot Blueprint";"8.99";"Blueprints";"26.97"
"cbaylessm3@mayoclinic.com#mailto:cbaylessm3@mayoclinic.com#";"Charleston";"07/04/2020";"5";"Creature Robot Arms Blueprint";"12";"Blueprints";"60"
"lcridlonkj@sina.com.cn#mailto:lcridlonkj@sina.com.cn#";"Springfield";"07/04/2020";"5";"DA-SA702 Drone";"399";"Drones";"1995"
"naaronoh@ihg.com#mailto:naaronoh@ihg.com#";"Baltimore";"07/04/2020";"3";"Single Rotor Drones";"14.99";"eBooks";"44.97"
"wcreweem@ycombinator.com#mailto:wcreweem@ycombinator.com#";"Anchorage";"07/04/2020";"5";"BYOR-1000";"189";"Robot Kits";"945"
"cillwellk2@cdbaby.com#mailto:cillwellk2@cdbaby.com#";"Tacoma";"07/04/2020";"5";"Understanding Arduino";"17.5";"eBooks";"87.5"
"mbraunstonn3@histats.com#mailto:mbraunstonn3@histats.com#";"Brooklyn";"07/04/2020";"2";"Understanding Automation";"44.95";"Training Videos";"89.9"
"kantyukhingx@com.com#mailto:kantyukhingx@com.com#";"Fresno";"07/04/2020";"4";"Understanding Drone Regulations";"27.5";"Training Videos";"110"
"mmeneerkx@symantec.com#mailto:mmeneerkx@symantec.com#";"Daytona Beach";"07/04/2020";"3";"Drone Building Essentials";"13.99";"eBooks";"41.97"
"abrandoneiw@wunderground.com#mailto:abrandoneiw@wunderground.com#";"New York City";"07/04/2021";"3";"Mapping with Drones";"49";"Training Videos";"147"
"gleveringtonkq@sina.com.cn#mailto:gleveringtonkq@sina.com.cn#";"Topeka";"07/04/2021";"4";"BYOD-100";"54";"Drone Kits";"216"
"vcosteb2@umn.edu#mailto:vcosteb2@umn.edu#";"Grand Rapids";"07/05/2020";"2";"Ladybug Robot Blueprint";"12";"Blueprints";"24"
"zpoolmaniz@linkedin.com#mailto:zpoolmaniz@linkedin.com#";"Fargo";"07/05/2020";"5";"BYOD-500";"167";"Drone Kits";"835"
"velvidgeid@thetimes.co.uk#mailto:velvidgeid@thetimes.co.uk#";"Houston";"07/05/2020";"3";"Polar Robots";"23.99";"eBooks";"71.97"
"civeslf@sina.com.cn#mailto:civeslf@sina.com.cn#";"Albuquerque";"07/05/2020";"2";"Drone Video Techniques";"37.99";"Training Videos";"75.98"
"tcharette2c@google.com.br#mailto:tcharette2c@google.com.br#";"Akron";"07/05/2020";"2";"BYOD-220";"69";"Drone Kits";"138"
"acoggeshalloz@ucoz.com#mailto:acoggeshalloz@ucoz.com#";"Tallahassee";"07/05/2021";"3";"All Eyes Drone Blueprint";"9.99";"Blueprints";"29.97"
"dgrimditch8i@prweb.com#mailto:dgrimditch8i@prweb.com#";"Bronx";"07/05/2021";"3";"Ladybug Robot Blueprint";"12";"Blueprints";"36"
"cklugerlg@sfgate.com#mailto:cklugerlg@sfgate.com#";"San Diego";"07/05/2021";"1";"BYOR-2640S";"189";"Robot Kits";"189"
"rcullip99@hubpages.com#mailto:rcullip99@hubpages.com#";"Seattle";"07/05/2021";"5";"Drone Video Techniques";"37.99";"Training Videos";"189.95000000000002"
"ocainey6t@simplemachines.org#mailto:ocainey6t@simplemachines.org#";"Woburn";"07/06/2020";"4";"Photograph Drones";"14.99";"eBooks";"59.96"
"lmciverr0@linkedin.com#mailto:lmciverr0@linkedin.com#";"Lehigh Acres";"07/06/2020";"2";"Building Your First Robot";"24.95";"eBooks";"49.9"
"mknyvettt@spiegel.de#mailto:mknyvettt@spiegel.de#";"Shawnee Mission";"07/06/2020";"3";"RWW-75 Robot";"883";"Robots";"2649"
"fpatesel7u@slideshare.net#mailto:fpatesel7u@slideshare.net#";"Huntington";"07/06/2020";"5";"BYOD-220";"69";"Drone Kits";"345"
"kbolf8z@smh.com.au#mailto:kbolf8z@smh.com.au#";"Phoenix";"07/06/2020";"6";"Multi Rotor Drones";"24.95";"eBooks";"149.7"
"mbetkepi@goo.gl#mailto:mbetkepi@goo.gl#";"Garland";"07/06/2021";"3";"BYOD-400";"119";"Drone Kits";"357"
"jpinchen15@behance.net#mailto:jpinchen15@behance.net#";"Birmingham";"07/07/2020";"1";"Understanding Raspberry PI";"28.99";"Training Videos";"28.99"
"ncockettj0@ibm.com#mailto:ncockettj0@ibm.com#";"Richmond";"07/07/2020";"4";"Spherical Robots";"16.75";"eBooks";"67"
"ahattersleyiy@hao123.com#mailto:ahattersleyiy@hao123.com#";"Omaha";"07/07/2020";"6";"BYOD-300";"89";"Drone Kits";"534"
"aspur17@gmpg.org#mailto:aspur17@gmpg.org#";"Shreveport";"07/07/2021";"4";"Spherical Robots";"16.75";"eBooks";"67"
"wrowlstone4z@google.nl#mailto:wrowlstone4z@google.nl#";"White Plains";"07/07/2021";"6";"Aerial Security";"36.99";"Training Videos";"221.94"
"ascarsbrooke6g@bloglovin.com#mailto:ascarsbrooke6g@bloglovin.com#";"Jackson";"07/07/2021";"2";"BYOR-2640S";"189";"Robot Kits";"378"
"gdeevey9@springer.com#mailto:gdeevey9@springer.com#";"Harrisburg";"07/07/2021";"5";"Single Rotor Drones";"14.99";"eBooks";"74.95"
"rkeeling3y@redcross.org#mailto:rkeeling3y@redcross.org#";"Daytona Beach";"07/07/2021";"3";"Creature Robot Arms Blueprint";"12";"Blueprints";"36"
"srisdale6s@purevolume.com#mailto:srisdale6s@purevolume.com#";"Salt Lake City";"07/08/2020";"4";"Multi Rotor Drones";"24.95";"eBooks";"99.8"
"dkeasymh@boston.com#mailto:dkeasymh@boston.com#";"Phoenix";"07/08/2020";"2";"RCB-889 Robot";"549";"Robots";"1098"
"gkingegn@pinterest.com#mailto:gkingegn@pinterest.com#";"Sacramento";"07/08/2020";"5";"RWW-75 Robot";"883";"Robots";"4415"
"gfarranbs@hugedomains.com#mailto:gfarranbs@hugedomains.com#";"Boise";"07/08/2020";"4";"Articulated Robots";"23.99";"eBooks";"95.96"
"rarthars3e@mysql.com#mailto:rarthars3e@mysql.com#";"Humble";"07/08/2021";"4";"Polar Robots";"23.99";"eBooks";"95.96"
"gcruftsg0@fda.gov#mailto:gcruftsg0@fda.gov#";"Fresno";"07/08/2021";"3";"QuadroCopter Blueprint";"10.99";"Blueprints";"32.97"
"wclamptonjc@pen.io#mailto:wclamptonjc@pen.io#";"Nashville";"07/08/2021";"2";"BYOD-300";"89";"Drone Kits";"178"
"driccardinijb@eventbrite.com#mailto:driccardinijb@eventbrite.com#";"Decatur";"07/08/2021";"4";"Cloud Computing";"29.99";"Training Videos";"119.96"
"bmartygineg@4shared.com#mailto:bmartygineg@4shared.com#";"Washington";"07/08/2021";"3";"BYOR-3535";"225";"Robot Kits";"675"
"babrahamssonje@twitter.com#mailto:babrahamssonje@twitter.com#";"Philadelphia";"07/09/2020";"3";"RXW-9807 Robot";"599";"Robots";"1797"
"amillionspa@hc360.com#mailto:amillionspa@hc360.com#";"Rochester";"07/09/2020";"4";"Building Your Own Drone";"24.99";"eBooks";"99.96"
"utourrylr@delicious.com#mailto:utourrylr@delicious.com#";"Waco";"07/09/2020";"2";"Helicopter Drones";"20.95";"eBooks";"41.9"
"nmcsperronj7@miitbeian.gov.cn#mailto:nmcsperronj7@miitbeian.gov.cn#";"Los Angeles";"07/09/2021";"4";"Cat Robot Blueprint";"4.99";"Blueprints";"19.96"
"fmundfordgb@apple.com#mailto:fmundfordgb@apple.com#";"Arlington";"07/09/2021";"5";"Photograph Drones";"14.99";"eBooks";"74.95"
"ijohanningrq@t-online.de#mailto:ijohanningrq@t-online.de#";"Kansas City";"07/09/2021";"2";"All Eyes Drone Blueprint";"9.99";"Blueprints";"19.98"
"hmallowsnk@walmart.com#mailto:hmallowsnk@walmart.com#";"Cincinnati";"07/09/2021";"6";"DTE-QFN20 Drone";"250";"Drones";"1500"
"vfadian2a@flickr.com#mailto:vfadian2a@flickr.com#";"Jamaica";"07/09/2021";"6";"Helicopter Drones";"20.95";"eBooks";"125.69999999999999"
"apurchonep@live.com#mailto:apurchonep@live.com#";"London";"07/09/2021";"3";"DTE-QFN20 Drone";"250";"Drones";"750"
"bwaiton1@geocities.com#mailto:bwaiton1@geocities.com#";"Madison";"07/10/2020";"4";"MICR-564K Drone";"499";"Drones";"1996"
"mheasleyd1@cnet.com#mailto:mheasleyd1@cnet.com#";"Rochester";"07/10/2020";"5";"Spherical Robots";"16.75";"eBooks";"83.75"
"srisdale6s@purevolume.com#mailto:srisdale6s@purevolume.com#";"Salt Lake City";"07/10/2020";"3";"BYOD-400";"119";"Drone Kits";"357"
"fcolpus9b@prlog.org#mailto:fcolpus9b@prlog.org#";"Berkeley";"07/10/2020";"3";"Cat Robot Blueprint";"4.99";"Blueprints";"14.97"
"bpeteragb@wufoo.com#mailto:bpeteragb@wufoo.com#";"Atlanta";"07/10/2020";"1";"BYOR-2640S";"189";"Robot Kits";"189"
"kkneathqp@spotify.com#mailto:kkneathqp@spotify.com#";"San Antonio";"07/10/2021";"6";"GPS Drones";"19.99";"eBooks";"119.94"
"arelfro@dion.ne.jp#mailto:arelfro@dion.ne.jp#";"Pittsburgh";"07/10/2021";"1";"Understanding Automation";"44.95";"Training Videos";"44.95"
"krichmond9g@mozilla.org#mailto:krichmond9g@mozilla.org#";"Fort Smith";"07/10/2021";"4";"BYOR-3535";"225";"Robot Kits";"900"
"wspark10@mashable.com#mailto:wspark10@mashable.com#";"Reston";"07/11/2020";"6";"BYOD-350";"89.95";"Drone Kits";"539.7"
"eandrejevic2i@people.com.cn#mailto:eandrejevic2i@people.com.cn#";"Birmingham";"07/11/2020";"3";"BYOR-2640S";"189";"Robot Kits";"567"
"ekondratowiczqh@photobucket.com#mailto:ekondratowiczqh@photobucket.com#";"El Paso";"07/11/2021";"3";"Delivery Drones";"14.99";"eBooks";"44.97"
"bscoginm3@yelp.com#mailto:bscoginm3@yelp.com#";"Saint Louis";"07/11/2021";"2";"Spherical Robots";"16.75";"eBooks";"33.5"
"rechalier4o@hexun.com#mailto:rechalier4o@hexun.com#";"Los Angeles";"07/11/2021";"4";"AI for Educators";"49.95";"Training Videos";"199.8"
"msilbermannd0@yolasite.com#mailto:msilbermannd0@yolasite.com#";"Detroit";"07/11/2021";"2";"DTE-QFN20 Drone";"250";"Drones";"500"
"thamil87@telegraph.co.uk#mailto:thamil87@telegraph.co.uk#";"Detroit";"07/11/2021";"2";"Understanding 3D Printing";"42.99";"Training Videos";"85.98"
"hthewqd@hhs.gov#mailto:hthewqd@hhs.gov#";"Bethesda";"07/11/2021";"2";"BYOD-200";"58.95";"Drone Kits";"117.9"
"sbrando88@cpanel.net#mailto:sbrando88@cpanel.net#";"San Diego";"07/12/2020";"4";"All Eyes Drone Blueprint";"9.99";"Blueprints";"39.96"
"lpolandmi@goodreads.com#mailto:lpolandmi@goodreads.com#";"Lexington";"07/12/2020";"4";"Multi Rotor Drones";"24.95";"eBooks";"99.8"
"abentleyx@miitbeian.gov.cn#mailto:abentleyx@miitbeian.gov.cn#";"Atlanta";"07/12/2020";"3";"RTF Drones";"16.99";"eBooks";"50.97"
"ograithaq@bbc.co.uk#mailto:ograithaq@bbc.co.uk#";"New York City";"07/12/2020";"3";"Cartesian Robots";"12.99";"eBooks";"38.97"
"rgilbeyat@clickbank.net#mailto:rgilbeyat@clickbank.net#";"Manassas";"07/12/2021";"3";"Robotic Essentials";"34.99";"Training Videos";"104.97"
"wconybearoy@webnode.com#mailto:wconybearoy@webnode.com#";"Austin";"07/12/2021";"4";"Understanding Artificial Intelligence";"19.5";"eBooks";"78"
"sruberti9l@dion.ne.jp#mailto:sruberti9l@dion.ne.jp#";"Phoenix";"07/12/2021";"4";"RQTE-554 Robot";"684";"Robots";"2736"
"mknyvettt@spiegel.de#mailto:mknyvettt@spiegel.de#";"Shawnee Mission";"08/01/2020";"1";"BYOR-1000";"189";"Robot Kits";"189"
"dshelborne6w@4shared.com#mailto:dshelborne6w@4shared.com#";"Columbus";"08/01/2020";"4";"Understanding 3D Printing";"42.99";"Training Videos";"171.96"
"emergue9q@nhs.uk#mailto:emergue9q@nhs.uk#";"Greensboro";"08/01/2020";"6";"GPS Drones";"19.99";"eBooks";"119.94"
"ykikkec5@bing.com#mailto:ykikkec5@bing.com#";"Arlington";"08/01/2020";"4";"BYOR-2640S";"189";"Robot Kits";"756"
"jhambelton76@moonfruit.com#mailto:jhambelton76@moonfruit.com#";"Riverside";"08/01/2021";"3";"DTI-84 Drone";"455";"Drones";"1365"
"gmalbon26@auda.org.au#mailto:gmalbon26@auda.org.au#";"Louisville";"08/01/2021";"5";"DTE-QFN20 Drone";"250";"Drones";"1250"
"tsailoro4@barnesandnoble.com#mailto:tsailoro4@barnesandnoble.com#";"Las Vegas";"08/02/2020";"5";"Understanding Drone Regulations";"27.5";"Training Videos";"137.5"
"rjachtym3c@usda.gov#mailto:rjachtym3c@usda.gov#";"Boston";"08/02/2020";"6";"Delivery Drones";"14.99";"eBooks";"89.94"
"ecowthart1h@scientificamerican.com#mailto:ecowthart1h@scientificamerican.com#";"Saint Paul";"08/02/2020";"4";"BYOD-400S";"129.95";"Drone Kits";"519.8"
"dcandey3b@cocolog-nifty.com#mailto:dcandey3b@cocolog-nifty.com#";"Denver";"08/02/2020";"2";"Understanding Drone Regulations";"27.5";"Training Videos";"55"
"dhuddartht@networksolutions.com#mailto:dhuddartht@networksolutions.com#";"Miami";"08/02/2020";"3";"DTE-QFN20 Drone";"250";"Drones";"750"
"tcowper25@netlog.com#mailto:tcowper25@netlog.com#";"Fort Worth";"08/02/2020";"4";"RWW-75 Robot";"883";"Robots";"3532"
"ksteershp@ameblo.jp#mailto:ksteershp@ameblo.jp#";"San Diego";"08/02/2021";"5";"RXW-9807 Robot";"599";"Robots";"2995"
"hfurnivall1@bing.com#mailto:hfurnivall1@bing.com#";"Round Rock";"08/02/2021";"5";"Multi Rotor Drones";"24.95";"eBooks";"124.75"
"mrodmellaf@feedburner.com#mailto:mrodmellaf@feedburner.com#";"Salt Lake City";"08/02/2021";"3";"Spherical Robots";"16.75";"eBooks";"50.25"
"gtolomioo@ebay.co.uk#mailto:gtolomioo@ebay.co.uk#";"Lexington";"08/02/2021";"1";"BYOD-220";"69";"Drone Kits";"69"
"eweedeneb@google.ca#mailto:eweedeneb@google.ca#";"Erie";"08/02/2021";"5";"Cat Robot Blueprint";"4.99";"Blueprints";"24.950000000000003"
"rattenbrowb9@jigsy.com#mailto:rattenbrowb9@jigsy.com#";"Aurora";"08/02/2021";"3";"BYOD-400";"119";"Drone Kits";"357"
"afairpoge@joomla.org#mailto:afairpoge@joomla.org#";"Albany";"08/02/2021";"3";"Understanding 3D Printing";"42.99";"Training Videos";"128.97"
"bwaszczykpm@fda.gov#mailto:bwaszczykpm@fda.gov#";"San Antonio";"08/02/2021";"3";"Helicopter Drones";"20.95";"eBooks";"62.849999999999994"
"rbalogiw@arstechnica.com#mailto:rbalogiw@arstechnica.com#";"Birmingham";"08/03/2020";"2";"BYOR-1500";"189";"Robot Kits";"378"
"pleberkj@sitemeter.com#mailto:pleberkj@sitemeter.com#";"Billings";"08/03/2020";"1";"RQTE-554 Robot";"684";"Robots";"684"
"achristolqa@networksolutions.com#mailto:achristolqa@networksolutions.com#";"Charleston";"08/03/2020";"5";"DC-304 Drone";"395";"Drones";"1975"
"pbracec3@shinystat.com#mailto:pbracec3@shinystat.com#";"Columbia";"08/03/2020";"5";"Delta Robots";"16.99";"eBooks";"84.94999999999999"
"bdrewclifton8y@nps.gov#mailto:bdrewclifton8y@nps.gov#";"Inglewood";"08/03/2021";"2";"Understanding 3D Printing";"42.99";"Training Videos";"85.98"
"aanfussojg@t-online.de#mailto:aanfussojg@t-online.de#";"Cedar Rapids";"08/04/2020";"6";"Photograph Drones";"14.99";"eBooks";"89.94"
"bdi6g@aol.com#mailto:bdi6g@aol.com#";"San Bernardino";"08/04/2021";"5";"BYOR-4005";"245";"Robot Kits";"1225"
"cstaigrp@wordpress.org#mailto:cstaigrp@wordpress.org#";"Manchester";"08/04/2021";"2";"BYOR-3535";"225";"Robot Kits";"450"
"dtawtonh@prweb.com#mailto:dtawtonh@prweb.com#";"Las Cruces";"08/04/2021";"4";"Sleepy Eye Blueprint";"11.99";"Blueprints";"47.96"
"jann7r@arizona.edu#mailto:jann7r@arizona.edu#";"Washington";"08/04/2021";"3";"BYOD-300";"89";"Drone Kits";"267"
"ljacklinci@hatena.ne.jp#mailto:ljacklinci@hatena.ne.jp#";"San Diego";"08/04/2021";"3";"Mapping with Drones";"49";"Training Videos";"147"
"adurrettcr@de.vu#mailto:adurrettcr@de.vu#";"Fresno";"08/04/2021";"6";"Sleepy Eye Blueprint";"11.99";"Blueprints";"71.94"
"nduplain50@stanford.edu#mailto:nduplain50@stanford.edu#";"Corpus Christi";"08/05/2020";"2";"Hexacopter Drone Blueprint";"8.99";"Blueprints";"17.98"
"lmciverr0@linkedin.com#mailto:lmciverr0@linkedin.com#";"Lehigh Acres";"08/05/2020";"1";"BYOD-550";"179";"Drone Kits";"179"
"emergue9q@nhs.uk#mailto:emergue9q@nhs.uk#";"Greensboro";"08/05/2020";"3";"QuadroCopter Blueprint";"10.99";"Blueprints";"32.97"
"asouthallg@sohu.com#mailto:asouthallg@sohu.com#";"Daytona Beach";"08/05/2020";"3";"Robotic Essentials";"34.99";"Training Videos";"104.97"
"myitzhakl5@stumbleupon.com#mailto:myitzhakl5@stumbleupon.com#";"Philadelphia";"08/05/2020";"5";"QuadroCopter Blueprint";"10.99";"Blueprints";"54.95"
"dstanden3u@zdnet.com#mailto:dstanden3u@zdnet.com#";"Roanoke";"08/05/2020";"3";"All Eyes Drone Blueprint";"9.99";"Blueprints";"29.97"
"hinsworthi8@miibeian.gov.cn#mailto:hinsworthi8@miibeian.gov.cn#";"Atlanta";"08/05/2020";"4";"Helicopter Drones";"20.95";"eBooks";"83.8"
"babrahamssonje@twitter.com#mailto:babrahamssonje@twitter.com#";"Philadelphia";"08/05/2020";"4";"GPS Drones";"19.99";"eBooks";"79.96"
"rechalier4o@hexun.com#mailto:rechalier4o@hexun.com#";"Los Angeles";"08/05/2020";"1";"DX-145 Drone";"250";"Drones";"250"
"bpettisallnx@usatoday.com#mailto:bpettisallnx@usatoday.com#";"San Antonio";"08/05/2020";"5";"RLK-9920 Robot";"699";"Robots";"3495"
"bzahor4t@exblog.jp#mailto:bzahor4t@exblog.jp#";"Des Moines";"08/05/2021";"5";"Cartesian Robots";"12.99";"eBooks";"64.95"
"tplowman7y@ucoz.com#mailto:tplowman7y@ucoz.com#";"Gastonia";"08/05/2021";"3";"Cat Robot Blueprint";"4.99";"Blueprints";"14.97"
"onovotnanl@wordpress.org#mailto:onovotnanl@wordpress.org#";"Fort Pierce";"08/05/2021";"4";"Polar Robots";"23.99";"eBooks";"95.96"
"mbignall8i@vinaora.com#mailto:mbignall8i@vinaora.com#";"Sterling";"08/06/2020";"5";"Drone Building Essentials";"13.99";"eBooks";"69.95"
"rbrusin2r@comcast.net#mailto:rbrusin2r@comcast.net#";"Memphis";"08/06/2020";"5";"DTI-84 Drone";"455";"Drones";"2275"
"ysabathe34@wired.com#mailto:ysabathe34@wired.com#";"Huntington";"08/06/2020";"2";"Understanding 3D Printing";"42.99";"Training Videos";"85.98"
"fneate3a@tinyurl.com#mailto:fneate3a@tinyurl.com#";"Bakersfield";"08/06/2020";"6";"Cat Robot Blueprint";"4.99";"Blueprints";"29.94"
"mbisset68@npr.org#mailto:mbisset68@npr.org#";"Dallas";"08/06/2021";"4";"MICR-23K Robot";"899";"Robots";"3596"
"dthomazetc2@merriam-webster.com#mailto:dthomazetc2@merriam-webster.com#";"Decatur";"08/06/2021";"2";"Bsquare Robot Blueprint";"8.99";"Blueprints";"17.98"
"torsman16@quantcast.com#mailto:torsman16@quantcast.com#";"Muncie";"08/06/2021";"4";"Building Your First Robot";"24.95";"eBooks";"99.8"
"jgillamit@cpanel.net#mailto:jgillamit@cpanel.net#";"London";"08/06/2021";"6";"Fixed Wing Drones";"15.5";"eBooks";"93"
"gmcdirmidmm@yolasite.com#mailto:gmcdirmidmm@yolasite.com#";"Torrance";"08/06/2021";"3";"Building Your Own Drone";"24.99";"eBooks";"74.97"
"rmcmurtyray@dot.gov#mailto:rmcmurtyray@dot.gov#";"Albany";"08/06/2021";"4";"Sleepy Eye Blueprint";"11.99";"Blueprints";"47.96"
"adinsec8@cam.ac.uk#mailto:adinsec8@cam.ac.uk#";"Simi Valley";"08/07/2020";"2";"DTD-7000 Drone";"450";"Drones";"900"
"alawtieeu@networksolutions.com#mailto:alawtieeu@networksolutions.com#";"Buffalo";"08/07/2020";"5";"BYOR-2640S";"189";"Robot Kits";"945"
"gmieren4@taobao.com#mailto:gmieren4@taobao.com#";"Nashville";"08/07/2020";"5";"SCARA Robots";"19.5";"eBooks";"97.5"
"lpilleyi2@moonfruit.com#mailto:lpilleyi2@moonfruit.com#";"Charlottesville";"08/07/2020";"5";"DX-145 Drone";"250";"Drones";"1250"
"adefrainecw@example.com#mailto:adefrainecw@example.com#";"Orlando";"08/07/2020";"5";"Cloud Computing";"29.99";"Training Videos";"149.95"
"fraylton54@fema.gov#mailto:fraylton54@fema.gov#";"Englewood";"08/07/2020";"5";"Aerial Security";"36.99";"Training Videos";"184.95000000000002"
"javann71@adobe.com#mailto:javann71@adobe.com#";"Lakeland";"08/07/2020";"3";"Building Your Own Drone";"24.99";"eBooks";"74.97"
"dpabelik52@lulu.com#mailto:dpabelik52@lulu.com#";"Jacksonville";"08/07/2020";"3";"Drone Video Techniques";"37.99";"Training Videos";"113.97"
"fpeiser7b@yale.edu#mailto:fpeiser7b@yale.edu#";"Pocatello";"08/07/2020";"5";"Cloud Computing";"29.99";"Training Videos";"149.95"
"sgallehawkmy@tinyurl.com#mailto:sgallehawkmy@tinyurl.com#";"Marietta";"08/07/2020";"3";"DX-145 Drone";"250";"Drones";"750"
"hcoultercx@sciencedaily.com#mailto:hcoultercx@sciencedaily.com#";"Inglewood";"08/07/2021";"5";"QuadroCopter Blueprint";"10.99";"Blueprints";"54.95"
"khatchette6f@timesonline.co.uk#mailto:khatchette6f@timesonline.co.uk#";"Gary";"08/07/2021";"4";"DC-304 Drone";"395";"Drones";"1580"
"mstovin3z@indiegogo.com#mailto:mstovin3z@indiegogo.com#";"Houston";"08/07/2021";"4";"BYOD-200";"58.95";"Drone Kits";"235.8"
"aspittal36@opensource.org#mailto:aspittal36@opensource.org#";"Nashville";"08/07/2021";"2";"Hexacopter Drone Blueprint";"8.99";"Blueprints";"17.98"
"adavidih9@vinaora.com#mailto:adavidih9@vinaora.com#";"New Hyde Park";"08/07/2021";"2";"Fixed Wing Drones";"15.5";"eBooks";"31"
"cthrelfallih@loc.gov#mailto:cthrelfallih@loc.gov#";"Irvine";"08/07/2021";"4";"AI for Educators";"49.95";"Training Videos";"199.8"
"sibbisonls@smugmug.com#mailto:sibbisonls@smugmug.com#";"Bloomington";"08/08/2020";"6";"Delivery Drones";"14.99";"eBooks";"89.94"
"csycea9@reuters.com#mailto:csycea9@reuters.com#";"Birmingham";"08/08/2020";"4";"DTE-QFN20 Drone";"250";"Drones";"1000"
"iromer51@merriam-webster.com#mailto:iromer51@merriam-webster.com#";"Wilmington";"08/08/2020";"5";"Bsquare Robot Blueprint";"8.99";"Blueprints";"44.95"
"mnurdinku@nydailynews.com#mailto:mnurdinku@nydailynews.com#";"Roanoke";"08/08/2020";"4";"MICR-23K Robot";"899";"Robots";"3596"
"dvanqq@economist.com#mailto:dvanqq@economist.com#";"Fort Lauderdale";"08/08/2020";"2";"Spherical Robots";"16.75";"eBooks";"33.5"
"rshielcz@photobucket.com#mailto:rshielcz@photobucket.com#";"Brooklyn";"08/08/2021";"5";"DA-SA702 Drone";"399";"Drones";"1995"
"mshrubsallpf@psu.edu#mailto:mshrubsallpf@psu.edu#";"Louisville";"08/08/2021";"1";"BYOD-500";"167";"Drone Kits";"167"
"ejurczik1j@booking.com#mailto:ejurczik1j@booking.com#";"Fairfax";"08/08/2021";"3";"Virtual Reality Basics";"29.99";"Training Videos";"89.97"
"lmccomiskiemr@whitehouse.gov#mailto:lmccomiskiemr@whitehouse.gov#";"Honolulu";"08/08/2021";"4";"Hexacopter Drone Blueprint";"8.99";"Blueprints";"35.96"
"ttoulchi5@ehow.com#mailto:ttoulchi5@ehow.com#";"Phoenix";"08/09/2020";"3";"Open Source Code";"32.95";"Training Videos";"98.85000000000001"
"crankingmd@shareasale.com#mailto:crankingmd@shareasale.com#";"Sacramento";"08/09/2020";"3";"Robotic Essentials";"34.99";"Training Videos";"104.97"
"sobu@squarespace.com#mailto:sobu@squarespace.com#";"Phoenix";"08/09/2020";"4";"Bsquare Robot Blueprint";"8.99";"Blueprints";"35.96"
"avangoh7@tamu.edu#mailto:avangoh7@tamu.edu#";"Detroit";"08/09/2021";"6";"DTI-84 Drone";"455";"Drones";"2730"
"jgreghik@quantcast.com#mailto:jgreghik@quantcast.com#";"Tampa";"08/09/2021";"3";"BYOD-100";"54";"Drone Kits";"162"
"lcridlonkj@sina.com.cn#mailto:lcridlonkj@sina.com.cn#";"Springfield";"08/10/2020";"4";"Multi Rotor Drones";"24.95";"eBooks";"99.8"
"mvosemk@hugedomains.com#mailto:mvosemk@hugedomains.com#";"Boston";"08/10/2020";"2";"Cartesian Robots";"12.99";"eBooks";"25.98"
"roxtibyp1@slashdot.org#mailto:roxtibyp1@slashdot.org#";"Des Moines";"08/10/2020";"3";"Spherical Robots";"16.75";"eBooks";"50.25"
"salcocknx@mtv.com#mailto:salcocknx@mtv.com#";"Honolulu";"08/10/2020";"4";"Cloud Computing";"29.99";"Training Videos";"119.96"
"azimmermanns3x@feedburner.com#mailto:azimmermanns3x@feedburner.com#";"Gilbert";"08/10/2021";"4";"RTF Drones";"16.99";"eBooks";"67.96"
"pwickeykn@noaa.gov#mailto:pwickeykn@noaa.gov#";"Young America";"08/10/2021";"4";"DC-304 Drone";"395";"Drones";"1580"
"lbleimanl4@alexa.com#mailto:lbleimanl4@alexa.com#";"Tampa";"08/10/2021";"5";"BYOR-3000";"214";"Robot Kits";"1070"
"jrosgenpy@marriott.com#mailto:jrosgenpy@marriott.com#";"Philadelphia";"08/11/2020";"3";"BYOR-4005";"245";"Robot Kits";"735"
"aloughmanmb@devhub.com#mailto:aloughmanmb@devhub.com#";"Jamaica";"08/11/2020";"1";"Drone Video Techniques";"37.99";"Training Videos";"37.99"
"mghelerdini45@studiopress.com#mailto:mghelerdini45@studiopress.com#";"Dallas";"08/11/2020";"4";"BYOR-1000";"189";"Robot Kits";"756"
"jkinvand4@yale.edu#mailto:jkinvand4@yale.edu#";"Harrisburg";"08/11/2020";"4";"Delta Robots";"16.99";"eBooks";"67.96"
"lditchnu@mlb.com#mailto:lditchnu@mlb.com#";"Beaufort";"08/11/2021";"3";"Understanding Automation";"44.95";"Training Videos";"134.85000000000002"
"xhulle6v@shinystat.com#mailto:xhulle6v@shinystat.com#";"Charlotte";"08/11/2021";"2";"Photograph Drones";"14.99";"eBooks";"29.98"
"pduboself@photobucket.com#mailto:pduboself@photobucket.com#";"Sioux City";"08/11/2021";"5";"MICR-564K Drone";"499";"Drones";"2495"
"cbaylessm3@mayoclinic.com#mailto:cbaylessm3@mayoclinic.com#";"Charleston";"08/11/2021";"5";"Understanding Artificial Intelligence";"19.5";"eBooks";"97.5"
"jmeritib@sphinn.com#mailto:jmeritib@sphinn.com#";"Madison";"08/11/2021";"3";"RWW-75 Robot";"883";"Robots";"2649"
"hendrizzik4@japanpost.jp#mailto:hendrizzik4@japanpost.jp#";"Canton";"08/11/2021";"4";"Cloud Computing";"29.99";"Training Videos";"119.96"
"aolanda1f@cornell.edu#mailto:aolanda1f@cornell.edu#";"Johnstown";"08/11/2021";"5";"BYOR-2640S";"189";"Robot Kits";"945"
"rbaswall9t@topsy.com#mailto:rbaswall9t@topsy.com#";"Staten Island";"08/11/2021";"5";"BYOD-200";"58.95";"Drone Kits";"294.75"
"jdobby73@ocn.ne.jp#mailto:jdobby73@ocn.ne.jp#";"Sacramento";"08/11/2021";"5";"DX-145 Drone";"250";"Drones";"1250"
"bflintls@bloglovin.com#mailto:bflintls@bloglovin.com#";"Santa Barbara";"08/11/2021";"2";"BYOR-3535";"225";"Robot Kits";"450"
"lbreukelman2q@pinterest.com#mailto:lbreukelman2q@pinterest.com#";"Evansville";"08/12/2020";"2";"BYOR-4005";"245";"Robot Kits";"490"
"hskyner9o@arizona.edu#mailto:hskyner9o@arizona.edu#";"Tallahassee";"08/12/2020";"3";"Understanding 3D Printing";"42.99";"Training Videos";"128.97"
"barmfirlda5@dailymotion.com#mailto:barmfirlda5@dailymotion.com#";"Seattle";"08/12/2020";"3";"Creature Robot Arms Blueprint";"12";"Blueprints";"36"
"vhawsii@engadget.com#mailto:vhawsii@engadget.com#";"Sacramento";"08/12/2020";"1";"BYOD-220";"69";"Drone Kits";"69"
"rtomkinson47@nbcnews.com#mailto:rtomkinson47@nbcnews.com#";"Denver";"08/12/2020";"4";"DTI-84 Drone";"455";"Drones";"1820"
"cmatthiesonhg@oracle.com#mailto:cmatthiesonhg@oracle.com#";"Young America";"08/12/2021";"4";"DA-SA702 Drone";"399";"Drones";"1596"
"ebrucejk@ftc.gov#mailto:ebrucejk@ftc.gov#";"Flushing";"08/12/2021";"3";"Understanding Drone Regulations";"27.5";"Training Videos";"82.5"
"eyakoboviczn6@fc2.com#mailto:eyakoboviczn6@fc2.com#";"Madison";"08/12/2021";"5";"DA-SA702 Drone";"399";"Drones";"1995"
"idyson1n@toplist.cz#mailto:idyson1n@toplist.cz#";"Plano";"08/12/2021";"2";"RLK-9920 Robot";"699";"Robots";"1398"
"dwharindh@sina.com.cn#mailto:dwharindh@sina.com.cn#";"Oklahoma City";"08/12/2021";"3";"RTF Drones";"16.99";"eBooks";"50.97"
"eblakedenhc@imgur.com#mailto:eblakedenhc@imgur.com#";"Louisville";"08/12/2021";"3";"Understanding Artificial Intelligence";"19.5";"eBooks";"58.5"
"cillwellk2@cdbaby.com#mailto:cillwellk2@cdbaby.com#";"Tacoma";"08/12/2021";"3";"RQTE-554 Robot";"684";"Robots";"2052"
"fuebeli@army.mil#mailto:fuebeli@army.mil#";"Lima";"09/01/2020";"6";"RXW-9807 Robot";"599";"Robots";"3594"
"ntolussidy@sciencedaily.com#mailto:ntolussidy@sciencedaily.com#";"El Paso";"09/01/2020";"5";"Photograph Drones";"14.99";"eBooks";"74.95"
"dhassencj@hp.com#mailto:dhassencj@hp.com#";"Rochester";"09/01/2020";"1";"Cartesian Robots";"12.99";"eBooks";"12.99"
"ttrowel3@joomla.org#mailto:ttrowel3@joomla.org#";"Hagerstown";"09/01/2020";"3";"Single Rotor Drones";"14.99";"eBooks";"44.97"
"cdivesa9@mit.edu#mailto:cdivesa9@mit.edu#";"Springfield";"09/01/2020";"5";"RXW-9807 Robot";"599";"Robots";"2995"
"sburmaster31@mashable.com#mailto:sburmaster31@mashable.com#";"Beaufort";"09/01/2021";"4";"DTE-QFN20 Drone";"250";"Drones";"1000"
"atrenfieldf6@nba.com#mailto:atrenfieldf6@nba.com#";"Boston";"09/01/2021";"1";"Photograph Drones";"14.99";"eBooks";"14.99"
"tbenezeits@ucoz.com#mailto:tbenezeits@ucoz.com#";"Spokane";"09/01/2021";"5";"Multi Rotor Drones";"24.95";"eBooks";"124.75"
"hlemmanbie20@canalblog.com#mailto:hlemmanbie20@canalblog.com#";"Phoenix";"09/01/2021";"4";"DTI-84 Drone";"455";"Drones";"1820"
"ecowthart1h@scientificamerican.com#mailto:ecowthart1h@scientificamerican.com#";"Saint Paul";"09/02/2020";"3";"Photograph Drones";"14.99";"eBooks";"44.97"
"bhrishanokd2@archive.org#mailto:bhrishanokd2@archive.org#";"Pasadena";"09/02/2020";"3";"Creature Robot Arms Blueprint";"12";"Blueprints";"36"
"ebartolozzigq@time.com#mailto:ebartolozzigq@time.com#";"Glendale";"09/02/2020";"4";"RLK-9920 Robot";"699";"Robots";"2796"
"blapthorne1@spotify.com#mailto:blapthorne1@spotify.com#";"Tulsa";"09/02/2020";"3";"Creature Robot Arms Blueprint";"12";"Blueprints";"36"
"ascawtonqi@meetup.com#mailto:ascawtonqi@meetup.com#";"Abilene";"09/02/2020";"2";"GPS Drones";"19.99";"eBooks";"39.98"
"ldambrogiij@merriam-webster.com#mailto:ldambrogiij@merriam-webster.com#";"Columbia";"09/02/2020";"6";"BYOD-200";"58.95";"Drone Kits";"353.70000000000005"
"vblackwoodmf@tinyurl.com#mailto:vblackwoodmf@tinyurl.com#";"Atlanta";"09/02/2020";"3";"BYOR-1000";"189";"Robot Kits";"567"
"awoodruffo@techcrunch.com#mailto:awoodruffo@techcrunch.com#";"Rochester";"09/02/2021";"3";"BYOD-550";"179";"Drone Kits";"537"
"faron9f@51.la#mailto:faron9f@51.la#";"San Diego";"09/02/2021";"2";"BYOD-220";"69";"Drone Kits";"138"
"eabelsrh@domainmarket.com#mailto:eabelsrh@domainmarket.com#";"Charlotte";"09/02/2021";"5";"Cartesian Robots";"12.99";"eBooks";"64.95"
"bcrowthergs@cyberchimps.com#mailto:bcrowthergs@cyberchimps.com#";"Tucson";"09/02/2021";"3";"Cloud Computing";"29.99";"Training Videos";"89.97"
"jramsbothamly@pagesperso-orange.fr#mailto:jramsbothamly@pagesperso-orange.fr#";"Topeka";"09/03/2020";"6";"Industrial 3D Printing";"49";"Training Videos";"294"
"mtebbitk9@constantcontact.com#mailto:mtebbitk9@constantcontact.com#";"Asheville";"09/03/2020";"1";"MICR-564K Drone";"499";"Drones";"499"
"vhaslam4m@mit.edu#mailto:vhaslam4m@mit.edu#";"Springfield";"09/03/2020";"3";"Virtual Reality Basics";"29.99";"Training Videos";"89.97"
"ctaceydb@hp.com#mailto:ctaceydb@hp.com#";"Milwaukee";"09/03/2020";"6";"Drone Building Essentials";"13.99";"eBooks";"83.94"
"bscoginm3@yelp.com#mailto:bscoginm3@yelp.com#";"Saint Louis";"09/03/2020";"4";"BYOR-1000";"189";"Robot Kits";"756"
"ajentzschl1@de.vu#mailto:ajentzschl1@de.vu#";"Fullerton";"09/03/2020";"3";"MICR-23K Robot";"899";"Robots";"2697"
"syoull17@house.gov#mailto:syoull17@house.gov#";"Indianapolis";"09/03/2021";"2";"DA-SA702 Drone";"399";"Drones";"798"
"jlinnard3f@plala.or.jp#mailto:jlinnard3f@plala.or.jp#";"Nashville";"09/03/2021";"3";"Cartesian Robots";"12.99";"eBooks";"38.97"
"mdibenn6@blogger.com#mailto:mdibenn6@blogger.com#";"Sarasota";"09/03/2021";"5";"BYOD-200";"58.95";"Drone Kits";"294.75"
"pemlochdy@ebay.co.uk#mailto:pemlochdy@ebay.co.uk#";"Provo";"09/03/2021";"4";"Photograph Drones";"14.99";"eBooks";"59.96"
"atrenfieldf6@nba.com#mailto:atrenfieldf6@nba.com#";"Boston";"09/04/2020";"5";"Cartesian Robots";"12.99";"eBooks";"64.95"
"nsexceyar@state.tx.us#mailto:nsexceyar@state.tx.us#";"Saginaw";"09/04/2020";"2";"RWW-75 Robot";"883";"Robots";"1766"
"gshandq@un.org#mailto:gshandq@un.org#";"Saint Petersburg";"09/04/2020";"3";"GPS Drones";"19.99";"eBooks";"59.97"
"bwhetsonio@amazon.de#mailto:bwhetsonio@amazon.de#";"Rochester";"09/04/2020";"5";"Industrial 3D Printing";"49";"Training Videos";"245"
"smahomet19@thetimes.co.uk#mailto:smahomet19@thetimes.co.uk#";"Louisville";"09/04/2020";"3";"BYOD-350";"89.95";"Drone Kits";"269.85"
"tferronibc@instagram.com#mailto:tferronibc@instagram.com#";"Des Moines";"09/04/2021";"2";"BYOR-2640S";"189";"Robot Kits";"378"
"mmaccaughanak@plala.or.jp#mailto:mmaccaughanak@plala.or.jp#";"Madison";"09/04/2021";"5";"GPS Drones";"19.99";"eBooks";"99.94999999999999"
"mede1c@diigo.com#mailto:mede1c@diigo.com#";"North Hollywood";"09/04/2021";"2";"Drone Building Essentials";"13.99";"eBooks";"27.98"
"mlinckeh5@ebay.com#mailto:mlinckeh5@ebay.com#";"Trenton";"09/04/2021";"3";"Drone Building Essentials";"13.99";"eBooks";"41.97"
"bwailes4a@mac.com#mailto:bwailes4a@mac.com#";"Los Angeles";"09/04/2021";"4";"BYOR-1500";"189";"Robot Kits";"756"
"mlilloecn@columbia.edu#mailto:mlilloecn@columbia.edu#";"Fort Wayne";"09/04/2021";"4";"Understanding 3D Printing";"42.99";"Training Videos";"171.96"
"dbannellcg@google.ru#mailto:dbannellcg@google.ru#";"Jacksonville";"09/04/2021";"5";"Single Rotor Drones";"14.99";"eBooks";"74.95"
"maldenr@g.co#mailto:maldenr@g.co#";"New Orleans";"09/05/2020";"4";"RTF Drones";"16.99";"eBooks";"67.96"
"tspavon3q@tumblr.com#mailto:tspavon3q@tumblr.com#";"Chicago";"09/05/2020";"4";"QuadroCopter Blueprint";"10.99";"Blueprints";"43.96"
"bdecourcy5n@blogspot.com#mailto:bdecourcy5n@blogspot.com#";"Mobile";"09/05/2020";"2";"Hexacopter Drone Blueprint";"8.99";"Blueprints";"17.98"
"hdarwentx@csmonitor.com#mailto:hdarwentx@csmonitor.com#";"Arlington";"09/05/2020";"3";"Sleepy Eye Blueprint";"11.99";"Blueprints";"35.97"
"crohfsenoz@umn.edu#mailto:crohfsenoz@umn.edu#";"Lakeland";"09/05/2020";"2";"BYOR-2640S";"189";"Robot Kits";"378"
"rranyelld5n@msn.com#mailto:rranyelld5n@msn.com#";"Oxnard";"09/05/2020";"3";"DTD-7000 Drone";"450";"Drones";"1350"
"jjackwaysgw@wiley.com#mailto:jjackwaysgw@wiley.com#";"Jamaica";"09/05/2020";"3";"RTF Drones";"16.99";"eBooks";"50.97"
"enardipv@networkadvertising.org#mailto:enardipv@networkadvertising.org#";"Cape Coral";"09/05/2020";"3";"DTD-7000 Drone";"450";"Drones";"1350"
"tjanissondo@oakley.com#mailto:tjanissondo@oakley.com#";"Tuscaloosa";"09/05/2020";"2";"Sleepy Eye Blueprint";"11.99";"Blueprints";"23.98"
"kcoytenm@bandcamp.com#mailto:kcoytenm@bandcamp.com#";"Philadelphia";"09/05/2020";"5";"BYOR-3000";"214";"Robot Kits";"1070"
"sbolgerfn@epa.gov#mailto:sbolgerfn@epa.gov#";"Sacramento";"09/05/2021";"4";"Building Your First Robot";"24.95";"eBooks";"99.8"
"rfrangello6l@icio.us#mailto:rfrangello6l@icio.us#";"Cleveland";"09/05/2021";"2";"BYOD-400S";"129.95";"Drone Kits";"259.9"
"hcubberley92@devhub.com#mailto:hcubberley92@devhub.com#";"Aurora";"09/06/2020";"4";"DTI-84 Drone";"455";"Drones";"1820"
"htresked1@i2i.jp#mailto:htresked1@i2i.jp#";"Sacramento";"09/06/2020";"6";"RQTE-554 Robot";"684";"Robots";"4104"
"pcoilsrg@cam.ac.uk#mailto:pcoilsrg@cam.ac.uk#";"Shawnee Mission";"09/06/2020";"3";"Drone Video Techniques";"37.99";"Training Videos";"113.97"
"aabryaw@hibu.com#mailto:aabryaw@hibu.com#";"Long Beach";"09/06/2020";"1";"Building Your Own Drone";"24.99";"eBooks";"24.99"
"tschultzeq@thetimes.co.uk#mailto:tschultzeq@thetimes.co.uk#";"Fort Wayne";"09/06/2020";"3";"Fixed Wing Drones";"15.5";"eBooks";"46.5"
"llespercx@com.com#mailto:llespercx@com.com#";"Des Moines";"09/06/2020";"4";"Robotic Essentials";"34.99";"Training Videos";"139.96"
"avolkernk@pen.io#mailto:avolkernk@pen.io#";"Idaho Falls";"09/06/2021";"3";"BYOR-1000";"189";"Robot Kits";"567"
"stwintermanbg@e-recht24.de#mailto:stwintermanbg@e-recht24.de#";"Atlanta";"09/06/2021";"2";"Delivery Drones";"14.99";"eBooks";"29.98"
"rscoinesk6@blogspot.com#mailto:rscoinesk6@blogspot.com#";"Madison";"09/06/2021";"4";"Spherical Robots";"16.75";"eBooks";"67"
"pgrigoroni8x@nbcnews.com#mailto:pgrigoroni8x@nbcnews.com#";"Bronx";"09/06/2021";"2";"Fixed Wing Drones";"15.5";"eBooks";"31"
"badamssonfa@webeden.co.uk#mailto:badamssonfa@webeden.co.uk#";"Louisville";"09/06/2021";"2";"BYOR-3535";"225";"Robot Kits";"450"
"pshellshearmk@photobucket.com#mailto:pshellshearmk@photobucket.com#";"Lafayette";"09/07/2020";"4";"Photograph Drones";"14.99";"eBooks";"59.96"
"aabryaw@hibu.com#mailto:aabryaw@hibu.com#";"Long Beach";"09/07/2020";"2";"DTE-QFN20 Drone";"250";"Drones";"500"
"lwhillock3u@woothemes.com#mailto:lwhillock3u@woothemes.com#";"Detroit";"09/07/2020";"6";"Bsquare Robot Blueprint";"8.99";"Blueprints";"53.94"
"hcarfflq@freewebs.com#mailto:hcarfflq@freewebs.com#";"Columbus";"09/07/2020";"6";"Drone Building Essentials";"13.99";"eBooks";"83.94"
"lstenhousemj@businessweek.com#mailto:lstenhousemj@businessweek.com#";"Everett";"09/07/2020";"2";"Building Your First Robot";"24.95";"eBooks";"49.9"
"pstonehewerha@state.tx.us#mailto:pstonehewerha@state.tx.us#";"Houston";"09/07/2021";"2";"QuadroCopter Blueprint";"10.99";"Blueprints";"21.98"
"rmcmurtyray@dot.gov#mailto:rmcmurtyray@dot.gov#";"Albany";"09/07/2021";"6";"DTI-84 Drone";"455";"Drones";"2730"
"echicchelliko@surveymonkey.com#mailto:echicchelliko@surveymonkey.com#";"Winston Salem";"09/07/2021";"2";"Drone Building Essentials";"13.99";"eBooks";"27.98"
"grewcassellp5@noaa.gov#mailto:grewcassellp5@noaa.gov#";"Minneapolis";"09/07/2021";"5";"BYOR-3000";"214";"Robot Kits";"1070"
"mbettis6i@sciencedirect.com#mailto:mbettis6i@sciencedirect.com#";"Wichita";"09/07/2021";"6";"Understanding Drone Regulations";"27.5";"Training Videos";"165"
"icastroj8@trellian.com#mailto:icastroj8@trellian.com#";"San Angelo";"09/07/2021";"5";"QuadroCopter Blueprint";"10.99";"Blueprints";"54.95"
"bwybrowgy@multiply.com#mailto:bwybrowgy@multiply.com#";"Washington";"09/08/2020";"2";"MICR-23K Robot";"899";"Robots";"1798"
"krumford8a@wikia.com#mailto:krumford8a@wikia.com#";"Indianapolis";"09/08/2020";"3";"RWW-75 Robot";"883";"Robots";"2649"
"kduesbury8d@tripod.com#mailto:kduesbury8d@tripod.com#";"Seattle";"09/08/2020";"4";"DC-304 Drone";"395";"Drones";"1580"
"bhegden7x@scientificamerican.com#mailto:bhegden7x@scientificamerican.com#";"Newark";"09/08/2020";"4";"BYOD-300";"89";"Drone Kits";"356"
"sruberti9l@dion.ne.jp#mailto:sruberti9l@dion.ne.jp#";"Phoenix";"09/08/2020";"4";"QuadroCopter Blueprint";"10.99";"Blueprints";"43.96"
"lartheyd6@cnbc.com#mailto:lartheyd6@cnbc.com#";"Louisville";"09/08/2021";"4";"BYOR-1500";"189";"Robot Kits";"756"
"rcharville3k@ovh.net#mailto:rcharville3k@ovh.net#";"Anniston";"09/08/2021";"1";"AI for Educators";"49.95";"Training Videos";"49.95"
"ljacklinci@hatena.ne.jp#mailto:ljacklinci@hatena.ne.jp#";"San Diego";"09/09/2020";"3";"BYOR-1000";"189";"Robot Kits";"567"
"amansion85@china.com.cn#mailto:amansion85@china.com.cn#";"Sacramento";"09/09/2020";"5";"Photograph Drones";"14.99";"eBooks";"74.95"
"yharrisck@google.co.jp#mailto:yharrisck@google.co.jp#";"Louisville";"09/09/2020";"2";"RTF Drones";"16.99";"eBooks";"33.98"
"hcapponer8k@deviantart.com#mailto:hcapponer8k@deviantart.com#";"Los Angeles";"09/09/2020";"5";"Bsquare Robot Blueprint";"8.99";"Blueprints";"44.95"
"ydudley9o@salon.com#mailto:ydudley9o@salon.com#";"Washington";"09/09/2020";"2";"Building Your First Robot";"24.95";"eBooks";"49.9"
"lrobacknn@newyorker.com#mailto:lrobacknn@newyorker.com#";"Madison";"09/09/2020";"3";"GPS Drones";"19.99";"eBooks";"59.97"
"esandbrook9v@dagondesign.com#mailto:esandbrook9v@dagondesign.com#";"Hayward";"09/09/2020";"2";"Understanding 3D Printing";"42.99";"Training Videos";"85.98"
"anuschke5l@devhub.com#mailto:anuschke5l@devhub.com#";"Rochester";"09/09/2020";"4";"Understanding Automation";"44.95";"Training Videos";"179.8"
"wmacdowalb6@themeforest.net#mailto:wmacdowalb6@themeforest.net#";"San Diego";"09/09/2020";"4";"BYOD-550";"179";"Drone Kits";"716"
"msilbermannd0@yolasite.com#mailto:msilbermannd0@yolasite.com#";"Detroit";"09/09/2021";"5";"Hexacopter Drone Blueprint";"8.99";"Blueprints";"44.95"
"mmushetis@privacy.gov.au#mailto:mmushetis@privacy.gov.au#";"Baton Rouge";"09/09/2021";"4";"Spherical Robots";"16.75";"eBooks";"67"
"barmfirlda5@dailymotion.com#mailto:barmfirlda5@dailymotion.com#";"Seattle";"09/09/2021";"4";"Photograph Drones";"14.99";"eBooks";"59.96"
"charrimanlo@meetup.com#mailto:charrimanlo@meetup.com#";"York";"09/09/2021";"6";"BYOD-400S";"129.95";"Drone Kits";"779.6999999999999"
"tshaplingu@google.de#mailto:tshaplingu@google.de#";"Springfield";"09/09/2021";"4";"Industrial 3D Printing";"49";"Training Videos";"196"
"agrzelewskimt@intel.com#mailto:agrzelewskimt@intel.com#";"Tucson";"09/10/2020";"4";"BYOD-220";"69";"Drone Kits";"276"
"dwoltonay@engadget.com#mailto:dwoltonay@engadget.com#";"San Diego";"09/10/2020";"4";"AI for Educators";"49.95";"Training Videos";"199.8"
"jcarass7r@webeden.co.uk#mailto:jcarass7r@webeden.co.uk#";"Brooklyn";"09/10/2020";"4";"Drone Video Techniques";"37.99";"Training Videos";"151.96"
"ibelchem2@webmd.com#mailto:ibelchem2@webmd.com#";"Dayton";"09/10/2020";"4";"Industrial 3D Printing";"49";"Training Videos";"196"
"wgrievesonoo@latimes.com#mailto:wgrievesonoo@latimes.com#";"Torrance";"09/10/2021";"3";"Hexacopter Drone Blueprint";"8.99";"Blueprints";"26.97"
"prollasoneg@washingtonpost.com#mailto:prollasoneg@washingtonpost.com#";"Lancaster";"09/10/2021";"1";"Delivery Drones";"14.99";"eBooks";"14.99"
"wkilcullenij@canalblog.com#mailto:wkilcullenij@canalblog.com#";"Lancaster";"09/10/2021";"4";"BYOR-4005";"245";"Robot Kits";"980"
"bzahor4t@exblog.jp#mailto:bzahor4t@exblog.jp#";"Des Moines";"09/10/2021";"4";"Mapping with Drones";"49";"Training Videos";"196"
"tgianilli6c@newsvine.com#mailto:tgianilli6c@newsvine.com#";"Nashville";"09/10/2021";"5";"Cloud Computing";"29.99";"Training Videos";"149.95"
"rmccandless5r@ameblo.jp#mailto:rmccandless5r@ameblo.jp#";"El Paso";"09/11/2020";"5";"BYOR-3535";"225";"Robot Kits";"1125"
"jromanetqs@google.co.jp#mailto:jromanetqs@google.co.jp#";"Fort Worth";"09/11/2020";"3";"Understanding Drone Regulations";"27.5";"Training Videos";"82.5"
"gresideno@aol.com#mailto:gresideno@aol.com#";"Baton Rouge";"09/11/2020";"3";"RCB-889 Robot";"549";"Robots";"1647"
"dtorrecilla46@indiegogo.com#mailto:dtorrecilla46@indiegogo.com#";"Charlotte";"09/11/2021";"5";"Articulated Robots";"23.99";"eBooks";"119.94999999999999"
"jredwin34@joomla.org#mailto:jredwin34@joomla.org#";"Columbia";"09/11/2021";"1";"MICR-23K Robot";"899";"Robots";"899"
"bhaycock23@kickstarter.com#mailto:bhaycock23@kickstarter.com#";"Sioux Falls";"09/11/2021";"5";"Building Your Own Drone";"24.99";"eBooks";"124.94999999999999"
"istanlickmq@constantcontact.com#mailto:istanlickmq@constantcontact.com#";"Cumming";"09/11/2021";"2";"Creature Robot Arms Blueprint";"12";"Blueprints";"24"
"gstiggersdd@eventbrite.com#mailto:gstiggersdd@eventbrite.com#";"Saint Petersburg";"09/11/2021";"5";"Understanding Artificial Intelligence";"19.5";"eBooks";"97.5"
"nshillabeerle@skype.com#mailto:nshillabeerle@skype.com#";"Atlanta";"09/11/2021";"5";"Understanding Raspberry PI";"28.99";"Training Videos";"144.95"
"kbrownlea7p@fema.gov#mailto:kbrownlea7p@fema.gov#";"Spartanburg";"09/12/2020";"5";"Industrial 3D Printing";"49";"Training Videos";"245"
"ralekseev5o@elpais.com#mailto:ralekseev5o@elpais.com#";"Olympia";"09/12/2020";"3";"Understanding Automation";"44.95";"Training Videos";"134.85000000000002"
"whalgarth13@bloomberg.com#mailto:whalgarth13@bloomberg.com#";"Albany";"09/12/2020";"3";"Delivery Drones";"14.99";"eBooks";"44.97"
"tspavon3q@tumblr.com#mailto:tspavon3q@tumblr.com#";"Chicago";"09/12/2020";"3";"Drone Video Techniques";"37.99";"Training Videos";"113.97"
"fmussarede6@bbc.co.uk#mailto:fmussarede6@bbc.co.uk#";"Pompano Beach";"09/12/2020";"2";"Fixed Wing Drones";"15.5";"eBooks";"31"
"acutcliffelh@infoseek.co.jp#mailto:acutcliffelh@infoseek.co.jp#";"Lansing";"09/12/2020";"3";"MICR-23K Robot";"899";"Robots";"2697"
"lolfordpj@marriott.com#mailto:lolfordpj@marriott.com#";"North Las Vegas";"09/12/2020";"2";"RWW-75 Robot";"883";"Robots";"1766"
"bgraceg3@nih.gov#mailto:bgraceg3@nih.gov#";"Grand Junction";"09/12/2020";"5";"Drone Building Essentials";"13.99";"eBooks";"69.95"
"sklausenr8@github.com#mailto:sklausenr8@github.com#";"Oklahoma City";"09/12/2021";"3";"DTD-7000 Drone";"450";"Drones";"1350"
"aarendsenpl@state.tx.us#mailto:aarendsenpl@state.tx.us#";"Prescott";"09/12/2021";"4";"QuadroCopter Blueprint";"10.99";"Blueprints";"43.96"
"pgrigoroni8x@nbcnews.com#mailto:pgrigoroni8x@nbcnews.com#";"Bronx";"10/01/2020";"2";"RQTE-554 Robot";"684";"Robots";"1368"
"llucken6y@arstechnica.com#mailto:llucken6y@arstechnica.com#";"Dallas";"10/01/2020";"2";"DTE-QFN20 Drone";"250";"Drones";"500"
"nkelleyql@php.net#mailto:nkelleyql@php.net#";"Denver";"10/01/2020";"2";"Understanding Raspberry PI";"28.99";"Training Videos";"57.98"
"hskyner9o@arizona.edu#mailto:hskyner9o@arizona.edu#";"Tallahassee";"10/01/2021";"2";"DX-145 Drone";"250";"Drones";"500"
"aolekhovn7@webmd.com#mailto:aolekhovn7@webmd.com#";"Salt Lake City";"10/02/2020";"1";"BYOD-400S";"129.95";"Drone Kits";"129.95"
"ttoulchi5@ehow.com#mailto:ttoulchi5@ehow.com#";"Phoenix";"10/02/2020";"2";"AI for Educators";"49.95";"Training Videos";"99.9"
"ewinman95@twitter.com#mailto:ewinman95@twitter.com#";"Las Vegas";"10/02/2020";"3";"Photograph Drones";"14.99";"eBooks";"44.97"
"jhallidayrl@dell.com#mailto:jhallidayrl@dell.com#";"Portland";"10/02/2020";"3";"BYOR-1000";"189";"Robot Kits";"567"
"lbleimanl4@alexa.com#mailto:lbleimanl4@alexa.com#";"Tampa";"10/02/2021";"3";"Helicopter Drones";"20.95";"eBooks";"62.849999999999994"
"gclaitonrh@marketwatch.com#mailto:gclaitonrh@marketwatch.com#";"Portland";"10/02/2021";"5";"Polar Robots";"23.99";"eBooks";"119.94999999999999"
"ahaversham6f@abc.net.au#mailto:ahaversham6f@abc.net.au#";"Oakland";"10/02/2021";"3";"SCARA Robots";"19.5";"eBooks";"58.5"
"ebyrdcf@twitter.com#mailto:ebyrdcf@twitter.com#";"Oklahoma City";"10/02/2021";"2";"RXW-9807 Robot";"599";"Robots";"1198"
"ssouttarmb@senate.gov#mailto:ssouttarmb@senate.gov#";"Austin";"10/03/2020";"1";"Drone Video Techniques";"37.99";"Training Videos";"37.99"
"hcubberley92@devhub.com#mailto:hcubberley92@devhub.com#";"Aurora";"10/03/2020";"3";"All Eyes Drone Blueprint";"9.99";"Blueprints";"29.97"
"aloniep3@pinterest.com#mailto:aloniep3@pinterest.com#";"Bellevue";"10/03/2020";"2";"Delta Robots";"16.99";"eBooks";"33.98"
"tmcgarry75@narod.ru#mailto:tmcgarry75@narod.ru#";"Washington";"10/03/2020";"4";"BYOR-2640S";"189";"Robot Kits";"756"
"cgallehockkf@xinhuanet.com#mailto:cgallehockkf@xinhuanet.com#";"Denver";"10/03/2021";"4";"RTF Drones";"16.99";"eBooks";"67.96"
"dmeaddowcrofth8@meetup.com#mailto:dmeaddowcrofth8@meetup.com#";"Tacoma";"10/03/2021";"2";"BYOR-2640S";"189";"Robot Kits";"378"
"eanfonsipu@wunderground.com#mailto:eanfonsipu@wunderground.com#";"Orlando";"10/04/2020";"2";"BYOD-500";"167";"Drone Kits";"334"
"sblunsdenkd@geocities.jp#mailto:sblunsdenkd@geocities.jp#";"Fort Wayne";"10/04/2020";"3";"BYOD-500";"167";"Drone Kits";"501"
"kessamehc@github.com#mailto:kessamehc@github.com#";"Dallas";"10/04/2020";"4";"Ladybug Robot Blueprint";"12";"Blueprints";"48"
"vilyinskioe@amazonaws.com#mailto:vilyinskioe@amazonaws.com#";"Oklahoma City";"10/04/2020";"4";"Helicopter Drones";"20.95";"eBooks";"83.8"
"jjackwaysgw@wiley.com#mailto:jjackwaysgw@wiley.com#";"Jamaica";"10/04/2020";"3";"AI for Educators";"49.95";"Training Videos";"149.85000000000002"
"barmerfi@cbsnews.com#mailto:barmerfi@cbsnews.com#";"Midland";"10/04/2021";"4";"Understanding Automation";"44.95";"Training Videos";"179.8"
"jsteinbl@discovery.com#mailto:jsteinbl@discovery.com#";"Silver Spring";"10/04/2021";"5";"Sleepy Eye Blueprint";"11.99";"Blueprints";"59.95"
"lhacardic@drupal.org#mailto:lhacardic@drupal.org#";"Knoxville";"10/04/2021";"3";"Robotic Essentials";"34.99";"Training Videos";"104.97"
"agrzelewskimt@intel.com#mailto:agrzelewskimt@intel.com#";"Tucson";"10/04/2021";"2";"Delta Robots";"16.99";"eBooks";"33.98"
"breubens76@taobao.com#mailto:breubens76@taobao.com#";"Richmond";"10/04/2021";"4";"RWW-75 Robot";"883";"Robots";"3532"
"ibastock3e@noaa.gov#mailto:ibastock3e@noaa.gov#";"Alexandria";"10/05/2020";"5";"BYOR-3535";"225";"Robot Kits";"1125"
"bstichelom@adobe.com#mailto:bstichelom@adobe.com#";"Garland";"10/05/2020";"2";"Drone Video Techniques";"37.99";"Training Videos";"75.98"
"crenonny@webeden.co.uk#mailto:crenonny@webeden.co.uk#";"Miami";"10/05/2020";"3";"Spherical Robots";"16.75";"eBooks";"50.25"
"byitzhokgq@blogtalkradio.com#mailto:byitzhokgq@blogtalkradio.com#";"Albany";"10/05/2020";"6";"MICR-564K Drone";"499";"Drones";"2994"
"rsunshineln@cdc.gov#mailto:rsunshineln@cdc.gov#";"Orange";"10/05/2021";"3";"Understanding 3D Printing";"42.99";"Training Videos";"128.97"
"jmasseic9@google.it#mailto:jmasseic9@google.it#";"Waterbury";"10/05/2021";"3";"BYOD-400";"119";"Drone Kits";"357"
"owisbeyr9@microsoft.com#mailto:owisbeyr9@microsoft.com#";"Carol Stream";"10/05/2021";"1";"Fixed Wing Drones";"15.5";"eBooks";"15.5"
"sduxbury2c@dell.com#mailto:sduxbury2c@dell.com#";"Oklahoma City";"10/05/2021";"2";"QuadroCopter Blueprint";"10.99";"Blueprints";"21.98"
"cassurcz@cmu.edu#mailto:cassurcz@cmu.edu#";"Berkeley";"10/05/2021";"2";"Building Your First Robot";"24.95";"eBooks";"49.9"
"gdeas6k@ustream.tv#mailto:gdeas6k@ustream.tv#";"Sacramento";"10/05/2021";"4";"RCB-889 Robot";"549";"Robots";"2196"
"cmilvarnie24@forbes.com#mailto:cmilvarnie24@forbes.com#";"Newark";"10/05/2021";"3";"Spherical Robots";"16.75";"eBooks";"50.25"
"mabbatini71@state.gov#mailto:mabbatini71@state.gov#";"Tucson";"10/05/2021";"4";"Mapping with Drones";"49";"Training Videos";"196"
"hfruin38@constantcontact.com#mailto:hfruin38@constantcontact.com#";"Winston Salem";"10/05/2021";"3";"QuadroCopter Blueprint";"10.99";"Blueprints";"32.97"
"nuppett2w@redcross.org#mailto:nuppett2w@redcross.org#";"Boston";"10/06/2020";"5";"Drone Building Essentials";"13.99";"eBooks";"69.95"
"tplowman7y@ucoz.com#mailto:tplowman7y@ucoz.com#";"Gastonia";"10/06/2020";"2";"Hexacopter Drone Blueprint";"8.99";"Blueprints";"17.98"
"rwinning5s@buzzfeed.com#mailto:rwinning5s@buzzfeed.com#";"Springfield";"10/06/2020";"3";"Helicopter Drones";"20.95";"eBooks";"62.849999999999994"
"dewbanksf0@google.es#mailto:dewbanksf0@google.es#";"Scranton";"10/06/2020";"4";"Cloud Computing";"29.99";"Training Videos";"119.96"
"sgildeah4@github.io#mailto:sgildeah4@github.io#";"Fort Wayne";"10/06/2021";"2";"Industrial 3D Printing";"49";"Training Videos";"98"
"bbeathemd8@themeforest.net#mailto:bbeathemd8@themeforest.net#";"Atlanta";"10/06/2021";"5";"BYOD-300";"89";"Drone Kits";"445"
"tapplewhaiteqk@java.com#mailto:tapplewhaiteqk@java.com#";"El Paso";"10/06/2021";"4";"Sleepy Eye Blueprint";"11.99";"Blueprints";"47.96"
"rmcfeatgj@skyrock.com#mailto:rmcfeatgj@skyrock.com#";"New York City";"10/07/2020";"6";"BYOD-300";"89";"Drone Kits";"534"
"dlinzee4e@wsj.com#mailto:dlinzee4e@wsj.com#";"Tacoma";"10/07/2020";"6";"Single Rotor Drones";"14.99";"eBooks";"89.94"
"aeddisforder@slate.com#mailto:aeddisforder@slate.com#";"Tallahassee";"10/07/2020";"5";"BYOD-550";"179";"Drone Kits";"895"
"rhazartc6@hp.com#mailto:rhazartc6@hp.com#";"Jackson";"10/07/2020";"3";"All Eyes Drone Blueprint";"9.99";"Blueprints";"29.97"
"jpaug4@wordpress.org#mailto:jpaug4@wordpress.org#";"Miami";"10/07/2020";"3";"BYOD-350";"89.95";"Drone Kits";"269.85"
"iclimson4j@surveymonkey.com#mailto:iclimson4j@surveymonkey.com#";"Kansas City";"10/07/2020";"2";"MICR-564K Drone";"499";"Drones";"998"
"lkubatsch2v@tamu.edu#mailto:lkubatsch2v@tamu.edu#";"Fort Smith";"10/07/2020";"5";"Virtual Reality Basics";"29.99";"Training Videos";"149.95"
"enardipv@networkadvertising.org#mailto:enardipv@networkadvertising.org#";"Cape Coral";"10/07/2020";"3";"DX-145 Drone";"250";"Drones";"750"
"sweallf8@infoseek.co.jp#mailto:sweallf8@infoseek.co.jp#";"Young America";"10/07/2021";"5";"Multi Rotor Drones";"24.95";"eBooks";"124.75"
"dburnistondv@nymag.com#mailto:dburnistondv@nymag.com#";"Evansville";"10/07/2021";"1";"Sleepy Eye Blueprint";"11.99";"Blueprints";"11.99"
"mcrankld@twitter.com#mailto:mcrankld@twitter.com#";"Tampa";"10/07/2021";"5";"Building Your First Robot";"24.95";"eBooks";"124.75"
"bcurme4@umich.edu#mailto:bcurme4@umich.edu#";"Houston";"10/07/2021";"3";"Understanding 3D Printing";"42.99";"Training Videos";"128.97"
"ukopecka4h@ox.ac.uk#mailto:ukopecka4h@ox.ac.uk#";"Minneapolis";"10/07/2021";"5";"Fixed Wing Drones";"15.5";"eBooks";"77.5"
"bbowering7w@buzzfeed.com#mailto:bbowering7w@buzzfeed.com#";"Brooklyn";"10/07/2021";"4";"BYOD-550";"179";"Drone Kits";"716"
"jsteinbl@discovery.com#mailto:jsteinbl@discovery.com#";"Silver Spring";"10/07/2021";"6";"BYOR-3535";"225";"Robot Kits";"1350"
"nmariyushkinp6@instagram.com#mailto:nmariyushkinp6@instagram.com#";"Louisville";"10/08/2020";"4";"BYOR-3535";"225";"Robot Kits";"900"
"torsman16@quantcast.com#mailto:torsman16@quantcast.com#";"Muncie";"10/08/2020";"3";"Virtual Reality Basics";"29.99";"Training Videos";"89.97"
"rbaswall9t@topsy.com#mailto:rbaswall9t@topsy.com#";"Staten Island";"10/08/2020";"3";"BYOD-300";"89";"Drone Kits";"267"
"fmartinil2@ucoz.ru#mailto:fmartinil2@ucoz.ru#";"Chicago";"10/08/2020";"3";"Drone Video Techniques";"37.99";"Training Videos";"113.97"
"sinstrell7v@newyorker.com#mailto:sinstrell7v@newyorker.com#";"Norwalk";"10/08/2020";"2";"BYOD-400S";"129.95";"Drone Kits";"259.9"
"ccrowtherlf@huffingtonpost.com#mailto:ccrowtherlf@huffingtonpost.com#";"Pasadena";"10/08/2021";"3";"RCB-889 Robot";"549";"Robots";"1647"
"bfeenanej@hc360.com#mailto:bfeenanej@hc360.com#";"Shreveport";"10/09/2020";"2";"BYOD-550";"179";"Drone Kits";"358"
"bhegden7x@scientificamerican.com#mailto:bhegden7x@scientificamerican.com#";"Newark";"10/09/2020";"5";"RWW-75 Robot";"883";"Robots";"4415"
"bvasilechkon8@unblog.fr#mailto:bvasilechkon8@unblog.fr#";"Kansas City";"10/09/2020";"4";"Understanding 3D Printing";"42.99";"Training Videos";"171.96"
"sricciardo57@creativecommons.org#mailto:sricciardo57@creativecommons.org#";"San Angelo";"10/09/2020";"4";"BYOR-3535";"225";"Robot Kits";"900"
"dtondeura@baidu.com#mailto:dtondeura@baidu.com#";"Longview";"10/09/2020";"5";"Open Source Code";"32.95";"Training Videos";"164.75"
"aalyokhinho@imageshack.us#mailto:aalyokhinho@imageshack.us#";"Philadelphia";"10/09/2020";"5";"BYOD-200";"58.95";"Drone Kits";"294.75"
"emcmurdore@ifeng.com#mailto:emcmurdore@ifeng.com#";"Topeka";"10/09/2021";"5";"BYOD-220";"69";"Drone Kits";"345"
"wpailinb@mayoclinic.com#mailto:wpailinb@mayoclinic.com#";"Pittsburgh";"10/09/2021";"1";"Photograph Drones";"14.99";"eBooks";"14.99"
"kkrienke78@amazon.co.uk#mailto:kkrienke78@amazon.co.uk#";"Hampton";"10/09/2021";"5";"BYOR-3535";"225";"Robot Kits";"1125"
"gharrild56@sogou.com#mailto:gharrild56@sogou.com#";"Amarillo";"10/09/2021";"3";"BYOD-200";"58.95";"Drone Kits";"176.85000000000002"
"wdenmead7q@go.com#mailto:wdenmead7q@go.com#";"New Orleans";"10/10/2020";"2";"All Eyes Drone Blueprint";"9.99";"Blueprints";"19.98"
"lmonnoyerc@nyu.edu#mailto:lmonnoyerc@nyu.edu#";"Charlotte";"10/10/2020";"5";"Hexacopter Drone Blueprint";"8.99";"Blueprints";"44.95"
"tlittlejd@liveinternet.ru#mailto:tlittlejd@liveinternet.ru#";"Washington";"10/10/2020";"5";"BYOD-400S";"129.95";"Drone Kits";"649.75"
"wahmedqj@shareasale.com#mailto:wahmedqj@shareasale.com#";"Charleston";"10/10/2020";"6";"BYOR-3000";"214";"Robot Kits";"1284"
"nprowseps@nationalgeographic.com#mailto:nprowseps@nationalgeographic.com#";"Little Rock";"10/10/2020";"4";"Bsquare Robot Blueprint";"8.99";"Blueprints";"35.96"
"jpinchen15@behance.net#mailto:jpinchen15@behance.net#";"Birmingham";"10/10/2020";"3";"AI for Educators";"49.95";"Training Videos";"149.85000000000002"
"finkinb5@economist.com#mailto:finkinb5@economist.com#";"Waterbury";"10/10/2020";"4";"Understanding Automation";"44.95";"Training Videos";"179.8"
"iarrolog@bloglines.com#mailto:iarrolog@bloglines.com#";"Philadelphia";"10/10/2020";"2";"BYOD-400";"119";"Drone Kits";"238"
"jsimonsence@vimeo.com#mailto:jsimonsence@vimeo.com#";"Silver Spring";"10/10/2020";"6";"Creature Robot Arms Blueprint";"12";"Blueprints";"72"
"dsollettq0@1und1.de#mailto:dsollettq0@1und1.de#";"Richmond";"10/10/2021";"2";"Virtual Reality Basics";"29.99";"Training Videos";"59.98"
"echapell2g@unc.edu#mailto:echapell2g@unc.edu#";"Saint Paul";"10/10/2021";"5";"BYOR-3535";"225";"Robot Kits";"1125"
"freay3g@abc.net.au#mailto:freay3g@abc.net.au#";"Edmond";"10/10/2021";"3";"Understanding Artificial Intelligence";"19.5";"eBooks";"58.5"
"klyer8@fotki.com#mailto:klyer8@fotki.com#";"Syracuse";"10/10/2021";"4";"QuadroCopter Blueprint";"10.99";"Blueprints";"43.96"
"klyer8@fotki.com#mailto:klyer8@fotki.com#";"Syracuse";"10/10/2021";"2";"QuadroCopter Blueprint";"10.99";"Blueprints";"21.98"
"bwooffr4@printfriendly.com#mailto:bwooffr4@printfriendly.com#";"Charleston";"10/11/2020";"1";"Understanding 3D Printing";"42.99";"Training Videos";"42.99"
"egrinleyfb@slate.com#mailto:egrinleyfb@slate.com#";"Baton Rouge";"10/11/2020";"3";"BYOD-550";"179";"Drone Kits";"537"
"sgwilymhh@mapy.cz#mailto:sgwilymhh@mapy.cz#";"Cape Coral";"10/11/2020";"2";"Understanding Raspberry PI";"28.99";"Training Videos";"57.98"
"jrobbertov@people.com.cn#mailto:jrobbertov@people.com.cn#";"Evansville";"10/11/2020";"2";"BYOR-3535";"225";"Robot Kits";"450"
"kicomci@digg.com#mailto:kicomci@digg.com#";"Troy";"10/11/2020";"5";"RTF Drones";"16.99";"eBooks";"84.94999999999999"
"ghaddock54@live.com#mailto:ghaddock54@live.com#";"North Little Rock";"10/11/2021";"3";"BYOD-100";"54";"Drone Kits";"162"
"ykikkec5@bing.com#mailto:ykikkec5@bing.com#";"Arlington";"10/11/2021";"5";"Delivery Drones";"14.99";"eBooks";"74.95"
"challiburtonjx@wordpress.com#mailto:challiburtonjx@wordpress.com#";"Anchorage";"10/11/2021";"5";"Drone Building Essentials";"13.99";"eBooks";"69.95"
"pwickeykn@noaa.gov#mailto:pwickeykn@noaa.gov#";"Young America";"10/12/2020";"3";"Spherical Robots";"16.75";"eBooks";"50.25"
"tgrayston7k@pagesperso-orange.fr#mailto:tgrayston7k@pagesperso-orange.fr#";"Atlanta";"10/12/2020";"5";"RQTE-554 Robot";"684";"Robots";"3420"
"esemeradra@dion.ne.jp#mailto:esemeradra@dion.ne.jp#";"Salt Lake City";"10/12/2020";"5";"BYOR-4005";"245";"Robot Kits";"1225"
"ddrysdalej8@ucoz.com#mailto:ddrysdalej8@ucoz.com#";"Greenville";"10/12/2020";"2";"DTE-QFN20 Drone";"250";"Drones";"500"
"bwaiton1@geocities.com#mailto:bwaiton1@geocities.com#";"Madison";"10/12/2020";"3";"Robotic Essentials";"34.99";"Training Videos";"104.97"
"sbolgerfn@epa.gov#mailto:sbolgerfn@epa.gov#";"Sacramento";"10/12/2021";"2";"BYOR-2640S";"189";"Robot Kits";"378"
"mplewmano7@woothemes.com#mailto:mplewmano7@woothemes.com#";"Schenectady";"10/12/2021";"3";"RTF Drones";"16.99";"eBooks";"50.97"
"mrodmellaf@feedburner.com#mailto:mrodmellaf@feedburner.com#";"Salt Lake City";"10/12/2021";"5";"BYOD-500";"167";"Drone Kits";"835"
"hdunnetix@slideshare.net#mailto:hdunnetix@slideshare.net#";"Riverside";"10/12/2021";"5";"BYOD-350";"89.95";"Drone Kits";"449.75"
"gmoensqa@gnu.org#mailto:gmoensqa@gnu.org#";"Scottsdale";"10/12/2021";"3";"Ladybug Robot Blueprint";"12";"Blueprints";"36"
"jramsbothamly@pagesperso-orange.fr#mailto:jramsbothamly@pagesperso-orange.fr#";"Topeka";"10/12/2021";"5";"DX-145 Drone";"250";"Drones";"1250"
"pcameranaol@ed.gov#mailto:pcameranaol@ed.gov#";"Chicago";"10/12/2021";"5";"DX-145 Drone";"250";"Drones";"1250"
"dhenlonc2@blogs.com#mailto:dhenlonc2@blogs.com#";"Denver";"10/12/2021";"6";"Understanding Automation";"44.95";"Training Videos";"269.70000000000005"
"ebartolozzigq@time.com#mailto:ebartolozzigq@time.com#";"Glendale";"11/01/2020";"4";"BYOD-500";"167";"Drone Kits";"668"
"lkubatsch2v@tamu.edu#mailto:lkubatsch2v@tamu.edu#";"Fort Smith";"11/01/2021";"6";"MICR-23K Robot";"899";"Robots";"5394"
"cmayworthi2@time.com#mailto:cmayworthi2@time.com#";"Juneau";"11/01/2021";"4";"GPS Drones";"19.99";"eBooks";"79.96"
"imcshirrie2f@squidoo.com#mailto:imcshirrie2f@squidoo.com#";"Hot Springs National Park";"11/01/2021";"3";"BYOR-1000";"189";"Robot Kits";"567"
"callderhy@oaic.gov.au#mailto:callderhy@oaic.gov.au#";"Springfield";"11/01/2021";"4";"Photograph Drones";"14.99";"eBooks";"59.96"
"cklugerlg@sfgate.com#mailto:cklugerlg@sfgate.com#";"San Diego";"11/01/2021";"3";"Fixed Wing Drones";"15.5";"eBooks";"46.5"
"bchattingtonkm@un.org#mailto:bchattingtonkm@un.org#";"Lancaster";"11/01/2021";"3";"Cloud Computing";"29.99";"Training Videos";"89.97"
"rmarchandhj@google.ru#mailto:rmarchandhj@google.ru#";"Greeley";"11/01/2021";"6";"DTD-7000 Drone";"450";"Drones";"2700"
"bcrowthergs@cyberchimps.com#mailto:bcrowthergs@cyberchimps.com#";"Tucson";"11/02/2020";"5";"BYOD-400S";"129.95";"Drone Kits";"649.75"
"tmariansc4@dmoz.org#mailto:tmariansc4@dmoz.org#";"Corona";"11/02/2020";"4";"RTF Drones";"16.99";"eBooks";"67.96"
"swelmanod@google.it#mailto:swelmanod@google.it#";"Columbus";"11/02/2020";"3";"DC-304 Drone";"395";"Drones";"1185"
"bsortongk@amazon.de#mailto:bsortongk@amazon.de#";"Bismarck";"11/02/2020";"3";"Multi Rotor Drones";"24.95";"eBooks";"74.85"
"mbuckmaster6b@mediafire.com#mailto:mbuckmaster6b@mediafire.com#";"Detroit";"11/02/2020";"2";"RQTE-554 Robot";"684";"Robots";"1368"
"pmenendezcv@squarespace.com#mailto:pmenendezcv@squarespace.com#";"Galveston";"11/02/2021";"3";"Ladybug Robot Blueprint";"12";"Blueprints";"36"
"dtorrecilla46@indiegogo.com#mailto:dtorrecilla46@indiegogo.com#";"Charlotte";"11/02/2021";"3";"All Eyes Drone Blueprint";"9.99";"Blueprints";"29.97"
"genochef@networkadvertising.org#mailto:genochef@networkadvertising.org#";"Zephyrhills";"11/02/2021";"3";"BYOD-100";"54";"Drone Kits";"162"
"sinstrell7v@newyorker.com#mailto:sinstrell7v@newyorker.com#";"Norwalk";"11/02/2021";"2";"Helicopter Drones";"20.95";"eBooks";"41.9"
"cloinsjc@mail.ru#mailto:cloinsjc@mail.ru#";"Oklahoma City";"11/03/2020";"4";"Panda Robot Blueprint";"7.99";"Blueprints";"31.96"
"jdeaconsonqb@usgs.gov#mailto:jdeaconsonqb@usgs.gov#";"Winston Salem";"11/03/2020";"3";"BYOR-3000";"214";"Robot Kits";"642"
"spumfreyhi@hp.com#mailto:spumfreyhi@hp.com#";"Baton Rouge";"11/03/2020";"3";"Sleepy Eye Blueprint";"11.99";"Blueprints";"35.97"
"kannett8p@wikia.com#mailto:kannett8p@wikia.com#";"Van Nuys";"11/03/2021";"5";"Mapping with Drones";"49";"Training Videos";"245"
"kdjurdjevicim@harvard.edu#mailto:kdjurdjevicim@harvard.edu#";"Mobile";"11/03/2021";"2";"All Eyes Drone Blueprint";"9.99";"Blueprints";"19.98"
"hmelling1b@miibeian.gov.cn#mailto:hmelling1b@miibeian.gov.cn#";"Chicago";"11/03/2021";"3";"Delivery Drones";"14.99";"eBooks";"44.97"
"mrodmellaf@feedburner.com#mailto:mrodmellaf@feedburner.com#";"Salt Lake City";"11/03/2021";"1";"RWW-75 Robot";"883";"Robots";"883"
"mtarrjp@theglobeandmail.com#mailto:mtarrjp@theglobeandmail.com#";"Miami";"11/04/2020";"4";"Delta Robots";"16.99";"eBooks";"67.96"
"jramsbothamly@pagesperso-orange.fr#mailto:jramsbothamly@pagesperso-orange.fr#";"Topeka";"11/04/2020";"2";"RCB-889 Robot";"549";"Robots";"1098"
"cmayworthi2@time.com#mailto:cmayworthi2@time.com#";"Juneau";"11/04/2020";"5";"Articulated Robots";"23.99";"eBooks";"119.94999999999999"
"jconibereae@disqus.com#mailto:jconibereae@disqus.com#";"Wichita";"11/04/2020";"3";"Delta Robots";"16.99";"eBooks";"50.97"
"ecapron4l@tripadvisor.com#mailto:ecapron4l@tripadvisor.com#";"Chicago";"11/04/2021";"6";"BYOD-350";"89.95";"Drone Kits";"539.7"
"tbodocs2@tumblr.com#mailto:tbodocs2@tumblr.com#";"Myrtle Beach";"11/04/2021";"6";"All Eyes Drone Blueprint";"9.99";"Blueprints";"59.94"
"mclemo90@mozilla.com#mailto:mclemo90@mozilla.com#";"Vancouver";"11/04/2021";"5";"DTD-7000 Drone";"450";"Drones";"2250"
"ssein9u@unesco.org#mailto:ssein9u@unesco.org#";"Omaha";"11/04/2021";"2";"BYOD-550";"179";"Drone Kits";"358"
"ravardff@yelp.com#mailto:ravardff@yelp.com#";"Oakland";"11/05/2020";"3";"Understanding Arduino";"17.5";"eBooks";"52.5"
"pcubuzzi4z@studiopress.com#mailto:pcubuzzi4z@studiopress.com#";"Schenectady";"11/05/2020";"3";"Creature Robot Arms Blueprint";"12";"Blueprints";"36"
"isorohr@symantec.com#mailto:isorohr@symantec.com#";"Sioux Falls";"11/05/2020";"2";"Cloud Computing";"29.99";"Training Videos";"59.98"
"apomphreyi1@narod.ru#mailto:apomphreyi1@narod.ru#";"Tucson";"11/05/2020";"3";"SCARA Robots";"19.5";"eBooks";"58.5"
"jhectores@geocities.com#mailto:jhectores@geocities.com#";"Fresno";"11/05/2020";"2";"Mapping with Drones";"49";"Training Videos";"98"
"marrigoly@hibu.com#mailto:marrigoly@hibu.com#";"Sacramento";"11/05/2021";"4";"Mapping with Drones";"49";"Training Videos";"196"
"eharmstone9d@unicef.org#mailto:eharmstone9d@unicef.org#";"College Station";"11/05/2021";"4";"BYOR-2640S";"189";"Robot Kits";"756"
"hslarkpp@csmonitor.com#mailto:hslarkpp@csmonitor.com#";"Detroit";"11/05/2021";"6";"Building Your Own Drone";"24.99";"eBooks";"149.94"
"rmikalski4q@joomla.org#mailto:rmikalski4q@joomla.org#";"Springfield";"11/05/2021";"4";"BYOR-4005";"245";"Robot Kits";"980"
"roshieldi@tiny.cc#mailto:roshieldi@tiny.cc#";"Bridgeport";"11/06/2020";"4";"Delta Robots";"16.99";"eBooks";"67.96"
"ejablonskidi@adobe.com#mailto:ejablonskidi@adobe.com#";"Macon";"11/06/2020";"4";"BYOD-400S";"129.95";"Drone Kits";"519.8"
"eporter9k@google.co.uk#mailto:eporter9k@google.co.uk#";"Oakland";"11/06/2020";"1";"Articulated Robots";"23.99";"eBooks";"23.99"
"cpriestnalli5@japanpost.jp#mailto:cpriestnalli5@japanpost.jp#";"Denton";"11/06/2020";"5";"BYOD-550";"179";"Drone Kits";"895"
"bfeenanej@hc360.com#mailto:bfeenanej@hc360.com#";"Shreveport";"11/06/2021";"5";"RWW-75 Robot";"883";"Robots";"4415"
"bhadingham3r@goo.ne.jp#mailto:bhadingham3r@goo.ne.jp#";"Kansas City";"11/06/2021";"5";"Understanding Arduino";"17.5";"eBooks";"87.5"
"stwintermanbg@e-recht24.de#mailto:stwintermanbg@e-recht24.de#";"Atlanta";"11/06/2021";"3";"Understanding Arduino";"17.5";"eBooks";"52.5"
"mscuphamj1@oaic.gov.au#mailto:mscuphamj1@oaic.gov.au#";"El Paso";"11/06/2021";"5";"DX-145 Drone";"250";"Drones";"1250"
"dewbanksf0@google.es#mailto:dewbanksf0@google.es#";"Scranton";"11/06/2021";"3";"BYOD-550";"179";"Drone Kits";"537"
"tcowper25@netlog.com#mailto:tcowper25@netlog.com#";"Fort Worth";"11/06/2021";"3";"RLK-9920 Robot";"699";"Robots";"2097"
"agenders72@virginia.edu#mailto:agenders72@virginia.edu#";"Silver Spring";"11/06/2021";"3";"RXW-9807 Robot";"599";"Robots";"1797"
"jby72@ow.ly#mailto:jby72@ow.ly#";"Albany";"11/07/2020";"5";"SCARA Robots";"19.5";"eBooks";"97.5"
"aroddy41@dmoz.org#mailto:aroddy41@dmoz.org#";"Grand Rapids";"11/07/2020";"3";"MICR-564K Drone";"499";"Drones";"1497"
"fsline8d@marketwatch.com#mailto:fsline8d@marketwatch.com#";"Atlanta";"11/07/2020";"3";"AI for Educators";"49.95";"Training Videos";"149.85000000000002"
"aabryaw@hibu.com#mailto:aabryaw@hibu.com#";"Long Beach";"11/07/2020";"3";"BYOD-350";"89.95";"Drone Kits";"269.85"
"kkington20@barnesandnoble.com#mailto:kkington20@barnesandnoble.com#";"Dallas";"11/07/2020";"2";"Creature Robot Arms Blueprint";"12";"Blueprints";"24"
"sbaglow4r@columbia.edu#mailto:sbaglow4r@columbia.edu#";"Tacoma";"11/07/2020";"4";"Building Your First Robot";"24.95";"eBooks";"99.8"
"bheditchad@icq.com#mailto:bheditchad@icq.com#";"Miami";"11/07/2021";"4";"RXW-9807 Robot";"599";"Robots";"2396"
"ccrowtherlf@huffingtonpost.com#mailto:ccrowtherlf@huffingtonpost.com#";"Pasadena";"11/07/2021";"2";"RXW-9807 Robot";"599";"Robots";"1198"
"tzimmerman1p@multiply.com#mailto:tzimmerman1p@multiply.com#";"Lexington";"11/07/2021";"3";"BYOR-4005";"245";"Robot Kits";"735"
"akeppin4m@addtoany.com#mailto:akeppin4m@addtoany.com#";"New Orleans";"11/07/2021";"2";"Drone Video Techniques";"37.99";"Training Videos";"75.98"
"ipridenn5@cocolog-nifty.com#mailto:ipridenn5@cocolog-nifty.com#";"Atlanta";"11/07/2021";"3";"Robotic Essentials";"34.99";"Training Videos";"104.97"
"mferonns@over-blog.com#mailto:mferonns@over-blog.com#";"Austin";"11/07/2021";"5";"Industrial 3D Printing";"49";"Training Videos";"245"
"cmckinstry3g@wired.com#mailto:cmckinstry3g@wired.com#";"Denver";"11/08/2020";"3";"BYOR-4005";"245";"Robot Kits";"735"
"lolfordpj@marriott.com#mailto:lolfordpj@marriott.com#";"North Las Vegas";"11/08/2020";"4";"Single Rotor Drones";"14.99";"eBooks";"59.96"
"rbaswall9t@topsy.com#mailto:rbaswall9t@topsy.com#";"Staten Island";"11/08/2020";"4";"Mapping with Drones";"49";"Training Videos";"196"
"clotse8@arizona.edu#mailto:clotse8@arizona.edu#";"Houston";"11/08/2020";"4";"BYOD-200";"58.95";"Drone Kits";"235.8"
"fneate3a@tinyurl.com#mailto:fneate3a@tinyurl.com#";"Bakersfield";"11/08/2020";"5";"DA-SA702 Drone";"399";"Drones";"1995"
"schattingtonqk@qq.com#mailto:schattingtonqk@qq.com#";"Chattanooga";"11/08/2021";"5";"Understanding Automation";"44.95";"Training Videos";"224.75"
"eporter9k@google.co.uk#mailto:eporter9k@google.co.uk#";"Oakland";"11/08/2021";"5";"Understanding Drone Regulations";"27.5";"Training Videos";"137.5"
"bblodgdr@webs.com#mailto:bblodgdr@webs.com#";"Trenton";"11/08/2021";"4";"Open Source Code";"32.95";"Training Videos";"131.8"
"driccardinijb@eventbrite.com#mailto:driccardinijb@eventbrite.com#";"Decatur";"11/08/2021";"5";"Virtual Reality Basics";"29.99";"Training Videos";"149.95"
"acalladineai@narod.ru#mailto:acalladineai@narod.ru#";"Trenton";"11/08/2021";"4";"Understanding Automation";"44.95";"Training Videos";"179.8"
"tqueyospw@oaic.gov.au#mailto:tqueyospw@oaic.gov.au#";"Greensboro";"11/08/2021";"5";"Cartesian Robots";"12.99";"eBooks";"64.95"
"jsethkt@google.fr#mailto:jsethkt@google.fr#";"Houston";"11/08/2021";"4";"BYOD-200";"58.95";"Drone Kits";"235.8"
"mheasleyd1@cnet.com#mailto:mheasleyd1@cnet.com#";"Rochester";"11/08/2021";"3";"Creature Robot Arms Blueprint";"12";"Blueprints";"36"
"mgales3v@123-reg.co.uk#mailto:mgales3v@123-reg.co.uk#";"Alhambra";"11/09/2020";"4";"MICR-23K Robot";"899";"Robots";"3596"
"ccassellq3@japanpost.jp#mailto:ccassellq3@japanpost.jp#";"Cambridge";"11/09/2020";"2";"Cartesian Robots";"12.99";"eBooks";"25.98"
"mravenscrofttap@vinaora.com#mailto:mravenscrofttap@vinaora.com#";"Omaha";"11/09/2020";"3";"Robotic Essentials";"34.99";"Training Videos";"104.97"
"wgobeauk5@un.org#mailto:wgobeauk5@un.org#";"Reno";"11/09/2021";"3";"BYOD-500";"167";"Drone Kits";"501"
"rbagge56@ucla.edu#mailto:rbagge56@ucla.edu#";"Saint Paul";"11/09/2021";"3";"BYOD-550";"179";"Drone Kits";"537"
"cchimentieu@discovery.com#mailto:cchimentieu@discovery.com#";"Albany";"11/09/2021";"4";"BYOD-220";"69";"Drone Kits";"276"
"wbernolet9v@ft.com#mailto:wbernolet9v@ft.com#";"Appleton";"11/10/2020";"3";"BYOR-2640S";"189";"Robot Kits";"567"
"bmacdermottpj@flickr.com#mailto:bmacdermottpj@flickr.com#";"Muncie";"11/10/2020";"5";"BYOD-300";"89";"Drone Kits";"445"
"bcurme4@umich.edu#mailto:bcurme4@umich.edu#";"Houston";"11/10/2020";"5";"Understanding Artificial Intelligence";"19.5";"eBooks";"97.5"
"kcoen29@loc.gov#mailto:kcoen29@loc.gov#";"Savannah";"11/10/2021";"2";"Understanding Automation";"44.95";"Training Videos";"89.9"
"cgillionm7@cdc.gov#mailto:cgillionm7@cdc.gov#";"Houston";"11/10/2021";"3";"Sleepy Eye Blueprint";"11.99";"Blueprints";"35.97"
"cmacmichael5y@businesswire.com#mailto:cmacmichael5y@businesswire.com#";"Tucson";"11/11/2020";"3";"Polar Robots";"23.99";"eBooks";"71.97"
"bshavelo8@ihg.com#mailto:bshavelo8@ihg.com#";"Atlanta";"11/11/2020";"1";"BYOD-200";"58.95";"Drone Kits";"58.95"
"dwhittingtoncz@mozilla.org#mailto:dwhittingtoncz@mozilla.org#";"Huntsville";"11/11/2020";"2";"Cloud Computing";"29.99";"Training Videos";"59.98"
"bcrowthergs@cyberchimps.com#mailto:bcrowthergs@cyberchimps.com#";"Tucson";"11/11/2020";"5";"Understanding Artificial Intelligence";"19.5";"eBooks";"97.5"
"llockner5c@pen.io#mailto:llockner5c@pen.io#";"Lubbock";"11/11/2020";"3";"BYOD-200";"58.95";"Drone Kits";"176.85000000000002"
"mcaddan7a@tinyurl.com#mailto:mcaddan7a@tinyurl.com#";"Decatur";"11/11/2021";"5";"Building Your First Robot";"24.95";"eBooks";"124.75"
"akeppin4m@addtoany.com#mailto:akeppin4m@addtoany.com#";"New Orleans";"11/11/2021";"5";"DC-304 Drone";"395";"Drones";"1975"
"jseelerok@odnoklassniki.ru#mailto:jseelerok@odnoklassniki.ru#";"Salt Lake City";"11/11/2021";"2";"Mapping with Drones";"49";"Training Videos";"98"
"dbamsey14@admin.ch#mailto:dbamsey14@admin.ch#";"Lake Charles";"11/12/2020";"2";"Aerial Security";"36.99";"Training Videos";"73.98"
"ejobeyh3@scribd.com#mailto:ejobeyh3@scribd.com#";"South Bend";"11/12/2020";"2";"RCB-889 Robot";"549";"Robots";"1098"
"gharrild56@sogou.com#mailto:gharrild56@sogou.com#";"Amarillo";"11/12/2020";"2";"RTF Drones";"16.99";"eBooks";"33.98"
"ajumonetoi@cbc.ca#mailto:ajumonetoi@cbc.ca#";"Atlanta";"11/12/2020";"5";"DX-145 Drone";"250";"Drones";"1250"
"rgreening1f@webeden.co.uk#mailto:rgreening1f@webeden.co.uk#";"Amarillo";"11/12/2020";"4";"Polar Robots";"23.99";"eBooks";"95.96"
"nshaw9u@craigslist.org#mailto:nshaw9u@craigslist.org#";"Arlington";"11/12/2021";"4";"BYOD-500";"167";"Drone Kits";"668"
"nwebberley8w@studiopress.com#mailto:nwebberley8w@studiopress.com#";"Washington";"11/12/2021";"2";"Articulated Robots";"23.99";"eBooks";"47.98"
"edii0@geocities.com#mailto:edii0@geocities.com#";"Tampa";"11/12/2021";"4";"BYOR-2640S";"189";"Robot Kits";"756"
"jaucourteen@imageshack.us#mailto:jaucourteen@imageshack.us#";"Tacoma";"11/12/2021";"2";"RTF Drones";"16.99";"eBooks";"33.98"
"tsailoro4@barnesandnoble.com#mailto:tsailoro4@barnesandnoble.com#";"Las Vegas";"11/12/2021";"3";"Understanding 3D Printing";"42.99";"Training Videos";"128.97"
"sbyasnq@netvibes.com#mailto:sbyasnq@netvibes.com#";"Los Angeles";"12/01/2020";"6";"GPS Drones";"19.99";"eBooks";"119.94"
"dgyrgorcewicx5@1und1.de#mailto:dgyrgorcewicx5@1und1.de#";"Tulsa";"12/01/2020";"4";"Polar Robots";"23.99";"eBooks";"95.96"
"ucastanhoq7@who.int#mailto:ucastanhoq7@who.int#";"Miami";"12/01/2020";"6";"Ladybug Robot Blueprint";"12";"Blueprints";"72"
"dedgeler3u@booking.com#mailto:dedgeler3u@booking.com#";"Columbus";"12/01/2020";"3";"BYOR-3535";"225";"Robot Kits";"675"
"aheggeg1@yellowpages.com#mailto:aheggeg1@yellowpages.com#";"Columbus";"12/01/2021";"4";"Understanding 3D Printing";"42.99";"Training Videos";"171.96"
"dmccourtie4s@vistaprint.com#mailto:dmccourtie4s@vistaprint.com#";"San Rafael";"12/01/2021";"5";"MICR-23K Robot";"899";"Robots";"4495"
"mstovin3z@indiegogo.com#mailto:mstovin3z@indiegogo.com#";"Houston";"12/01/2021";"4";"Mapping with Drones";"49";"Training Videos";"196"
"jredwin34@joomla.org#mailto:jredwin34@joomla.org#";"Columbia";"12/01/2021";"3";"RXW-9807 Robot";"599";"Robots";"1797"
"rdermotm7@spotify.com#mailto:rdermotm7@spotify.com#";"Washington";"12/01/2021";"5";"BYOR-3535";"225";"Robot Kits";"1125"
"gmacenzy8g@constantcontact.com#mailto:gmacenzy8g@constantcontact.com#";"Springfield";"12/02/2020";"4";"DA-SA702 Drone";"399";"Drones";"1596"
"brickabya2@europa.eu#mailto:brickabya2@europa.eu#";"Kansas City";"12/02/2020";"6";"Bsquare Robot Blueprint";"8.99";"Blueprints";"53.94"
"ecolepl@youku.com#mailto:ecolepl@youku.com#";"Hartford";"12/02/2020";"5";"Polar Robots";"23.99";"eBooks";"119.94999999999999"
"gsemered1u@dot.gov#mailto:gsemered1u@dot.gov#";"Washington";"12/02/2020";"1";"DTI-84 Drone";"455";"Drones";"455"
"egrombridge88@upenn.edu#mailto:egrombridge88@upenn.edu#";"Washington";"12/02/2020";"5";"Robotic Essentials";"34.99";"Training Videos";"174.95000000000002"
"hfaulconerbv@msu.edu#mailto:hfaulconerbv@msu.edu#";"Galveston";"12/02/2020";"6";"RLK-9920 Robot";"699";"Robots";"4194"
"larnaudonqm@uol.com.br#mailto:larnaudonqm@uol.com.br#";"Denver";"12/02/2020";"5";"Understanding 3D Printing";"42.99";"Training Videos";"214.95000000000002"
"kbrewittgf@mac.com#mailto:kbrewittgf@mac.com#";"Flint";"12/02/2020";"4";"BYOD-220";"69";"Drone Kits";"276"
"hantonetti31@wix.com#mailto:hantonetti31@wix.com#";"Chattanooga";"12/02/2021";"5";"Sleepy Eye Blueprint";"11.99";"Blueprints";"59.95"
"mdibenn6@blogger.com#mailto:mdibenn6@blogger.com#";"Sarasota";"12/02/2021";"5";"Understanding Automation";"44.95";"Training Videos";"224.75"
"abrende6e@harvard.edu#mailto:abrende6e@harvard.edu#";"Little Rock";"12/02/2021";"2";"GPS Drones";"19.99";"eBooks";"39.98"
"cpala1d@mysql.com#mailto:cpala1d@mysql.com#";"Davenport";"12/02/2021";"5";"SCARA Robots";"19.5";"eBooks";"97.5"
"lmcgarveyfn@unesco.org#mailto:lmcgarveyfn@unesco.org#";"Austin";"12/02/2021";"6";"RXW-9807 Robot";"599";"Robots";"3594"
"cgallehockkf@xinhuanet.com#mailto:cgallehockkf@xinhuanet.com#";"Denver";"12/02/2021";"2";"Cat Robot Blueprint";"4.99";"Blueprints";"9.98"
"tpickworth4k@rambler.ru#mailto:tpickworth4k@rambler.ru#";"Charlotte";"12/03/2020";"3";"Articulated Robots";"23.99";"eBooks";"71.97"
"bandrickao@smugmug.com#mailto:bandrickao@smugmug.com#";"Sterling";"12/03/2020";"2";"Panda Robot Blueprint";"7.99";"Blueprints";"15.98"
"selliottqs@google.cn#mailto:selliottqs@google.cn#";"Wichita";"12/03/2020";"3";"RLK-9920 Robot";"699";"Robots";"2097"
"dmarrillb5@sina.com.cn#mailto:dmarrillb5@sina.com.cn#";"Irving";"12/03/2020";"2";"BYOR-3535";"225";"Robot Kits";"450"
"kcavanbe@bbb.org#mailto:kcavanbe@bbb.org#";"Jacksonville";"12/03/2021";"2";"Open Source Code";"32.95";"Training Videos";"65.9"
"jpinchen15@behance.net#mailto:jpinchen15@behance.net#";"Birmingham";"12/03/2021";"6";"Building Your Own Drone";"24.99";"eBooks";"149.94"
"bdennerly7h@si.edu#mailto:bdennerly7h@si.edu#";"Loretto";"12/03/2021";"3";"Fixed Wing Drones";"15.5";"eBooks";"46.5"
"yharrisck@google.co.jp#mailto:yharrisck@google.co.jp#";"Louisville";"12/03/2021";"3";"Drone Building Essentials";"13.99";"eBooks";"41.97"
"cbunnellma@google.nl#mailto:cbunnellma@google.nl#";"Memphis";"12/03/2021";"3";"Bsquare Robot Blueprint";"8.99";"Blueprints";"26.97"
"mroderickm4@gizmodo.com#mailto:mroderickm4@gizmodo.com#";"Saint Louis";"12/04/2020";"2";"Building Your First Robot";"24.95";"eBooks";"49.9"
"hsparkebr@odnoklassniki.ru#mailto:hsparkebr@odnoklassniki.ru#";"Augusta";"12/04/2021";"2";"Polar Robots";"23.99";"eBooks";"47.98"
"ddik8@sphinn.com#mailto:ddik8@sphinn.com#";"Seattle";"12/04/2021";"3";"Cartesian Robots";"12.99";"eBooks";"38.97"
"smcgrann77@imageshack.us#mailto:smcgrann77@imageshack.us#";"Waco";"12/04/2021";"3";"AI for Educators";"49.95";"Training Videos";"149.85000000000002"
"hbamburyil@aol.com#mailto:hbamburyil@aol.com#";"Paterson";"12/04/2021";"2";"Panda Robot Blueprint";"7.99";"Blueprints";"15.98"
"aghironq4@123-reg.co.uk#mailto:aghironq4@123-reg.co.uk#";"Charleston";"12/04/2021";"6";"Single Rotor Drones";"14.99";"eBooks";"89.94"
"gkirkhousen3@reddit.com#mailto:gkirkhousen3@reddit.com#";"Anchorage";"12/04/2021";"3";"DC-304 Drone";"395";"Drones";"1185"
"yalthrop8n@google.co.jp#mailto:yalthrop8n@google.co.jp#";"Milwaukee";"12/05/2020";"3";"BYOD-200";"58.95";"Drone Kits";"176.85000000000002"
"rtuxwellip@squidoo.com#mailto:rtuxwellip@squidoo.com#";"Chicago";"12/05/2020";"4";"Open Source Code";"32.95";"Training Videos";"131.8"
"ttrowel3@joomla.org#mailto:ttrowel3@joomla.org#";"Hagerstown";"12/05/2020";"3";"Delta Robots";"16.99";"eBooks";"50.97"
"scawstoni0@imgur.com#mailto:scawstoni0@imgur.com#";"Pasadena";"12/05/2021";"5";"BYOD-300";"89";"Drone Kits";"445"
"gsowlef9@pinterest.com#mailto:gsowlef9@pinterest.com#";"Evansville";"12/05/2021";"4";"Bsquare Robot Blueprint";"8.99";"Blueprints";"35.96"
"bmarnerb7@umn.edu#mailto:bmarnerb7@umn.edu#";"Young America";"12/06/2020";"3";"Single Rotor Drones";"14.99";"eBooks";"44.97"
"rcharville3k@ovh.net#mailto:rcharville3k@ovh.net#";"Anniston";"12/06/2021";"3";"BYOR-1000";"189";"Robot Kits";"567"
"fbrignalll3@google.com.au#mailto:fbrignalll3@google.com.au#";"El Paso";"12/06/2021";"5";"DTD-7000 Drone";"450";"Drones";"2250"
"wdenmead7q@go.com#mailto:wdenmead7q@go.com#";"New Orleans";"12/06/2021";"5";"QuadroCopter Blueprint";"10.99";"Blueprints";"54.95"
"cchadwickg2@craigslist.org#mailto:cchadwickg2@craigslist.org#";"Bakersfield";"12/06/2021";"4";"Photograph Drones";"14.99";"eBooks";"59.96"
"cnisuis5v@cloudflare.com#mailto:cnisuis5v@cloudflare.com#";"Springfield";"12/06/2021";"3";"Drone Video Techniques";"37.99";"Training Videos";"113.97"
"coaks1g@gravatar.com#mailto:coaks1g@gravatar.com#";"San Bernardino";"12/06/2021";"3";"Drone Building Essentials";"13.99";"eBooks";"41.97"
"tocriane96@flavors.me#mailto:tocriane96@flavors.me#";"Little Rock";"12/06/2021";"3";"Bsquare Robot Blueprint";"8.99";"Blueprints";"26.97"
"jyerbornfe@tumblr.com#mailto:jyerbornfe@tumblr.com#";"Bronx";"12/07/2020";"2";"DA-SA702 Drone";"399";"Drones";"798"
"alucchijb@usda.gov#mailto:alucchijb@usda.gov#";"Houston";"12/07/2020";"2";"DA-SA702 Drone";"399";"Drones";"798"
"kgiacobazzirc@china.com.cn#mailto:kgiacobazzirc@china.com.cn#";"Des Moines";"12/07/2020";"1";"RWW-75 Robot";"883";"Robots";"883"
"bheditchad@icq.com#mailto:bheditchad@icq.com#";"Miami";"12/07/2020";"5";"BYOR-1000";"189";"Robot Kits";"945"
"cslocumlm@constantcontact.com#mailto:cslocumlm@constantcontact.com#";"Dallas";"12/07/2020";"3";"Building Your Own Drone";"24.99";"eBooks";"74.97"
"bfoortdl@vimeo.com#mailto:bfoortdl@vimeo.com#";"Philadelphia";"12/07/2021";"4";"Panda Robot Blueprint";"7.99";"Blueprints";"31.96"
"areckkc@blogspot.com#mailto:areckkc@blogspot.com#";"San Diego";"12/07/2021";"5";"GPS Drones";"19.99";"eBooks";"99.94999999999999"
"btucsellgm@hud.gov#mailto:btucsellgm@hud.gov#";"Dallas";"12/07/2021";"4";"MICR-564K Drone";"499";"Drones";"1996"
"cbarker7t@clickbank.net#mailto:cbarker7t@clickbank.net#";"Saint Petersburg";"12/07/2021";"3";"Cat Robot Blueprint";"4.99";"Blueprints";"14.97"
"rarthars3e@mysql.com#mailto:rarthars3e@mysql.com#";"Humble";"12/07/2021";"3";"DTI-84 Drone";"455";"Drones";"1365"
"qgorsc3@wikipedia.org#mailto:qgorsc3@wikipedia.org#";"Wilmington";"12/07/2021";"5";"Understanding Arduino";"17.5";"eBooks";"87.5"
"mspencerj5@unblog.fr#mailto:mspencerj5@unblog.fr#";"Seattle";"12/07/2021";"3";"BYOD-220";"69";"Drone Kits";"207"
"ijohanningrq@t-online.de#mailto:ijohanningrq@t-online.de#";"Kansas City";"12/08/2020";"2";"Cartesian Robots";"12.99";"eBooks";"25.98"
"gjirusekby@360.cn#mailto:gjirusekby@360.cn#";"Indianapolis";"12/08/2020";"2";"BYOR-1000";"189";"Robot Kits";"378"
"tmariansc4@dmoz.org#mailto:tmariansc4@dmoz.org#";"Corona";"12/08/2020";"2";"Delta Robots";"16.99";"eBooks";"33.98"
"smaffyjj@nbcnews.com#mailto:smaffyjj@nbcnews.com#";"San Luis Obispo";"12/08/2021";"4";"Articulated Robots";"23.99";"eBooks";"95.96"
"fzavattieri4l@paypal.com#mailto:fzavattieri4l@paypal.com#";"Garden Grove";"12/08/2021";"5";"Photograph Drones";"14.99";"eBooks";"74.95"
"hdarwentx@csmonitor.com#mailto:hdarwentx@csmonitor.com#";"Arlington";"12/08/2021";"5";"AI for Educators";"49.95";"Training Videos";"249.75"
"ccruzcn@ca.gov#mailto:ccruzcn@ca.gov#";"San Francisco";"12/09/2020";"5";"RXW-9807 Robot";"599";"Robots";"2995"
"jby72@ow.ly#mailto:jby72@ow.ly#";"Albany";"12/09/2020";"6";"RCB-889 Robot";"549";"Robots";"3294"
"sfishepe@163.com#mailto:sfishepe@163.com#";"New York City";"12/09/2020";"3";"Spherical Robots";"16.75";"eBooks";"50.25"
"manningh7@nifty.com#mailto:manningh7@nifty.com#";"Wilmington";"12/09/2020";"2";"GPS Drones";"19.99";"eBooks";"39.98"
"mmitroshinovr@sfgate.com#mailto:mmitroshinovr@sfgate.com#";"San Francisco";"12/09/2021";"4";"RWW-75 Robot";"883";"Robots";"3532"
"tzannelibe@jimdo.com#mailto:tzannelibe@jimdo.com#";"Lubbock";"12/09/2021";"4";"SCARA Robots";"19.5";"eBooks";"78"
"llockner5c@pen.io#mailto:llockner5c@pen.io#";"Lubbock";"12/09/2021";"3";"RTF Drones";"16.99";"eBooks";"50.97"
"mscholard2z@blinklist.com#mailto:mscholard2z@blinklist.com#";"Gatesville";"12/10/2020";"5";"DX-145 Drone";"250";"Drones";"1250"
"hcuckoooy@nba.com#mailto:hcuckoooy@nba.com#";"Washington";"12/10/2020";"3";"Fixed Wing Drones";"15.5";"eBooks";"46.5"
"ddurran9j@eepurl.com#mailto:ddurran9j@eepurl.com#";"Macon";"12/10/2020";"3";"DTI-84 Drone";"455";"Drones";"1365"
"mbodessondq@admin.ch#mailto:mbodessondq@admin.ch#";"Rochester";"12/10/2020";"3";"DTI-84 Drone";"455";"Drones";"1365"
"mlillford24@yelp.com#mailto:mlillford24@yelp.com#";"Toledo";"12/10/2021";"5";"Multi Rotor Drones";"24.95";"eBooks";"124.75"
"aclampe8f@geocities.jp#mailto:aclampe8f@geocities.jp#";"Albany";"12/10/2021";"2";"Sleepy Eye Blueprint";"11.99";"Blueprints";"23.98"
"egrigoree2@51.la#mailto:egrigoree2@51.la#";"Orlando";"12/11/2021";"2";"Articulated Robots";"23.99";"eBooks";"47.98"
"grewcassellp5@noaa.gov#mailto:grewcassellp5@noaa.gov#";"Minneapolis";"12/11/2021";"2";"Understanding Raspberry PI";"28.99";"Training Videos";"57.98"
"syoull17@house.gov#mailto:syoull17@house.gov#";"Indianapolis";"12/11/2021";"5";"Creature Robot Arms Blueprint";"12";"Blueprints";"60"
"akellawayds@github.io#mailto:akellawayds@github.io#";"Lawrenceville";"12/11/2021";"5";"Photograph Drones";"14.99";"eBooks";"74.95"
"rkeelanoc@yolasite.com#mailto:rkeelanoc@yolasite.com#";"Trenton";"12/11/2021";"1";"BYOD-220";"69";"Drone Kits";"69"
"tgianilli6c@newsvine.com#mailto:tgianilli6c@newsvine.com#";"Nashville";"12/12/2020";"6";"RLK-9920 Robot";"699";"Robots";"4194"
"aainscow1y@fastcompany.com#mailto:aainscow1y@fastcompany.com#";"Seattle";"12/12/2020";"4";"Understanding Artificial Intelligence";"19.5";"eBooks";"78"
"blernerlv@umn.edu#mailto:blernerlv@umn.edu#";"Toledo";"12/12/2020";"6";"Hexacopter Drone Blueprint";"8.99";"Blueprints";"53.94"
"mbaudinoav@about.com#mailto:mbaudinoav@about.com#";"Washington";"12/12/2020";"4";"RXW-9807 Robot";"599";"Robots";"2396"
"fcaseroes@cnet.com#mailto:fcaseroes@cnet.com#";"Peoria";"12/12/2021";"4";"QuadroCopter Blueprint";"10.99";"Blueprints";"43.96"
"wmacneillqg@forbes.com#mailto:wmacneillqg@forbes.com#";"Denver";"12/12/2021";"4";"Polar Robots";"23.99";"eBooks";"95.96"
"tangearrk@so-net.ne.jp#mailto:tangearrk@so-net.ne.jp#";"Oklahoma City";"12/12/2021";"3";"RCB-889 Robot";"549";"Robots";"1647"
"rgifkins7u@mysql.com#mailto:rgifkins7u@mysql.com#";"Chicago";"13/01/2020";"4";"Photograph Drones";"14.99";"eBooks";"59.96"
"rpittsel@t.co#mailto:rpittsel@t.co#";"Savannah";"13/01/2020";"4";"Fixed Wing Drones";"15.5";"eBooks";"62"
"lcridlonkj@sina.com.cn#mailto:lcridlonkj@sina.com.cn#";"Springfield";"13/01/2020";"1";"Polar Robots";"23.99";"eBooks";"23.99"
"hbamletr9@google.nl#mailto:hbamletr9@google.nl#";"Sioux City";"13/01/2020";"5";"Understanding 3D Printing";"42.99";"Training Videos";"214.95000000000002"
"oditernu@shutterfly.com#mailto:oditernu@shutterfly.com#";"Tallahassee";"13/01/2021";"5";"Ladybug Robot Blueprint";"12";"Blueprints";"60"
"mdeniscc@angelfire.com#mailto:mdeniscc@angelfire.com#";"Montgomery";"13/01/2021";"5";"Robotic Essentials";"34.99";"Training Videos";"174.95000000000002"
"twest8o@friendfeed.com#mailto:twest8o@friendfeed.com#";"Mobile";"13/01/2021";"3";"Bsquare Robot Blueprint";"8.99";"Blueprints";"26.97"
"delnorm2@earthlink.net#mailto:delnorm2@earthlink.net#";"Peoria";"13/01/2021";"3";"Hexacopter Drone Blueprint";"8.99";"Blueprints";"26.97"
"cbarker7t@clickbank.net#mailto:cbarker7t@clickbank.net#";"Saint Petersburg";"13/01/2021";"5";"BYOR-4005";"245";"Robot Kits";"1225"
"prollasoneg@washingtonpost.com#mailto:prollasoneg@washingtonpost.com#";"Lancaster";"13/01/2021";"4";"Fixed Wing Drones";"15.5";"eBooks";"62"
"kpriumd9@clickbank.net#mailto:kpriumd9@clickbank.net#";"Norfolk";"13/01/2021";"3";"Delta Robots";"16.99";"eBooks";"50.97"
"blampkinw@ihg.com#mailto:blampkinw@ihg.com#";"San Diego";"13/01/2021";"5";"Sleepy Eye Blueprint";"11.99";"Blueprints";"59.95"
"roxtibyp1@slashdot.org#mailto:roxtibyp1@slashdot.org#";"Des Moines";"13/02/2020";"2";"DX-145 Drone";"250";"Drones";"500"
"ggoodere4q@scientificamerican.com#mailto:ggoodere4q@scientificamerican.com#";"Omaha";"13/02/2020";"5";"RLK-9920 Robot";"699";"Robots";"3495"
"genochef@networkadvertising.org#mailto:genochef@networkadvertising.org#";"Zephyrhills";"13/02/2020";"5";"Open Source Code";"32.95";"Training Videos";"164.75"
"salbrightonbf@paginegialle.it#mailto:salbrightonbf@paginegialle.it#";"Washington";"13/02/2020";"5";"Spherical Robots";"16.75";"eBooks";"83.75"
"cnenolz@mediafire.com#mailto:cnenolz@mediafire.com#";"Aurora";"13/02/2020";"4";"BYOR-3000";"214";"Robot Kits";"856"
"morodaneac@furl.net#mailto:morodaneac@furl.net#";"San Francisco";"13/02/2021";"4";"Understanding Artificial Intelligence";"19.5";"eBooks";"78"
"dbernsgt@soundcloud.com#mailto:dbernsgt@soundcloud.com#";"Virginia Beach";"13/02/2021";"4";"Polar Robots";"23.99";"eBooks";"95.96"
"tpegden7c@google.de#mailto:tpegden7c@google.de#";"Denver";"13/02/2021";"3";"Building Your First Robot";"24.95";"eBooks";"74.85"
"ibelfelteo@dedecms.com#mailto:ibelfelteo@dedecms.com#";"Chicago";"13/02/2021";"3";"Delivery Drones";"14.99";"eBooks";"44.97"
"ralekseev5o@elpais.com#mailto:ralekseev5o@elpais.com#";"Olympia";"13/02/2021";"6";"Ladybug Robot Blueprint";"12";"Blueprints";"72"
"bfoortdl@vimeo.com#mailto:bfoortdl@vimeo.com#";"Philadelphia";"13/02/2021";"2";"BYOR-1500";"189";"Robot Kits";"378"
"ofedoronkonk@salon.com#mailto:ofedoronkonk@salon.com#";"Sunnyvale";"13/02/2021";"5";"BYOR-1000";"189";"Robot Kits";"945"
"ccrowtherlf@huffingtonpost.com#mailto:ccrowtherlf@huffingtonpost.com#";"Pasadena";"13/02/2021";"5";"Bsquare Robot Blueprint";"8.99";"Blueprints";"44.95"
"aarendsenpl@state.tx.us#mailto:aarendsenpl@state.tx.us#";"Prescott";"13/02/2021";"3";"BYOD-220";"69";"Drone Kits";"207"
"lchippindallnr@reddit.com#mailto:lchippindallnr@reddit.com#";"Washington";"13/03/2020";"4";"RWW-75 Robot";"883";"Robots";"3532"
"fraylton54@fema.gov#mailto:fraylton54@fema.gov#";"Englewood";"13/03/2020";"5";"DX-145 Drone";"250";"Drones";"1250"
"acrippsgt@si.edu#mailto:acrippsgt@si.edu#";"Dallas";"13/03/2020";"2";"RCB-889 Robot";"549";"Robots";"1098"
"trippenig@wunderground.com#mailto:trippenig@wunderground.com#";"Moreno Valley";"13/03/2020";"5";"DC-304 Drone";"395";"Drones";"1975"
"jsimonsence@vimeo.com#mailto:jsimonsence@vimeo.com#";"Silver Spring";"13/03/2020";"4";"Sleepy Eye Blueprint";"11.99";"Blueprints";"47.96"
"ktipplekm@chicagotribune.com#mailto:ktipplekm@chicagotribune.com#";"Detroit";"13/03/2021";"3";"DC-304 Drone";"395";"Drones";"1185"
"lpolandmi@goodreads.com#mailto:lpolandmi@goodreads.com#";"Lexington";"13/03/2021";"2";"Understanding Raspberry PI";"28.99";"Training Videos";"57.98"
"jlattka2f@tuttocitta.it#mailto:jlattka2f@tuttocitta.it#";"Midland";"13/03/2021";"3";"AI for Educators";"49.95";"Training Videos";"149.85000000000002"
"claurenzibt@noaa.gov#mailto:claurenzibt@noaa.gov#";"Pompano Beach";"13/03/2021";"3";"Understanding Arduino";"17.5";"eBooks";"52.5"
"mfaulocn@blogtalkradio.com#mailto:mfaulocn@blogtalkradio.com#";"Boca Raton";"13/03/2021";"2";"RCB-889 Robot";"549";"Robots";"1098"
"cseear5f@mashable.com#mailto:cseear5f@mashable.com#";"Akron";"13/04/2020";"4";"Drone Building Essentials";"13.99";"eBooks";"55.96"
"imackeoghhh@foxnews.com#mailto:imackeoghhh@foxnews.com#";"Washington";"13/04/2020";"3";"MICR-23K Robot";"899";"Robots";"2697"
"bgraceg3@nih.gov#mailto:bgraceg3@nih.gov#";"Grand Junction";"13/04/2020";"5";"Mapping with Drones";"49";"Training Videos";"245"
"fstebbings6w@latimes.com#mailto:fstebbings6w@latimes.com#";"Richmond";"13/04/2021";"5";"BYOD-500";"167";"Drone Kits";"835"
"aanfussojg@t-online.de#mailto:aanfussojg@t-online.de#";"Cedar Rapids";"13/04/2021";"3";"Bsquare Robot Blueprint";"8.99";"Blueprints";"26.97"
"cdroghanpg@over-blog.com#mailto:cdroghanpg@over-blog.com#";"Tacoma";"13/05/2020";"5";"Delta Robots";"16.99";"eBooks";"84.94999999999999"
"mnurdinku@nydailynews.com#mailto:mnurdinku@nydailynews.com#";"Roanoke";"13/05/2020";"1";"BYOR-1500";"189";"Robot Kits";"189"
"jyerbornfe@tumblr.com#mailto:jyerbornfe@tumblr.com#";"Bronx";"13/05/2020";"3";"BYOD-100";"54";"Drone Kits";"162"
"gscandretta4@printfriendly.com#mailto:gscandretta4@printfriendly.com#";"Lexington";"13/05/2020";"4";"Open Source Code";"32.95";"Training Videos";"131.8"
"cdavydochkini3@google.com.hk#mailto:cdavydochkini3@google.com.hk#";"Washington";"13/05/2020";"2";"Hexacopter Drone Blueprint";"8.99";"Blueprints";"17.98"
"ssheerj@photobucket.com#mailto:ssheerj@photobucket.com#";"Tampa";"13/05/2020";"5";"Photograph Drones";"14.99";"eBooks";"74.95"
"niglesia2s@stumbleupon.com#mailto:niglesia2s@stumbleupon.com#";"Prescott";"13/05/2020";"4";"RCB-889 Robot";"549";"Robots";"2196"
"ghaddock54@live.com#mailto:ghaddock54@live.com#";"North Little Rock";"13/05/2021";"6";"Understanding Automation";"44.95";"Training Videos";"269.70000000000005"
"dwimburya7@nationalgeographic.com#mailto:dwimburya7@nationalgeographic.com#";"Hartford";"13/05/2021";"3";"DC-304 Drone";"395";"Drones";"1185"
"akieranps@naver.com#mailto:akieranps@naver.com#";"Birmingham";"13/05/2021";"2";"BYOD-220";"69";"Drone Kits";"138"
"atooheyid@ucsd.edu#mailto:atooheyid@ucsd.edu#";"Baltimore";"13/05/2021";"3";"Understanding Arduino";"17.5";"eBooks";"52.5"
"ydudley9o@salon.com#mailto:ydudley9o@salon.com#";"Washington";"13/05/2021";"4";"Polar Robots";"23.99";"eBooks";"95.96"
"zmachoncf@rediff.com#mailto:zmachoncf@rediff.com#";"Hot Springs National Park";"13/05/2021";"1";"RTF Drones";"16.99";"eBooks";"16.99"
"tettlescg@wikimedia.org#mailto:tettlescg@wikimedia.org#";"Pasadena";"13/06/2020";"3";"BYOR-3000";"214";"Robot Kits";"642"
"kmacavaddypj@zdnet.com#mailto:kmacavaddypj@zdnet.com#";"Memphis";"13/06/2020";"5";"Aerial Security";"36.99";"Training Videos";"184.95000000000002"
"loreillyk9@noaa.gov#mailto:loreillyk9@noaa.gov#";"Winter Haven";"13/06/2020";"4";"GPS Drones";"19.99";"eBooks";"79.96"
"gbrislanec6@xing.com#mailto:gbrislanec6@xing.com#";"Des Moines";"13/06/2021";"1";"MICR-564K Drone";"499";"Drones";"499"
"breubens76@taobao.com#mailto:breubens76@taobao.com#";"Richmond";"13/06/2021";"2";"BYOD-500";"167";"Drone Kits";"334"
"zpoolmaniz@linkedin.com#mailto:zpoolmaniz@linkedin.com#";"Fargo";"13/06/2021";"5";"RQTE-554 Robot";"684";"Robots";"3420"
"gdeere62@joomla.org#mailto:gdeere62@joomla.org#";"Sarasota";"13/06/2021";"5";"Polar Robots";"23.99";"eBooks";"119.94999999999999"
"bmourant33@bluehost.com#mailto:bmourant33@bluehost.com#";"Evansville";"13/06/2021";"5";"RCB-889 Robot";"549";"Robots";"2745"
"ahollyland65@marketwatch.com#mailto:ahollyland65@marketwatch.com#";"Wilmington";"13/06/2021";"4";"Industrial 3D Printing";"49";"Training Videos";"196"
"rgilbeyat@clickbank.net#mailto:rgilbeyat@clickbank.net#";"Manassas";"13/06/2021";"5";"BYOR-3535";"225";"Robot Kits";"1125"
"oroyseom@last.fm#mailto:oroyseom@last.fm#";"Charleston";"13/07/2020";"2";"BYOR-3000";"214";"Robot Kits";"428"
"dkunes4g@dyndns.org#mailto:dkunes4g@dyndns.org#";"Denver";"13/07/2020";"3";"Building Your First Robot";"24.95";"eBooks";"74.85"
"dsoftleykc@ehow.com#mailto:dsoftleykc@ehow.com#";"Toledo";"13/07/2020";"4";"Open Source Code";"32.95";"Training Videos";"131.8"
"kalasdairce@tmall.com#mailto:kalasdairce@tmall.com#";"Chicago";"13/07/2020";"2";"Robotic Essentials";"34.99";"Training Videos";"69.98"
"mtarrjp@theglobeandmail.com#mailto:mtarrjp@theglobeandmail.com#";"Miami";"13/07/2020";"2";"RQTE-554 Robot";"684";"Robots";"1368"
"jdobbinson6o@globo.com#mailto:jdobbinson6o@globo.com#";"Odessa";"13/07/2020";"3";"AI for Educators";"49.95";"Training Videos";"149.85000000000002"
"lbinniebq@aol.com#mailto:lbinniebq@aol.com#";"Hollywood";"13/07/2021";"2";"Bsquare Robot Blueprint";"8.99";"Blueprints";"17.98"
"dlardezgv@businessinsider.com#mailto:dlardezgv@businessinsider.com#";"Fullerton";"13/07/2021";"1";"Delta Robots";"16.99";"eBooks";"16.99"
"wpickeringii@google.com.hk#mailto:wpickeringii@google.com.hk#";"Alexandria";"13/08/2020";"2";"Articulated Robots";"23.99";"eBooks";"47.98"
"dwaggju@globo.com#mailto:dwaggju@globo.com#";"Marietta";"13/08/2021";"3";"Drone Video Techniques";"37.99";"Training Videos";"113.97"
"jmcilvorayv@nydailynews.com#mailto:jmcilvorayv@nydailynews.com#";"Long Beach";"13/08/2021";"4";"RTF Drones";"16.99";"eBooks";"67.96"
"ydunton8s@joomla.org#mailto:ydunton8s@joomla.org#";"Hartford";"13/08/2021";"4";"BYOD-220";"69";"Drone Kits";"276"
"kpieterg1@hibu.com#mailto:kpieterg1@hibu.com#";"Young America";"13/08/2021";"5";"Building Your Own Drone";"24.99";"eBooks";"124.94999999999999"
"aainscow1y@fastcompany.com#mailto:aainscow1y@fastcompany.com#";"Seattle";"13/09/2020";"2";"BYOD-500";"167";"Drone Kits";"334"
"nolsson50@hc360.com#mailto:nolsson50@hc360.com#";"Las Vegas";"13/09/2020";"5";"Photograph Drones";"14.99";"eBooks";"74.95"
"mtomasik9i@shareasale.com#mailto:mtomasik9i@shareasale.com#";"Abilene";"13/09/2020";"5";"Drone Video Techniques";"37.99";"Training Videos";"189.95000000000002"
"szollner5m@skype.com#mailto:szollner5m@skype.com#";"San Diego";"13/09/2020";"2";"Drone Video Techniques";"37.99";"Training Videos";"75.98"
"whearseno@liveinternet.ru#mailto:whearseno@liveinternet.ru#";"Daytona Beach";"13/09/2020";"5";"Building Your Own Drone";"24.99";"eBooks";"124.94999999999999"
"bbockhc0@jimdo.com#mailto:bbockhc0@jimdo.com#";"Torrance";"13/09/2020";"5";"DTE-QFN20 Drone";"250";"Drones";"1250"
"gmacenzy8g@constantcontact.com#mailto:gmacenzy8g@constantcontact.com#";"Springfield";"13/09/2020";"6";"Delta Robots";"16.99";"eBooks";"101.94"
"achristolqa@networksolutions.com#mailto:achristolqa@networksolutions.com#";"Charleston";"13/09/2021";"5";"Articulated Robots";"23.99";"eBooks";"119.94999999999999"
"mmanske7c@amazonaws.com#mailto:mmanske7c@amazonaws.com#";"Brockton";"13/10/2020";"4";"Robotic Essentials";"34.99";"Training Videos";"139.96"
"ctaceydb@hp.com#mailto:ctaceydb@hp.com#";"Milwaukee";"13/10/2020";"5";"RLK-9920 Robot";"699";"Robots";"3495"
"sricciardo57@creativecommons.org#mailto:sricciardo57@creativecommons.org#";"San Angelo";"13/10/2020";"3";"Fixed Wing Drones";"15.5";"eBooks";"46.5"
"bturnell3i@java.com#mailto:bturnell3i@java.com#";"Madison";"13/10/2020";"3";"Delivery Drones";"14.99";"eBooks";"44.97"
"bchittendenot@e-recht24.de#mailto:bchittendenot@e-recht24.de#";"Washington";"13/10/2020";"4";"RQTE-554 Robot";"684";"Robots";"2736"
"tillistonmj@prlog.org#mailto:tillistonmj@prlog.org#";"Detroit";"13/10/2020";"2";"Mapping with Drones";"49";"Training Videos";"98"
"aeschalotteih@virginia.edu#mailto:aeschalotteih@virginia.edu#";"El Paso";"13/10/2021";"1";"Aerial Security";"36.99";"Training Videos";"36.99"
"tpistol34@mashable.com#mailto:tpistol34@mashable.com#";"Scranton";"13/10/2021";"2";"Drone Video Techniques";"37.99";"Training Videos";"75.98"
"wurenec@uiuc.edu#mailto:wurenec@uiuc.edu#";"Dayton";"13/10/2021";"3";"Mapping with Drones";"49";"Training Videos";"147"
"drosberg6u@simplemachines.org#mailto:drosberg6u@simplemachines.org#";"San Diego";"13/10/2021";"4";"Industrial 3D Printing";"49";"Training Videos";"196"
"wsayergy@prnewswire.com#mailto:wsayergy@prnewswire.com#";"Bradenton";"13/10/2021";"4";"AI for Educators";"49.95";"Training Videos";"199.8"
"tmallyael@php.net#mailto:tmallyael@php.net#";"Arlington";"13/10/2021";"2";"Multi Rotor Drones";"24.95";"eBooks";"49.9"
"mhaskins5@ibm.com#mailto:mhaskins5@ibm.com#";"Reno";"13/10/2021";"5";"BYOR-3000";"214";"Robot Kits";"1070"
"lpetrovicr3@newyorker.com#mailto:lpetrovicr3@newyorker.com#";"Roanoke";"13/10/2021";"3";"BYOD-100";"54";"Drone Kits";"162"
"wlyness2x@twitpic.com#mailto:wlyness2x@twitpic.com#";"San Diego";"13/11/2020";"5";"Building Your Own Drone";"24.99";"eBooks";"124.94999999999999"
"jsmallsgz@topsy.com#mailto:jsmallsgz@topsy.com#";"Paterson";"13/11/2020";"2";"RTF Drones";"16.99";"eBooks";"33.98"
"jjordanne@prweb.com#mailto:jjordanne@prweb.com#";"Melbourne";"13/11/2020";"5";"BYOR-1000";"189";"Robot Kits";"945"
"hendrizzik4@japanpost.jp#mailto:hendrizzik4@japanpost.jp#";"Canton";"13/11/2020";"5";"Cat Robot Blueprint";"4.99";"Blueprints";"24.950000000000003"
"bzorer79@squarespace.com#mailto:bzorer79@squarespace.com#";"Lexington";"13/11/2021";"4";"Open Source Code";"32.95";"Training Videos";"131.8"
"aloniep3@pinterest.com#mailto:aloniep3@pinterest.com#";"Bellevue";"13/11/2021";"5";"BYOD-400S";"129.95";"Drone Kits";"649.75"
"wbernolet9v@ft.com#mailto:wbernolet9v@ft.com#";"Appleton";"13/11/2021";"6";"Understanding Arduino";"17.5";"eBooks";"105"
"ocreanekp@nature.com#mailto:ocreanekp@nature.com#";"Orlando";"13/11/2021";"2";"SCARA Robots";"19.5";"eBooks";"39"
"tlynock21@wunderground.com#mailto:tlynock21@wunderground.com#";"Chico";"13/12/2020";"3";"BYOD-500";"167";"Drone Kits";"501"
"dconnelly6d@seattletimes.com#mailto:dconnelly6d@seattletimes.com#";"Washington";"13/12/2020";"3";"Understanding Raspberry PI";"28.99";"Training Videos";"86.97"
"yharrisck@google.co.jp#mailto:yharrisck@google.co.jp#";"Louisville";"13/12/2020";"3";"MICR-564K Drone";"499";"Drones";"1497"
"jbrayshayq3@flavors.me#mailto:jbrayshayq3@flavors.me#";"Lubbock";"13/12/2020";"4";"Delivery Drones";"14.99";"eBooks";"59.96"
"ndegv@sakura.ne.jp#mailto:ndegv@sakura.ne.jp#";"Anniston";"13/12/2020";"2";"Cloud Computing";"29.99";"Training Videos";"59.98"
"ddoramo8@wikipedia.org#mailto:ddoramo8@wikipedia.org#";"Salt Lake City";"13/12/2020";"4";"Spherical Robots";"16.75";"eBooks";"67"
"ecleworthcq@hp.com#mailto:ecleworthcq@hp.com#";"Columbus";"13/12/2021";"1";"Understanding Drone Regulations";"27.5";"Training Videos";"27.5"
"tmouginej@phoca.cz#mailto:tmouginej@phoca.cz#";"Atlanta";"13/12/2021";"4";"Industrial 3D Printing";"49";"Training Videos";"196"
"vdilgarno2u@360.cn#mailto:vdilgarno2u@360.cn#";"Atlanta";"13/12/2021";"6";"AI for Educators";"49.95";"Training Videos";"299.70000000000005"
"cpala1d@mysql.com#mailto:cpala1d@mysql.com#";"Davenport";"14/01/2020";"5";"Industrial 3D Printing";"49";"Training Videos";"245"
"bheditchad@icq.com#mailto:bheditchad@icq.com#";"Miami";"14/01/2020";"3";"Sleepy Eye Blueprint";"11.99";"Blueprints";"35.97"
"nbukacrm@nymag.com#mailto:nbukacrm@nymag.com#";"Salt Lake City";"14/01/2020";"2";"Delivery Drones";"14.99";"eBooks";"29.98"
"jsumpner5u@google.com.au#mailto:jsumpner5u@google.com.au#";"Miami";"14/01/2020";"4";"Single Rotor Drones";"14.99";"eBooks";"59.96"
"dbannellcg@google.ru#mailto:dbannellcg@google.ru#";"Jacksonville";"14/01/2020";"6";"MICR-564K Drone";"499";"Drones";"2994"
"tspavon3q@tumblr.com#mailto:tspavon3q@tumblr.com#";"Chicago";"14/01/2020";"3";"Panda Robot Blueprint";"7.99";"Blueprints";"23.97"
"mabelwhitecs@yahoo.com#mailto:mabelwhitecs@yahoo.com#";"Vero Beach";"14/01/2021";"6";"Photograph Drones";"14.99";"eBooks";"89.94"
"sbulled7p@hibu.com#mailto:sbulled7p@hibu.com#";"Pasadena";"14/01/2021";"4";"Articulated Robots";"23.99";"eBooks";"95.96"
"brapperl4@va.gov#mailto:brapperl4@va.gov#";"Buffalo";"14/01/2021";"2";"All Eyes Drone Blueprint";"9.99";"Blueprints";"19.98"
"sbrando88@cpanel.net#mailto:sbrando88@cpanel.net#";"San Diego";"14/01/2021";"2";"All Eyes Drone Blueprint";"9.99";"Blueprints";"19.98"
"iduredengd@github.com#mailto:iduredengd@github.com#";"Pittsburgh";"14/01/2021";"2";"DC-304 Drone";"395";"Drones";"790"
"ascawtonqi@meetup.com#mailto:ascawtonqi@meetup.com#";"Abilene";"14/02/2020";"4";"Drone Video Techniques";"37.99";"Training Videos";"151.96"
"cswanm7@ft.com#mailto:cswanm7@ft.com#";"Redwood City";"14/02/2020";"2";"BYOD-400S";"129.95";"Drone Kits";"259.9"
"pstonehewerha@state.tx.us#mailto:pstonehewerha@state.tx.us#";"Houston";"14/02/2020";"3";"RCB-889 Robot";"549";"Robots";"1647"
"vmacmurrayks@cpanel.net#mailto:vmacmurrayks@cpanel.net#";"Lancaster";"14/02/2021";"3";"Sleepy Eye Blueprint";"11.99";"Blueprints";"35.97"
"ncordayee@boston.com#mailto:ncordayee@boston.com#";"Philadelphia";"14/02/2021";"2";"Building Your First Robot";"24.95";"eBooks";"49.9"
"jmasseic9@google.it#mailto:jmasseic9@google.it#";"Waterbury";"14/02/2021";"5";"BYOR-4005";"245";"Robot Kits";"1225"
"nvalentinuzzi9g@jigsy.com#mailto:nvalentinuzzi9g@jigsy.com#";"Toledo";"14/02/2021";"4";"DTE-QFN20 Drone";"250";"Drones";"1000"
"rchristoffelw@so-net.ne.jp#mailto:rchristoffelw@so-net.ne.jp#";"Baltimore";"14/02/2021";"2";"DC-304 Drone";"395";"Drones";"790"
"bveallbd@newsvine.com#mailto:bveallbd@newsvine.com#";"Lexington";"14/03/2020";"3";"Understanding Raspberry PI";"28.99";"Training Videos";"86.97"
"respinosard@ebay.com#mailto:respinosard@ebay.com#";"Terre Haute";"14/03/2020";"5";"BYOR-2640S";"189";"Robot Kits";"945"
"abentleyx@miitbeian.gov.cn#mailto:abentleyx@miitbeian.gov.cn#";"Atlanta";"14/03/2020";"5";"AI for Educators";"49.95";"Training Videos";"249.75"
"ezanuttii6@rakuten.co.jp#mailto:ezanuttii6@rakuten.co.jp#";"El Paso";"14/03/2021";"3";"Understanding Automation";"44.95";"Training Videos";"134.85000000000002"
"achristolqa@networksolutions.com#mailto:achristolqa@networksolutions.com#";"Charleston";"14/03/2021";"4";"AI for Educators";"49.95";"Training Videos";"199.8"
"hwissbypy@msu.edu#mailto:hwissbypy@msu.edu#";"Chicago";"14/03/2021";"4";"Virtual Reality Basics";"29.99";"Training Videos";"119.96"
"velvidgeid@thetimes.co.uk#mailto:velvidgeid@thetimes.co.uk#";"Houston";"14/03/2021";"4";"Spherical Robots";"16.75";"eBooks";"67"
"pgowfy@businessweek.com#mailto:pgowfy@businessweek.com#";"Dayton";"14/03/2021";"2";"Delta Robots";"16.99";"eBooks";"33.98"
"gmasic8k@whitehouse.gov#mailto:gmasic8k@whitehouse.gov#";"Greeley";"14/03/2021";"5";"BYOD-100";"54";"Drone Kits";"270"
"sshaftolx@hostgator.com#mailto:sshaftolx@hostgator.com#";"Toledo";"14/03/2021";"4";"Drone Building Essentials";"13.99";"eBooks";"55.96"
"kgeneryda@howstuffworks.com#mailto:kgeneryda@howstuffworks.com#";"Louisville";"14/04/2020";"5";"BYOD-220";"69";"Drone Kits";"345"
"awalsh6a@mit.edu#mailto:awalsh6a@mit.edu#";"Winston Salem";"14/04/2020";"4";"MICR-564K Drone";"499";"Drones";"1996"
"vmoretonpv@google.co.jp#mailto:vmoretonpv@google.co.jp#";"Las Vegas";"14/04/2020";"5";"BYOD-350";"89.95";"Drone Kits";"449.75"
"lhasarddw@instagram.com#mailto:lhasarddw@instagram.com#";"Roanoke";"14/04/2020";"4";"RWW-75 Robot";"883";"Robots";"3532"
"bdej@posterous.com#mailto:bdej@posterous.com#";"Corpus Christi";"14/04/2021";"2";"DTI-84 Drone";"455";"Drones";"910"
"cschultca@economist.com#mailto:cschultca@economist.com#";"Cincinnati";"14/04/2021";"5";"DTE-QFN20 Drone";"250";"Drones";"1250"
"bmartygineg@4shared.com#mailto:bmartygineg@4shared.com#";"Washington";"14/04/2021";"5";"Delivery Drones";"14.99";"eBooks";"74.95"
"bdrewclifton8y@nps.gov#mailto:bdrewclifton8y@nps.gov#";"Inglewood";"14/04/2021";"2";"Articulated Robots";"23.99";"eBooks";"47.98"
"nclandillon9s@huffingtonpost.com#mailto:nclandillon9s@huffingtonpost.com#";"Lincoln";"14/04/2021";"3";"BYOR-1000";"189";"Robot Kits";"567"
"lfromonte9@de.vu#mailto:lfromonte9@de.vu#";"Birmingham";"14/05/2020";"2";"QuadroCopter Blueprint";"10.99";"Blueprints";"21.98"
"hdonaldsonnr@myspace.com#mailto:hdonaldsonnr@myspace.com#";"Springfield";"14/05/2020";"3";"RLK-9920 Robot";"699";"Robots";"2097"
"fsline8d@marketwatch.com#mailto:fsline8d@marketwatch.com#";"Atlanta";"14/05/2020";"4";"Spherical Robots";"16.75";"eBooks";"67"
"pjermeyqp@hugedomains.com#mailto:pjermeyqp@hugedomains.com#";"Santa Fe";"14/05/2020";"1";"MICR-564K Drone";"499";"Drones";"499"
"gbrettlehs@sciencedaily.com#mailto:gbrettlehs@sciencedaily.com#";"Washington";"14/05/2020";"2";"BYOR-3000";"214";"Robot Kits";"428"
"kbolingbrokeq1@posterous.com#mailto:kbolingbrokeq1@posterous.com#";"Springfield";"14/05/2020";"5";"BYOD-400";"119";"Drone Kits";"595"
"thamil87@telegraph.co.uk#mailto:thamil87@telegraph.co.uk#";"Detroit";"14/05/2020";"1";"Understanding Drone Regulations";"27.5";"Training Videos";"27.5"
"tocriane96@flavors.me#mailto:tocriane96@flavors.me#";"Little Rock";"14/05/2021";"4";"Fixed Wing Drones";"15.5";"eBooks";"62"
"bkemet2w@nbcnews.com#mailto:bkemet2w@nbcnews.com#";"Chicago";"14/05/2021";"2";"Aerial Security";"36.99";"Training Videos";"73.98"
"cartist90@theatlantic.com#mailto:cartist90@theatlantic.com#";"Columbia";"14/05/2021";"4";"Understanding Raspberry PI";"28.99";"Training Videos";"115.96"
"ucrosier1e@go.com#mailto:ucrosier1e@go.com#";"Los Angeles";"14/05/2021";"5";"DA-SA702 Drone";"399";"Drones";"1995"
"jjordanne@prweb.com#mailto:jjordanne@prweb.com#";"Melbourne";"14/05/2021";"6";"All Eyes Drone Blueprint";"9.99";"Blueprints";"59.94"
"ccowlando4@mediafire.com#mailto:ccowlando4@mediafire.com#";"Scottsdale";"14/05/2021";"5";"BYOR-3535";"225";"Robot Kits";"1125"
"vandrettiro@exblog.jp#mailto:vandrettiro@exblog.jp#";"Reading";"14/05/2021";"4";"Ladybug Robot Blueprint";"12";"Blueprints";"48"
"pcubuzzi4z@studiopress.com#mailto:pcubuzzi4z@studiopress.com#";"Schenectady";"14/06/2020";"2";"BYOD-350";"89.95";"Drone Kits";"179.9"
"llee6@reddit.com#mailto:llee6@reddit.com#";"Trenton";"14/06/2020";"6";"Virtual Reality Basics";"29.99";"Training Videos";"179.94"
"mmurkin3j@de.vu#mailto:mmurkin3j@de.vu#";"San Jose";"14/06/2021";"2";"Cartesian Robots";"12.99";"eBooks";"25.98"
"ahallowellf1@bluehost.com#mailto:ahallowellf1@bluehost.com#";"Sacramento";"14/06/2021";"4";"Building Your First Robot";"24.95";"eBooks";"99.8"
"vcanwell9n@buzzfeed.com#mailto:vcanwell9n@buzzfeed.com#";"Houston";"14/06/2021";"3";"DC-304 Drone";"395";"Drones";"1185"
"nahrendsenf@latimes.com#mailto:nahrendsenf@latimes.com#";"Dallas";"14/06/2021";"3";"Panda Robot Blueprint";"7.99";"Blueprints";"23.97"
"lnannizzigb@hugedomains.com#mailto:lnannizzigb@hugedomains.com#";"Tacoma";"14/06/2021";"3";"SCARA Robots";"19.5";"eBooks";"58.5"
"cmcilwreathl2@youku.com#mailto:cmcilwreathl2@youku.com#";"Salt Lake City";"14/06/2021";"3";"RCB-889 Robot";"549";"Robots";"1647"
"mpirazzig7@about.me#mailto:mpirazzig7@about.me#";"Huntington";"14/07/2020";"5";"Panda Robot Blueprint";"7.99";"Blueprints";"39.95"
"rblunsom1w@oaic.gov.au#mailto:rblunsom1w@oaic.gov.au#";"Dallas";"14/07/2020";"2";"Building Your Own Drone";"24.99";"eBooks";"49.98"
"dtorrecilla46@indiegogo.com#mailto:dtorrecilla46@indiegogo.com#";"Charlotte";"14/07/2020";"2";"BYOD-300";"89";"Drone Kits";"178"
"wurenec@uiuc.edu#mailto:wurenec@uiuc.edu#";"Dayton";"14/07/2020";"4";"Drone Building Essentials";"13.99";"eBooks";"55.96"
"kgiacobazzirc@china.com.cn#mailto:kgiacobazzirc@china.com.cn#";"Des Moines";"14/07/2020";"5";"Robotic Essentials";"34.99";"Training Videos";"174.95000000000002"
"dthomazetc2@merriam-webster.com#mailto:dthomazetc2@merriam-webster.com#";"Decatur";"14/07/2020";"3";"BYOR-4005";"245";"Robot Kits";"735"
"jtoffanelliqx@washington.edu#mailto:jtoffanelliqx@washington.edu#";"San Francisco";"14/07/2021";"4";"AI for Educators";"49.95";"Training Videos";"199.8"
"jredwin34@joomla.org#mailto:jredwin34@joomla.org#";"Columbia";"14/07/2021";"2";"MICR-23K Robot";"899";"Robots";"1798"
"mbetkepi@goo.gl#mailto:mbetkepi@goo.gl#";"Garland";"14/07/2021";"4";"Bsquare Robot Blueprint";"8.99";"Blueprints";"35.96"
"jaerso5@taobao.com#mailto:jaerso5@taobao.com#";"Reno";"14/08/2020";"1";"Understanding Drone Regulations";"27.5";"Training Videos";"27.5"
"santhill3n@spotify.com#mailto:santhill3n@spotify.com#";"Texarkana";"14/08/2021";"4";"DX-145 Drone";"250";"Drones";"1000"
"adinsec8@cam.ac.uk#mailto:adinsec8@cam.ac.uk#";"Simi Valley";"14/08/2021";"5";"BYOD-550";"179";"Drone Kits";"895"
"mdrawmerit@wunderground.com#mailto:mdrawmerit@wunderground.com#";"Greensboro";"14/08/2021";"4";"GPS Drones";"19.99";"eBooks";"79.96"
"sibbsid@furl.net#mailto:sibbsid@furl.net#";"Pasadena";"14/08/2021";"2";"Cartesian Robots";"12.99";"eBooks";"25.98"
"anuschke5l@devhub.com#mailto:anuschke5l@devhub.com#";"Rochester";"14/09/2020";"4";"RXW-9807 Robot";"599";"Robots";"2396"
"rbaswall9t@topsy.com#mailto:rbaswall9t@topsy.com#";"Staten Island";"14/09/2020";"3";"Drone Building Essentials";"13.99";"eBooks";"41.97"
"dharcourthv@is.gd#mailto:dharcourthv@is.gd#";"Wichita";"14/09/2020";"3";"GPS Drones";"19.99";"eBooks";"59.97"
"esandbrook9v@dagondesign.com#mailto:esandbrook9v@dagondesign.com#";"Hayward";"14/09/2020";"4";"Sleepy Eye Blueprint";"11.99";"Blueprints";"47.96"
"mrollingsonjl@miibeian.gov.cn#mailto:mrollingsonjl@miibeian.gov.cn#";"Tyler";"14/09/2021";"2";"RQTE-554 Robot";"684";"Robots";"1368"
"nwardropob@netlog.com#mailto:nwardropob@netlog.com#";"Grand Rapids";"14/09/2021";"5";"RXW-9807 Robot";"599";"Robots";"2995"
"gpritchett9i@wikipedia.org#mailto:gpritchett9i@wikipedia.org#";"Jackson";"14/09/2021";"1";"BYOD-220";"69";"Drone Kits";"69"
"msmullenh1@yelp.com#mailto:msmullenh1@yelp.com#";"Charlotte";"14/09/2021";"3";"MICR-564K Drone";"499";"Drones";"1497"
"posbanmn@redcross.org#mailto:posbanmn@redcross.org#";"Sacramento";"14/10/2020";"4";"Understanding Automation";"44.95";"Training Videos";"179.8"
"pgaskalb9@webnode.com#mailto:pgaskalb9@webnode.com#";"Flushing";"14/10/2020";"2";"Understanding Arduino";"17.5";"eBooks";"35"
"cgherardescipa@altervista.org#mailto:cgherardescipa@altervista.org#";"Springfield";"14/10/2020";"3";"DTD-7000 Drone";"450";"Drones";"1350"
"vstobbieae@diigo.com#mailto:vstobbieae@diigo.com#";"Des Moines";"14/10/2020";"4";"Understanding Artificial Intelligence";"19.5";"eBooks";"78"
"mplewmano7@woothemes.com#mailto:mplewmano7@woothemes.com#";"Schenectady";"14/10/2020";"6";"Understanding Raspberry PI";"28.99";"Training Videos";"173.94"
"llockner5c@pen.io#mailto:llockner5c@pen.io#";"Lubbock";"14/10/2020";"2";"BYOD-500";"167";"Drone Kits";"334"
"jhamblington1j@omniture.com#mailto:jhamblington1j@omniture.com#";"Macon";"14/10/2020";"5";"Creature Robot Arms Blueprint";"12";"Blueprints";"60"
"sraffelsm2@time.com#mailto:sraffelsm2@time.com#";"Portland";"14/10/2021";"3";"Industrial 3D Printing";"49";"Training Videos";"147"
"roshieldi@tiny.cc#mailto:roshieldi@tiny.cc#";"Bridgeport";"14/10/2021";"5";"Industrial 3D Printing";"49";"Training Videos";"245"
"arelfro@dion.ne.jp#mailto:arelfro@dion.ne.jp#";"Pittsburgh";"14/10/2021";"1";"Photograph Drones";"14.99";"eBooks";"14.99"
"jwoodiercp@netlog.com#mailto:jwoodiercp@netlog.com#";"Saint Petersburg";"14/10/2021";"2";"Understanding Drone Regulations";"27.5";"Training Videos";"55"
"mbermingham2d@php.net#mailto:mbermingham2d@php.net#";"Chico";"14/10/2021";"2";"Understanding Artificial Intelligence";"19.5";"eBooks";"39"
"drosewellmi@baidu.com#mailto:drosewellmi@baidu.com#";"South Bend";"14/10/2021";"3";"Building Your Own Drone";"24.99";"eBooks";"74.97"
"dbiddelljy@privacy.gov.au#mailto:dbiddelljy@privacy.gov.au#";"Juneau";"14/11/2021";"3";"Understanding Drone Regulations";"27.5";"Training Videos";"82.5"
"dchoudhury7a@yale.edu#mailto:dchoudhury7a@yale.edu#";"Seattle";"14/12/2020";"2";"Understanding Artificial Intelligence";"19.5";"eBooks";"39"
"kgeneryda@howstuffworks.com#mailto:kgeneryda@howstuffworks.com#";"Louisville";"14/12/2020";"4";"SCARA Robots";"19.5";"eBooks";"78"
"iweddeburn4p@ocn.ne.jp#mailto:iweddeburn4p@ocn.ne.jp#";"Harrisburg";"14/12/2020";"3";"BYOD-400";"119";"Drone Kits";"357"
"olakesar@tripadvisor.com#mailto:olakesar@tripadvisor.com#";"Saint Petersburg";"14/12/2020";"6";"Understanding Automation";"44.95";"Training Videos";"269.70000000000005"
"fhonatsch4p@epa.gov#mailto:fhonatsch4p@epa.gov#";"Hartford";"14/12/2021";"4";"Cartesian Robots";"12.99";"eBooks";"51.96"
"ljacklinci@hatena.ne.jp#mailto:ljacklinci@hatena.ne.jp#";"San Diego";"14/12/2021";"2";"Photograph Drones";"14.99";"eBooks";"29.98"
"jlattka2f@tuttocitta.it#mailto:jlattka2f@tuttocitta.it#";"Midland";"14/12/2021";"5";"DX-145 Drone";"250";"Drones";"1250"
"cgabrielaq@spotify.com#mailto:cgabrielaq@spotify.com#";"Stamford";"14/12/2021";"2";"BYOR-3000";"214";"Robot Kits";"428"
"ulamboll9z@sciencedirect.com#mailto:ulamboll9z@sciencedirect.com#";"Fresno";"15/01/2020";"5";"Sleepy Eye Blueprint";"11.99";"Blueprints";"59.95"
"gmasic8k@whitehouse.gov#mailto:gmasic8k@whitehouse.gov#";"Greeley";"15/01/2020";"5";"Delivery Drones";"14.99";"eBooks";"74.95"
"rdermotm7@spotify.com#mailto:rdermotm7@spotify.com#";"Washington";"15/01/2020";"3";"Polar Robots";"23.99";"eBooks";"71.97"
"fkolodziejskie@about.com#mailto:fkolodziejskie@about.com#";"Chicago";"15/01/2021";"1";"All Eyes Drone Blueprint";"9.99";"Blueprints";"9.99"
"jliddleiv@skype.com#mailto:jliddleiv@skype.com#";"Lexington";"15/01/2021";"4";"AI for Educators";"49.95";"Training Videos";"199.8"
"jby72@ow.ly#mailto:jby72@ow.ly#";"Albany";"15/01/2021";"5";"BYOR-2640S";"189";"Robot Kits";"945"
"agawthrope1v@intel.com#mailto:agawthrope1v@intel.com#";"Jacksonville";"15/01/2021";"5";"BYOD-100";"54";"Drone Kits";"270"
"fpow1y@mlb.com#mailto:fpow1y@mlb.com#";"Columbus";"15/01/2021";"5";"Cat Robot Blueprint";"4.99";"Blueprints";"24.950000000000003"
"rterzinc@youtu.be#mailto:rterzinc@youtu.be#";"Roanoke";"15/02/2020";"3";"Creature Robot Arms Blueprint";"12";"Blueprints";"36"
"cklemenzmn@ezinearticles.com#mailto:cklemenzmn@ezinearticles.com#";"Oakland";"15/02/2020";"6";"Creature Robot Arms Blueprint";"12";"Blueprints";"72"
"bhargeriehi@bandcamp.com#mailto:bhargeriehi@bandcamp.com#";"Phoenix";"15/02/2020";"2";"BYOD-500";"167";"Drone Kits";"334"
"ldreschler65@reverbnation.com#mailto:ldreschler65@reverbnation.com#";"Little Rock";"15/02/2020";"2";"Hexacopter Drone Blueprint";"8.99";"Blueprints";"17.98"
"bwaiton1@geocities.com#mailto:bwaiton1@geocities.com#";"Madison";"15/02/2020";"5";"Photograph Drones";"14.99";"eBooks";"74.95"
"dpennellsju@businessweek.com#mailto:dpennellsju@businessweek.com#";"Tucson";"15/02/2021";"5";"BYOD-100";"54";"Drone Kits";"270"
"achesnaymo@ebay.com#mailto:achesnaymo@ebay.com#";"Battle Creek";"15/02/2021";"4";"Robotic Essentials";"34.99";"Training Videos";"139.96"
"svassie59@cam.ac.uk#mailto:svassie59@cam.ac.uk#";"San Jose";"15/02/2021";"3";"Cartesian Robots";"12.99";"eBooks";"38.97"
"ffidellfz@wordpress.com#mailto:ffidellfz@wordpress.com#";"Charlotte";"15/02/2021";"3";"BYOD-500";"167";"Drone Kits";"501"
"mkitchinghan5p@utexas.edu#mailto:mkitchinghan5p@utexas.edu#";"Phoenix";"15/02/2021";"1";"MICR-23K Robot";"899";"Robots";"899"
"cklugerlg@sfgate.com#mailto:cklugerlg@sfgate.com#";"San Diego";"15/02/2021";"3";"Virtual Reality Basics";"29.99";"Training Videos";"89.97"
"hfaulconerbv@msu.edu#mailto:hfaulconerbv@msu.edu#";"Galveston";"15/02/2021";"3";"SCARA Robots";"19.5";"eBooks";"58.5"
"rwadelinga6@bloglovin.com#mailto:rwadelinga6@bloglovin.com#";"Lexington";"15/03/2020";"1";"Polar Robots";"23.99";"eBooks";"23.99"
"wbernolet9v@ft.com#mailto:wbernolet9v@ft.com#";"Appleton";"15/03/2020";"4";"BYOD-550";"179";"Drone Kits";"716"
"mpossekfo@google.nl#mailto:mpossekfo@google.nl#";"Flushing";"15/03/2020";"1";"Cat Robot Blueprint";"4.99";"Blueprints";"4.99"
"hantonetti31@wix.com#mailto:hantonetti31@wix.com#";"Chattanooga";"15/03/2020";"4";"Sleepy Eye Blueprint";"11.99";"Blueprints";"47.96"
"jdobbinson6o@globo.com#mailto:jdobbinson6o@globo.com#";"Odessa";"15/03/2020";"2";"BYOR-2640S";"189";"Robot Kits";"378"
"vseeking2g@virginia.edu#mailto:vseeking2g@virginia.edu#";"Colorado Springs";"15/03/2021";"4";"DX-145 Drone";"250";"Drones";"1000"
"sbrando88@cpanel.net#mailto:sbrando88@cpanel.net#";"San Diego";"15/03/2021";"3";"Robotic Essentials";"34.99";"Training Videos";"104.97"
"crankingmd@shareasale.com#mailto:crankingmd@shareasale.com#";"Sacramento";"15/04/2020";"3";"Delta Robots";"16.99";"eBooks";"50.97"
"wboncorenr@so-net.ne.jp#mailto:wboncorenr@so-net.ne.jp#";"Wilmington";"15/04/2020";"4";"Hexacopter Drone Blueprint";"8.99";"Blueprints";"35.96"
"dduddanab@furl.net#mailto:dduddanab@furl.net#";"Elizabeth";"15/04/2021";"3";"BYOD-400";"119";"Drone Kits";"357"
"ecorleyee@jiathis.com#mailto:ecorleyee@jiathis.com#";"Carson City";"15/04/2021";"1";"Bsquare Robot Blueprint";"8.99";"Blueprints";"8.99"
"jprandoninu@bbb.org#mailto:jprandoninu@bbb.org#";"El Paso";"15/04/2021";"4";"BYOD-500";"167";"Drone Kits";"668"
"fbooseyjv@chicagotribune.com#mailto:fbooseyjv@chicagotribune.com#";"Richmond";"15/04/2021";"6";"Articulated Robots";"23.99";"eBooks";"143.94"
"rbenedekhm@gmpg.org#mailto:rbenedekhm@gmpg.org#";"Corpus Christi";"15/04/2021";"3";"DA-SA702 Drone";"399";"Drones";"1197"
"btomczynskinw@amazon.de#mailto:btomczynskinw@amazon.de#";"Minneapolis";"15/04/2021";"1";"Sleepy Eye Blueprint";"11.99";"Blueprints";"11.99"
"roxtibyp1@slashdot.org#mailto:roxtibyp1@slashdot.org#";"Des Moines";"15/04/2021";"5";"Panda Robot Blueprint";"7.99";"Blueprints";"39.95"
"bdecourcy5n@blogspot.com#mailto:bdecourcy5n@blogspot.com#";"Mobile";"15/05/2020";"4";"Robotic Essentials";"34.99";"Training Videos";"139.96"
"jnizet22@multiply.com#mailto:jnizet22@multiply.com#";"Dearborn";"15/05/2020";"3";"All Eyes Drone Blueprint";"9.99";"Blueprints";"29.97"
"wlyness2x@twitpic.com#mailto:wlyness2x@twitpic.com#";"San Diego";"15/05/2020";"5";"Photograph Drones";"14.99";"eBooks";"74.95"
"dmeaddowcrofth8@meetup.com#mailto:dmeaddowcrofth8@meetup.com#";"Tacoma";"15/05/2020";"2";"BYOR-3535";"225";"Robot Kits";"450"
"cmcilwreathl2@youku.com#mailto:cmcilwreathl2@youku.com#";"Salt Lake City";"15/05/2021";"4";"Drone Building Essentials";"13.99";"eBooks";"55.96"
"ihalei4@nifty.com#mailto:ihalei4@nifty.com#";"Tampa";"15/05/2021";"4";"Understanding Drone Regulations";"27.5";"Training Videos";"110"
"ltomovicpp@symantec.com#mailto:ltomovicpp@symantec.com#";"Huntsville";"15/05/2021";"3";"RQTE-554 Robot";"684";"Robots";"2052"
"eworleyef@imdb.com#mailto:eworleyef@imdb.com#";"Columbus";"15/05/2021";"3";"Open Source Code";"32.95";"Training Videos";"98.85000000000001"
"nle6u@nbcnews.com#mailto:nle6u@nbcnews.com#";"Wichita";"15/05/2021";"1";"Photograph Drones";"14.99";"eBooks";"14.99"
"nmariyushkinp6@instagram.com#mailto:nmariyushkinp6@instagram.com#";"Louisville";"15/06/2020";"2";"QuadroCopter Blueprint";"10.99";"Blueprints";"21.98"
"ekenfordqw@amazon.co.jp#mailto:ekenfordqw@amazon.co.jp#";"Lake Charles";"15/06/2020";"3";"Mapping with Drones";"49";"Training Videos";"147"
"hmallowsnk@walmart.com#mailto:hmallowsnk@walmart.com#";"Cincinnati";"15/06/2020";"6";"BYOR-3535";"225";"Robot Kits";"1350"
"rthaxter82@intel.com#mailto:rthaxter82@intel.com#";"Lees Summit";"15/06/2021";"3";"Building Your First Robot";"24.95";"eBooks";"74.85"
"bbeathemd8@themeforest.net#mailto:bbeathemd8@themeforest.net#";"Atlanta";"15/06/2021";"2";"Building Your Own Drone";"24.99";"eBooks";"49.98"
"cmayworthi2@time.com#mailto:cmayworthi2@time.com#";"Juneau";"15/06/2021";"2";"Virtual Reality Basics";"29.99";"Training Videos";"59.98"
"sduxbury2c@dell.com#mailto:sduxbury2c@dell.com#";"Oklahoma City";"15/06/2021";"3";"SCARA Robots";"19.5";"eBooks";"58.5"
"jgirardey1t@army.mil#mailto:jgirardey1t@army.mil#";"New Orleans";"15/06/2021";"5";"Ladybug Robot Blueprint";"12";"Blueprints";"60"
"minoldj6@odnoklassniki.ru#mailto:minoldj6@odnoklassniki.ru#";"Springfield";"15/06/2021";"3";"DTI-84 Drone";"455";"Drones";"1365"
"mjohannessonki@walmart.com#mailto:mjohannessonki@walmart.com#";"Waco";"15/06/2021";"3";"Creature Robot Arms Blueprint";"12";"Blueprints";"36"
"womohuno1@samsung.com#mailto:womohuno1@samsung.com#";"Washington";"15/06/2021";"6";"Single Rotor Drones";"14.99";"eBooks";"89.94"
"aheeleyna@amazon.co.jp#mailto:aheeleyna@amazon.co.jp#";"Springfield";"15/07/2020";"3";"QuadroCopter Blueprint";"10.99";"Blueprints";"32.97"
"mbraunstonn3@histats.com#mailto:mbraunstonn3@histats.com#";"Brooklyn";"15/07/2020";"4";"Understanding Raspberry PI";"28.99";"Training Videos";"115.96"
"iashleeqv@tumblr.com#mailto:iashleeqv@tumblr.com#";"Toledo";"15/07/2020";"2";"BYOD-350";"89.95";"Drone Kits";"179.9"
"cgabrielaq@spotify.com#mailto:cgabrielaq@spotify.com#";"Stamford";"15/07/2021";"3";"DTI-84 Drone";"455";"Drones";"1365"
"bwhitemanpf@dailymail.co.uk#mailto:bwhitemanpf@dailymail.co.uk#";"Spokane";"15/07/2021";"4";"BYOD-100";"54";"Drone Kits";"216"
"rprimak91@imageshack.us#mailto:rprimak91@imageshack.us#";"Reno";"15/07/2021";"1";"Understanding 3D Printing";"42.99";"Training Videos";"42.99"
"tplitzp3@constantcontact.com#mailto:tplitzp3@constantcontact.com#";"New Bedford";"15/07/2021";"3";"Polar Robots";"23.99";"eBooks";"71.97"
"mmonnoyercu@deviantart.com#mailto:mmonnoyercu@deviantart.com#";"Wilmington";"15/08/2020";"5";"Understanding Arduino";"17.5";"eBooks";"87.5"
"gmaclennan8b@businesswire.com#mailto:gmaclennan8b@businesswire.com#";"Wilkes Barre";"15/08/2020";"3";"RWW-75 Robot";"883";"Robots";"2649"
"genochef@networkadvertising.org#mailto:genochef@networkadvertising.org#";"Zephyrhills";"15/08/2020";"5";"DTE-QFN20 Drone";"250";"Drones";"1250"
"hcharlor3@hao123.com#mailto:hcharlor3@hao123.com#";"Concord";"15/08/2020";"2";"Understanding Drone Regulations";"27.5";"Training Videos";"55"
"wthom74@guardian.co.uk#mailto:wthom74@guardian.co.uk#";"Kent";"15/08/2020";"4";"BYOR-2640S";"189";"Robot Kits";"756"
"gbaldacchiaj@prnewswire.com#mailto:gbaldacchiaj@prnewswire.com#";"Bronx";"15/08/2020";"3";"BYOR-3000";"214";"Robot Kits";"642"
"hantonetti31@wix.com#mailto:hantonetti31@wix.com#";"Chattanooga";"15/08/2020";"3";"Panda Robot Blueprint";"7.99";"Blueprints";"23.97"
"mousley1o@pcworld.com#mailto:mousley1o@pcworld.com#";"Boynton Beach";"15/08/2021";"4";"Mapping with Drones";"49";"Training Videos";"196"
"dtauntond0@about.me#mailto:dtauntond0@about.me#";"San Francisco";"15/08/2021";"3";"Articulated Robots";"23.99";"eBooks";"71.97"
"bdowsh4@mozilla.com#mailto:bdowsh4@mozilla.com#";"San Diego";"15/08/2021";"6";"Understanding Automation";"44.95";"Training Videos";"269.70000000000005"
"achantrell7i@pagesperso-orange.fr#mailto:achantrell7i@pagesperso-orange.fr#";"Lincoln";"15/09/2020";"5";"BYOD-200";"58.95";"Drone Kits";"294.75"
"clecm@miibeian.gov.cn#mailto:clecm@miibeian.gov.cn#";"Shreveport";"15/09/2020";"4";"Open Source Code";"32.95";"Training Videos";"131.8"
"mdowningi@creativecommons.org#mailto:mdowningi@creativecommons.org#";"Phoenix";"15/09/2020";"5";"Hexacopter Drone Blueprint";"8.99";"Blueprints";"44.95"
"dlevermoremw@amazon.de#mailto:dlevermoremw@amazon.de#";"New York City";"15/09/2021";"3";"BYOR-3000";"214";"Robot Kits";"642"
"rjoannet8r@prnewswire.com#mailto:rjoannet8r@prnewswire.com#";"San Antonio";"15/10/2020";"2";"Polar Robots";"23.99";"eBooks";"47.98"
"rcouplandgz@google.com.br#mailto:rcouplandgz@google.com.br#";"San Antonio";"15/10/2020";"1";"Photograph Drones";"14.99";"eBooks";"14.99"
"noverel1y@taobao.com#mailto:noverel1y@taobao.com#";"Zephyrhills";"15/10/2020";"2";"Cat Robot Blueprint";"4.99";"Blueprints";"9.98"
"lyardy2t@psu.edu#mailto:lyardy2t@psu.edu#";"Sioux Falls";"15/10/2020";"4";"BYOR-4005";"245";"Robot Kits";"980"
"jlattka2f@tuttocitta.it#mailto:jlattka2f@tuttocitta.it#";"Midland";"15/10/2020";"3";"Sleepy Eye Blueprint";"11.99";"Blueprints";"35.97"
"bbarthode@sina.com.cn#mailto:bbarthode@sina.com.cn#";"Long Beach";"15/10/2020";"2";"BYOD-300";"89";"Drone Kits";"178"
"rkeeling3y@redcross.org#mailto:rkeeling3y@redcross.org#";"Daytona Beach";"15/10/2020";"3";"DTI-84 Drone";"455";"Drones";"1365"
"lcreagh2h@weather.com#mailto:lcreagh2h@weather.com#";"Brea";"15/10/2020";"4";"Virtual Reality Basics";"29.99";"Training Videos";"119.96"
"owalshjg@si.edu#mailto:owalshjg@si.edu#";"Chicago";"15/10/2020";"5";"DTD-7000 Drone";"450";"Drones";"2250"
"rgreening1f@webeden.co.uk#mailto:rgreening1f@webeden.co.uk#";"Amarillo";"15/10/2020";"3";"SCARA Robots";"19.5";"eBooks";"58.5"
"enestle3o@mac.com#mailto:enestle3o@mac.com#";"Jamaica";"15/10/2021";"4";"MICR-564K Drone";"499";"Drones";"1996"
"epetegreem0@hhs.gov#mailto:epetegreem0@hhs.gov#";"Spokane";"15/10/2021";"4";"Industrial 3D Printing";"49";"Training Videos";"196"
"ucastanhoq7@who.int#mailto:ucastanhoq7@who.int#";"Miami";"15/10/2021";"5";"Fixed Wing Drones";"15.5";"eBooks";"77.5"
"mdibenn6@blogger.com#mailto:mdibenn6@blogger.com#";"Sarasota";"15/10/2021";"4";"Understanding Automation";"44.95";"Training Videos";"179.8"
"sgriswood9u@forbes.com#mailto:sgriswood9u@forbes.com#";"San Diego";"15/10/2021";"5";"BYOD-220";"69";"Drone Kits";"345"
"bescale84@ow.ly#mailto:bescale84@ow.ly#";"Los Angeles";"15/10/2021";"2";"Multi Rotor Drones";"24.95";"eBooks";"49.9"
"svarleyfe@nsw.gov.au#mailto:svarleyfe@nsw.gov.au#";"Houston";"15/11/2020";"5";"DTI-84 Drone";"455";"Drones";"2275"
"alawtieeu@networksolutions.com#mailto:alawtieeu@networksolutions.com#";"Buffalo";"15/11/2020";"5";"BYOD-350";"89.95";"Drone Kits";"449.75"
"cseageev@slate.com#mailto:cseageev@slate.com#";"San Diego";"15/11/2020";"5";"BYOR-1500";"189";"Robot Kits";"945"
"ebartelsellisll@va.gov#mailto:ebartelsellisll@va.gov#";"Rockford";"15/11/2020";"3";"DX-145 Drone";"250";"Drones";"750"
"lbloxholmx@cloudflare.com#mailto:lbloxholmx@cloudflare.com#";"Killeen";"15/11/2020";"1";"Creature Robot Arms Blueprint";"12";"Blueprints";"12"
"ddebi@chronoengine.com#mailto:ddebi@chronoengine.com#";"Jacksonville";"15/11/2020";"3";"Delivery Drones";"14.99";"eBooks";"44.97"
"lcotaeq@prweb.com#mailto:lcotaeq@prweb.com#";"Oakland";"15/11/2021";"6";"BYOR-2640S";"189";"Robot Kits";"1134"
"bdunseathai@cisco.com#mailto:bdunseathai@cisco.com#";"Dallas";"15/11/2021";"2";"BYOD-550";"179";"Drone Kits";"358"
"sstronghillc1@google.nl#mailto:sstronghillc1@google.nl#";"Midland";"15/11/2021";"2";"Fixed Wing Drones";"15.5";"eBooks";"31"
"keseloj@feedburner.com#mailto:keseloj@feedburner.com#";"Billings";"15/12/2020";"4";"RTF Drones";"16.99";"eBooks";"67.96"
"vilyinskioe@amazonaws.com#mailto:vilyinskioe@amazonaws.com#";"Oklahoma City";"15/12/2021";"1";"Understanding Drone Regulations";"27.5";"Training Videos";"27.5"
"tzimmerman1p@multiply.com#mailto:tzimmerman1p@multiply.com#";"Lexington";"15/12/2021";"4";"BYOD-300";"89";"Drone Kits";"356"
"mbuckmaster6b@mediafire.com#mailto:mbuckmaster6b@mediafire.com#";"Detroit";"15/12/2021";"3";"DTD-7000 Drone";"450";"Drones";"1350"
"mmccobb9w@youtu.be#mailto:mmccobb9w@youtu.be#";"Sacramento";"15/12/2021";"6";"Spherical Robots";"16.75";"eBooks";"100.5"
"ctunnyhk@nytimes.com#mailto:ctunnyhk@nytimes.com#";"Washington";"15/12/2021";"2";"Understanding Raspberry PI";"28.99";"Training Videos";"57.98"
"clillea8@nasa.gov#mailto:clillea8@nasa.gov#";"Birmingham";"15/12/2021";"4";"Building Your Own Drone";"24.99";"eBooks";"99.96"
"abrabyndc@dailymail.co.uk#mailto:abrabyndc@dailymail.co.uk#";"Syracuse";"16/01/2020";"2";"BYOD-200";"58.95";"Drone Kits";"117.9"
"acudmore4i@artisteer.com#mailto:acudmore4i@artisteer.com#";"Chattanooga";"16/01/2020";"5";"BYOD-350";"89.95";"Drone Kits";"449.75"
"cmcilwreathl2@youku.com#mailto:cmcilwreathl2@youku.com#";"Salt Lake City";"16/01/2021";"4";"Building Your First Robot";"24.95";"eBooks";"99.8"
"rhebner7v@hugedomains.com#mailto:rhebner7v@hugedomains.com#";"Irvine";"16/01/2021";"2";"Polar Robots";"23.99";"eBooks";"47.98"
"eroelofsl6@trellian.com#mailto:eroelofsl6@trellian.com#";"Indianapolis";"16/01/2021";"1";"Drone Video Techniques";"37.99";"Training Videos";"37.99"
"idyson1n@toplist.cz#mailto:idyson1n@toplist.cz#";"Plano";"16/01/2021";"4";"Hexacopter Drone Blueprint";"8.99";"Blueprints";"35.96"
"pjermeyqp@hugedomains.com#mailto:pjermeyqp@hugedomains.com#";"Santa Fe";"16/01/2021";"1";"BYOD-220";"69";"Drone Kits";"69"
"qrozalskip7@diigo.com#mailto:qrozalskip7@diigo.com#";"Morgantown";"16/01/2021";"1";"RXW-9807 Robot";"599";"Robots";"599"
"fwardroperhw@domainmarket.com#mailto:fwardroperhw@domainmarket.com#";"Riverside";"16/01/2021";"6";"BYOD-300";"89";"Drone Kits";"534"
"arudingerbh@nps.gov#mailto:arudingerbh@nps.gov#";"Odessa";"16/02/2020";"2";"Polar Robots";"23.99";"eBooks";"47.98"
"nsexceyar@state.tx.us#mailto:nsexceyar@state.tx.us#";"Saginaw";"16/02/2020";"1";"DTD-7000 Drone";"450";"Drones";"450"
"bissonrn@wufoo.com#mailto:bissonrn@wufoo.com#";"Minneapolis";"16/02/2020";"4";"Cartesian Robots";"12.99";"eBooks";"51.96"
"nbukacrm@nymag.com#mailto:nbukacrm@nymag.com#";"Salt Lake City";"16/02/2020";"3";"Virtual Reality Basics";"29.99";"Training Videos";"89.97"
"dotteyf0@scribd.com#mailto:dotteyf0@scribd.com#";"Aiken";"16/02/2020";"3";"RLK-9920 Robot";"699";"Robots";"2097"
"jdoubrava7@naver.com#mailto:jdoubrava7@naver.com#";"Saint Louis";"16/02/2020";"5";"DC-304 Drone";"395";"Drones";"1975"
"bshavelo8@ihg.com#mailto:bshavelo8@ihg.com#";"Atlanta";"16/02/2020";"3";"DA-SA702 Drone";"399";"Drones";"1197"
"lhacardic@drupal.org#mailto:lhacardic@drupal.org#";"Knoxville";"16/02/2020";"3";"Helicopter Drones";"20.95";"eBooks";"62.849999999999994"
"mbaumer2@wikispaces.com#mailto:mbaumer2@wikispaces.com#";"Denver";"16/02/2021";"4";"BYOD-300";"89";"Drone Kits";"356"
"manningh7@nifty.com#mailto:manningh7@nifty.com#";"Wilmington";"16/02/2021";"3";"Ladybug Robot Blueprint";"12";"Blueprints";"36"
"zmachoncf@rediff.com#mailto:zmachoncf@rediff.com#";"Hot Springs National Park";"16/02/2021";"2";"Understanding Drone Regulations";"27.5";"Training Videos";"55"
"mstovin3z@indiegogo.com#mailto:mstovin3z@indiegogo.com#";"Houston";"16/02/2021";"4";"DTI-84 Drone";"455";"Drones";"1820"
"dhoultek@exblog.jp#mailto:dhoultek@exblog.jp#";"Los Angeles";"16/02/2021";"2";"Drone Video Techniques";"37.99";"Training Videos";"75.98"
"tferronibc@instagram.com#mailto:tferronibc@instagram.com#";"Des Moines";"16/02/2021";"3";"BYOD-500";"167";"Drone Kits";"501"
"ihalei4@nifty.com#mailto:ihalei4@nifty.com#";"Tampa";"16/02/2021";"4";"All Eyes Drone Blueprint";"9.99";"Blueprints";"39.96"
"lormesn9@smh.com.au#mailto:lormesn9@smh.com.au#";"Carol Stream";"16/02/2021";"4";"Drone Building Essentials";"13.99";"eBooks";"55.96"
"gkingegn@pinterest.com#mailto:gkingegn@pinterest.com#";"Sacramento";"16/03/2020";"4";"RXW-9807 Robot";"599";"Robots";"2396"
"dscracehm@google.ru#mailto:dscracehm@google.ru#";"Houston";"16/03/2020";"3";"BYOR-1500";"189";"Robot Kits";"567"
"lpettusgl@domainmarket.com#mailto:lpettusgl@domainmarket.com#";"Saint Louis";"16/03/2020";"3";"RQTE-554 Robot";"684";"Robots";"2052"
"mtomashovqz@youku.com#mailto:mtomashovqz@youku.com#";"Seattle";"16/03/2021";"5";"Ladybug Robot Blueprint";"12";"Blueprints";"60"
"wortigerp5@noaa.gov#mailto:wortigerp5@noaa.gov#";"Hartford";"16/03/2021";"2";"DTE-QFN20 Drone";"250";"Drones";"500"
"ulamboll9z@sciencedirect.com#mailto:ulamboll9z@sciencedirect.com#";"Fresno";"16/03/2021";"2";"RLK-9920 Robot";"699";"Robots";"1398"
"gmasic8k@whitehouse.gov#mailto:gmasic8k@whitehouse.gov#";"Greeley";"16/03/2021";"4";"Understanding Drone Regulations";"27.5";"Training Videos";"110"
"achantrell7i@pagesperso-orange.fr#mailto:achantrell7i@pagesperso-orange.fr#";"Lincoln";"16/03/2021";"3";"All Eyes Drone Blueprint";"9.99";"Blueprints";"29.97"
"tfernhk@trellian.com#mailto:tfernhk@trellian.com#";"Seattle";"16/03/2021";"2";"BYOD-100";"54";"Drone Kits";"108"
"wconybearoy@webnode.com#mailto:wconybearoy@webnode.com#";"Austin";"16/04/2020";"3";"Aerial Security";"36.99";"Training Videos";"110.97"
"cartist90@theatlantic.com#mailto:cartist90@theatlantic.com#";"Columbia";"16/04/2020";"5";"Ladybug Robot Blueprint";"12";"Blueprints";"60"
"ucrosier1e@go.com#mailto:ucrosier1e@go.com#";"Los Angeles";"16/04/2020";"1";"Delivery Drones";"14.99";"eBooks";"14.99"
"bwansburyfy@cbsnews.com#mailto:bwansburyfy@cbsnews.com#";"Manchester";"16/04/2020";"3";"Drone Building Essentials";"13.99";"eBooks";"41.97"
"fmussarede6@bbc.co.uk#mailto:fmussarede6@bbc.co.uk#";"Pompano Beach";"16/04/2020";"4";"RCB-889 Robot";"549";"Robots";"2196"
"gcruftsg0@fda.gov#mailto:gcruftsg0@fda.gov#";"Fresno";"16/04/2020";"2";"BYOR-1500";"189";"Robot Kits";"378"
"gfarranbs@hugedomains.com#mailto:gfarranbs@hugedomains.com#";"Boise";"16/04/2021";"5";"Understanding Raspberry PI";"28.99";"Training Videos";"144.95"
"nvalentinuzzi9g@jigsy.com#mailto:nvalentinuzzi9g@jigsy.com#";"Toledo";"16/04/2021";"4";"RQTE-554 Robot";"684";"Robots";"2736"
"pwallmanam@booking.com#mailto:pwallmanam@booking.com#";"Stamford";"16/04/2021";"4";"RQTE-554 Robot";"684";"Robots";"2736"
"bhadingham3r@goo.ne.jp#mailto:bhadingham3r@goo.ne.jp#";"Kansas City";"16/04/2021";"2";"BYOR-1500";"189";"Robot Kits";"378"
"bmackintoshiu@google.co.jp#mailto:bmackintoshiu@google.co.jp#";"Lincoln";"16/04/2021";"2";"BYOR-3000";"214";"Robot Kits";"428"
"kdejf@trellian.com#mailto:kdejf@trellian.com#";"Cincinnati";"16/05/2020";"3";"RCB-889 Robot";"549";"Robots";"1647"
"ebyrdcf@twitter.com#mailto:ebyrdcf@twitter.com#";"Oklahoma City";"16/05/2020";"5";"BYOD-550";"179";"Drone Kits";"895"
"lcotaeq@prweb.com#mailto:lcotaeq@prweb.com#";"Oakland";"16/05/2020";"3";"Mapping with Drones";"49";"Training Videos";"147"
"bpetheridged7@aboutads.info#mailto:bpetheridged7@aboutads.info#";"Warren";"16/05/2020";"6";"DA-SA702 Drone";"399";"Drones";"2394"
"shannafordmz@sciencedirect.com#mailto:shannafordmz@sciencedirect.com#";"Fort Wayne";"16/05/2020";"4";"DC-304 Drone";"395";"Drones";"1580"
"cstanionpm@photobucket.com#mailto:cstanionpm@photobucket.com#";"Hampton";"16/05/2020";"3";"BYOD-100";"54";"Drone Kits";"162"
"ssteuhlmeyer35@vimeo.com#mailto:ssteuhlmeyer35@vimeo.com#";"Albuquerque";"16/05/2021";"5";"BYOR-2640S";"189";"Robot Kits";"945"
"mwilbrahame@cnn.com#mailto:mwilbrahame@cnn.com#";"Oakland";"16/05/2021";"4";"Cartesian Robots";"12.99";"eBooks";"51.96"
"jmatignon7o@dailymotion.com#mailto:jmatignon7o@dailymotion.com#";"El Paso";"16/05/2021";"2";"MICR-23K Robot";"899";"Robots";"1798"
"hlemmanbie20@canalblog.com#mailto:hlemmanbie20@canalblog.com#";"Phoenix";"16/05/2021";"2";"RWW-75 Robot";"883";"Robots";"1766"
"jrayhille0@chronoengine.com#mailto:jrayhille0@chronoengine.com#";"Baton Rouge";"16/05/2021";"5";"AI for Educators";"49.95";"Training Videos";"249.75"
"mpanksjd@live.com#mailto:mpanksjd@live.com#";"New Haven";"16/05/2021";"6";"Industrial 3D Printing";"49";"Training Videos";"294"
"nwardropob@netlog.com#mailto:nwardropob@netlog.com#";"Grand Rapids";"16/06/2020";"4";"Sleepy Eye Blueprint";"11.99";"Blueprints";"47.96"
"agrzelewskimt@intel.com#mailto:agrzelewskimt@intel.com#";"Tucson";"16/06/2020";"4";"Panda Robot Blueprint";"7.99";"Blueprints";"31.96"
"kmeeuskw@csmonitor.com#mailto:kmeeuskw@csmonitor.com#";"Erie";"16/06/2020";"3";"Understanding Raspberry PI";"28.99";"Training Videos";"86.97"
"csarvarl6@freewebs.com#mailto:csarvarl6@freewebs.com#";"Memphis";"16/06/2020";"3";"BYOD-400S";"129.95";"Drone Kits";"389.84999999999997"
"ebyrdcf@twitter.com#mailto:ebyrdcf@twitter.com#";"Oklahoma City";"16/06/2020";"3";"BYOR-1000";"189";"Robot Kits";"567"
"telloy3x@bigcartel.com#mailto:telloy3x@bigcartel.com#";"Anchorage";"16/06/2020";"4";"Understanding Arduino";"17.5";"eBooks";"70"
"jyerbornfe@tumblr.com#mailto:jyerbornfe@tumblr.com#";"Bronx";"16/06/2021";"5";"DX-145 Drone";"250";"Drones";"1250"
"cthrelfallih@loc.gov#mailto:cthrelfallih@loc.gov#";"Irvine";"16/06/2021";"6";"RCB-889 Robot";"549";"Robots";"3294"
"lpickavant69@mac.com#mailto:lpickavant69@mac.com#";"Detroit";"16/06/2021";"4";"Drone Building Essentials";"13.99";"eBooks";"55.96"
"eharmstone9d@unicef.org#mailto:eharmstone9d@unicef.org#";"College Station";"16/07/2020";"6";"Panda Robot Blueprint";"7.99";"Blueprints";"47.94"
"ebaidenb0@mapquest.com#mailto:ebaidenb0@mapquest.com#";"Fort Lauderdale";"16/07/2020";"5";"Hexacopter Drone Blueprint";"8.99";"Blueprints";"44.95"
"eblackader1@timesonline.co.uk#mailto:eblackader1@timesonline.co.uk#";"Stockton";"16/07/2021";"4";"Cartesian Robots";"12.99";"eBooks";"51.96"
"kknibleypk@amazon.co.jp#mailto:kknibleypk@amazon.co.jp#";"Warren";"16/07/2021";"2";"RXW-9807 Robot";"599";"Robots";"1198"
"jrosgenpy@marriott.com#mailto:jrosgenpy@marriott.com#";"Philadelphia";"16/07/2021";"2";"BYOD-100";"54";"Drone Kits";"108"
"arevettrq@boston.com#mailto:arevettrq@boston.com#";"Corpus Christi";"16/07/2021";"3";"DX-145 Drone";"250";"Drones";"750"
"velvidgeid@thetimes.co.uk#mailto:velvidgeid@thetimes.co.uk#";"Houston";"16/08/2020";"3";"BYOD-400S";"129.95";"Drone Kits";"389.84999999999997"
"mscutter9h@skype.com#mailto:mscutter9h@skype.com#";"Newark";"16/08/2020";"6";"Industrial 3D Printing";"49";"Training Videos";"294"
"tmcquillanl3@nps.gov#mailto:tmcquillanl3@nps.gov#";"Pompano Beach";"16/08/2020";"1";"SCARA Robots";"19.5";"eBooks";"19.5"
"lchippindallnr@reddit.com#mailto:lchippindallnr@reddit.com#";"Washington";"16/08/2020";"4";"GPS Drones";"19.99";"eBooks";"79.96"
"gscandretta4@printfriendly.com#mailto:gscandretta4@printfriendly.com#";"Lexington";"16/08/2021";"2";"Cartesian Robots";"12.99";"eBooks";"25.98"
"mbuckmaster6b@mediafire.com#mailto:mbuckmaster6b@mediafire.com#";"Detroit";"16/08/2021";"2";"Understanding Arduino";"17.5";"eBooks";"35"
"dbromagem4@tuttocitta.it#mailto:dbromagem4@tuttocitta.it#";"Bellevue";"16/08/2021";"5";"AI for Educators";"49.95";"Training Videos";"249.75"
"byitzhokgq@blogtalkradio.com#mailto:byitzhokgq@blogtalkradio.com#";"Albany";"16/08/2021";"3";"Understanding Raspberry PI";"28.99";"Training Videos";"86.97"
"dsaxton96@cornell.edu#mailto:dsaxton96@cornell.edu#";"Duluth";"16/09/2020";"4";"BYOD-400";"119";"Drone Kits";"476"
"kmarshfieldcs@jiathis.com#mailto:kmarshfieldcs@jiathis.com#";"Davenport";"16/09/2020";"2";"Understanding Automation";"44.95";"Training Videos";"89.9"
"tindoo@globo.com#mailto:tindoo@globo.com#";"Pensacola";"16/09/2020";"3";"Building Your Own Drone";"24.99";"eBooks";"74.97"
"sgruszkanv@yellowpages.com#mailto:sgruszkanv@yellowpages.com#";"Chicago";"16/09/2020";"5";"Cat Robot Blueprint";"4.99";"Blueprints";"24.950000000000003"
"nmaven3o@go.com#mailto:nmaven3o@go.com#";"Sarasota";"16/09/2020";"3";"Industrial 3D Printing";"49";"Training Videos";"147"
"eblakedenhc@imgur.com#mailto:eblakedenhc@imgur.com#";"Louisville";"16/09/2020";"2";"Sleepy Eye Blueprint";"11.99";"Blueprints";"23.98"
"mmcconnell2h@ning.com#mailto:mmcconnell2h@ning.com#";"Prescott";"16/09/2020";"4";"BYOD-200";"58.95";"Drone Kits";"235.8"
"ecorleyee@jiathis.com#mailto:ecorleyee@jiathis.com#";"Carson City";"16/09/2021";"3";"MICR-23K Robot";"899";"Robots";"2697"
"rscoinesk6@blogspot.com#mailto:rscoinesk6@blogspot.com#";"Madison";"16/09/2021";"2";"Understanding Artificial Intelligence";"19.5";"eBooks";"39"
"bscollickpc@npr.org#mailto:bscollickpc@npr.org#";"Lexington";"16/09/2021";"5";"BYOR-3000";"214";"Robot Kits";"1070"
"dtorrecilla46@indiegogo.com#mailto:dtorrecilla46@indiegogo.com#";"Charlotte";"16/09/2021";"6";"RLK-9920 Robot";"699";"Robots";"4194"
"jheindrick75@friendfeed.com#mailto:jheindrick75@friendfeed.com#";"Dallas";"16/09/2021";"2";"Fixed Wing Drones";"15.5";"eBooks";"31"
"slocockig@wp.com#mailto:slocockig@wp.com#";"New Haven";"16/10/2020";"5";"Creature Robot Arms Blueprint";"12";"Blueprints";"60"
"caddams8p@google.it#mailto:caddams8p@google.it#";"Monticello";"16/10/2020";"5";"Panda Robot Blueprint";"7.99";"Blueprints";"39.95"
"acornickg2@spiegel.de#mailto:acornickg2@spiegel.de#";"Houston";"16/10/2020";"3";"Cat Robot Blueprint";"4.99";"Blueprints";"14.97"
"jdeaconsonqb@usgs.gov#mailto:jdeaconsonqb@usgs.gov#";"Winston Salem";"16/10/2021";"3";"MICR-23K Robot";"899";"Robots";"2697"
"celsdonjw@flavors.me#mailto:celsdonjw@flavors.me#";"New Orleans";"16/10/2021";"2";"Hexacopter Drone Blueprint";"8.99";"Blueprints";"17.98"
"bwaszczykpm@fda.gov#mailto:bwaszczykpm@fda.gov#";"San Antonio";"16/11/2020";"3";"Understanding Raspberry PI";"28.99";"Training Videos";"86.97"
"kdjurdjevicim@harvard.edu#mailto:kdjurdjevicim@harvard.edu#";"Mobile";"16/11/2020";"5";"BYOR-1500";"189";"Robot Kits";"945"
"rattersoll29@soundcloud.com#mailto:rattersoll29@soundcloud.com#";"Chattanooga";"16/11/2020";"1";"BYOR-1500";"189";"Robot Kits";"189"
"bdennerly7h@si.edu#mailto:bdennerly7h@si.edu#";"Loretto";"16/11/2020";"3";"Delivery Drones";"14.99";"eBooks";"44.97"
"jbrecknockhr@youtube.com#mailto:jbrecknockhr@youtube.com#";"Brooklyn";"16/11/2020";"3";"AI for Educators";"49.95";"Training Videos";"149.85000000000002"
"jsethkt@google.fr#mailto:jsethkt@google.fr#";"Houston";"16/11/2021";"2";"RCB-889 Robot";"549";"Robots";"1098"
"kcoffeych@posterous.com#mailto:kcoffeych@posterous.com#";"Pomona";"16/11/2021";"4";"Creature Robot Arms Blueprint";"12";"Blueprints";"48"
"gemeneyci@wikimedia.org#mailto:gemeneyci@wikimedia.org#";"North Hollywood";"16/11/2021";"2";"RCB-889 Robot";"549";"Robots";"1098"
"mscholard2z@blinklist.com#mailto:mscholard2z@blinklist.com#";"Gatesville";"16/12/2020";"2";"DTE-QFN20 Drone";"250";"Drones";"500"
"wschmuhl5x@mediafire.com#mailto:wschmuhl5x@mediafire.com#";"Pasadena";"16/12/2020";"1";"Building Your Own Drone";"24.99";"eBooks";"24.99"
"ssouttarmb@senate.gov#mailto:ssouttarmb@senate.gov#";"Austin";"16/12/2020";"3";"Cat Robot Blueprint";"4.99";"Blueprints";"14.97"
"kgierhard5v@ftc.gov#mailto:kgierhard5v@ftc.gov#";"Peoria";"16/12/2021";"2";"SCARA Robots";"19.5";"eBooks";"39"
"hskelbeck49@admin.ch#mailto:hskelbeck49@admin.ch#";"Albuquerque";"17/01/2020";"4";"Building Your Own Drone";"24.99";"eBooks";"99.96"
"aghironq4@123-reg.co.uk#mailto:aghironq4@123-reg.co.uk#";"Charleston";"17/01/2020";"3";"BYOR-3000";"214";"Robot Kits";"642"
"bissitbb@oaic.gov.au#mailto:bissitbb@oaic.gov.au#";"Birmingham";"17/01/2020";"6";"SCARA Robots";"19.5";"eBooks";"117"
"dhothersallp6@dell.com#mailto:dhothersallp6@dell.com#";"Oklahoma City";"17/01/2021";"1";"Sleepy Eye Blueprint";"11.99";"Blueprints";"11.99"
"cstedmanby@prnewswire.com#mailto:cstedmanby@prnewswire.com#";"Sacramento";"17/01/2021";"5";"Aerial Security";"36.99";"Training Videos";"184.95000000000002"
"emergue9q@nhs.uk#mailto:emergue9q@nhs.uk#";"Greensboro";"17/01/2021";"6";"Delta Robots";"16.99";"eBooks";"101.94"
"iasman6a@wired.com#mailto:iasman6a@wired.com#";"Pasadena";"17/01/2021";"3";"BYOR-3000";"214";"Robot Kits";"642"
"lwakeforda@reuters.com#mailto:lwakeforda@reuters.com#";"Greenville";"17/01/2021";"3";"Virtual Reality Basics";"29.99";"Training Videos";"89.97"
"afanning12@dmoz.org#mailto:afanning12@dmoz.org#";"Arlington";"17/01/2021";"3";"RQTE-554 Robot";"684";"Robots";"2052"
"llespercx@com.com#mailto:llespercx@com.com#";"Des Moines";"17/02/2020";"4";"Helicopter Drones";"20.95";"eBooks";"83.8"
"jdowlingn3@google.it#mailto:jdowlingn3@google.it#";"Saginaw";"17/02/2020";"3";"Understanding Drone Regulations";"27.5";"Training Videos";"82.5"
"tlewisham51@intel.com#mailto:tlewisham51@intel.com#";"Washington";"17/02/2021";"3";"RLK-9920 Robot";"699";"Robots";"2097"
"jbrayshayq3@flavors.me#mailto:jbrayshayq3@flavors.me#";"Lubbock";"17/02/2021";"4";"RQTE-554 Robot";"684";"Robots";"2736"
"bwansburyfy@cbsnews.com#mailto:bwansburyfy@cbsnews.com#";"Manchester";"17/03/2020";"3";"RQTE-554 Robot";"684";"Robots";"2052"
"bscophamor@homestead.com#mailto:bscophamor@homestead.com#";"Durham";"17/03/2020";"3";"Fixed Wing Drones";"15.5";"eBooks";"46.5"
"bhoys51@smh.com.au#mailto:bhoys51@smh.com.au#";"Rochester";"17/03/2020";"5";"Mapping with Drones";"49";"Training Videos";"245"
"posbanmn@redcross.org#mailto:posbanmn@redcross.org#";"Sacramento";"17/03/2020";"5";"MICR-564K Drone";"499";"Drones";"2495"
"crubbens6t@disqus.com#mailto:crubbens6t@disqus.com#";"Houston";"17/03/2020";"6";"Creature Robot Arms Blueprint";"12";"Blueprints";"72"
"ebartelsellisll@va.gov#mailto:ebartelsellisll@va.gov#";"Rockford";"17/03/2020";"2";"Cartesian Robots";"12.99";"eBooks";"25.98"
"bwhitemanpf@dailymail.co.uk#mailto:bwhitemanpf@dailymail.co.uk#";"Spokane";"17/03/2021";"3";"BYOD-300";"89";"Drone Kits";"267"
"bflintls@bloglovin.com#mailto:bflintls@bloglovin.com#";"Santa Barbara";"17/03/2021";"4";"BYOR-3535";"225";"Robot Kits";"900"
"akleinmintz3g@xing.com#mailto:akleinmintz3g@xing.com#";"Littleton";"17/04/2020";"3";"Understanding Automation";"44.95";"Training Videos";"134.85000000000002"
"bwybrowgy@multiply.com#mailto:bwybrowgy@multiply.com#";"Washington";"17/04/2020";"2";"Panda Robot Blueprint";"7.99";"Blueprints";"15.98"
"ebrucejk@ftc.gov#mailto:ebrucejk@ftc.gov#";"Flushing";"17/04/2020";"3";"BYOR-4005";"245";"Robot Kits";"735"
"nshillabeerle@skype.com#mailto:nshillabeerle@skype.com#";"Atlanta";"17/04/2020";"5";"All Eyes Drone Blueprint";"9.99";"Blueprints";"49.95"
"cvanaw@creativecommons.org#mailto:cvanaw@creativecommons.org#";"El Paso";"17/04/2021";"3";"BYOD-500";"167";"Drone Kits";"501"
"mdibenn6@blogger.com#mailto:mdibenn6@blogger.com#";"Sarasota";"17/04/2021";"4";"DX-145 Drone";"250";"Drones";"1000"
"yalthrop8n@google.co.jp#mailto:yalthrop8n@google.co.jp#";"Milwaukee";"17/04/2021";"3";"Understanding Raspberry PI";"28.99";"Training Videos";"86.97"
"mdowningi@creativecommons.org#mailto:mdowningi@creativecommons.org#";"Phoenix";"17/05/2020";"4";"Sleepy Eye Blueprint";"11.99";"Blueprints";"47.96"
"ldibb9h@huffingtonpost.com#mailto:ldibb9h@huffingtonpost.com#";"Hartford";"17/05/2020";"5";"DTI-84 Drone";"455";"Drones";"2275"
"jjohnesgq@ca.gov#mailto:jjohnesgq@ca.gov#";"North Port";"17/05/2020";"4";"Open Source Code";"32.95";"Training Videos";"131.8"
"ehightown7@free.fr#mailto:ehightown7@free.fr#";"Chicago";"17/05/2020";"2";"BYOD-550";"179";"Drone Kits";"358"
"wgiacubokb@twitter.com#mailto:wgiacubokb@twitter.com#";"Reno";"17/05/2020";"5";"Drone Video Techniques";"37.99";"Training Videos";"189.95000000000002"
"cnenolz@mediafire.com#mailto:cnenolz@mediafire.com#";"Aurora";"17/05/2020";"5";"Understanding Arduino";"17.5";"eBooks";"87.5"
"bfroomq@acquirethisname.com#mailto:bfroomq@acquirethisname.com#";"Salt Lake City";"17/05/2020";"3";"BYOD-200";"58.95";"Drone Kits";"176.85000000000002"
"thawkswoodbp@prweb.com#mailto:thawkswoodbp@prweb.com#";"Sacramento";"17/05/2021";"3";"Cartesian Robots";"12.99";"eBooks";"38.97"
"btrevanmj@wordpress.org#mailto:btrevanmj@wordpress.org#";"Jamaica";"17/05/2021";"5";"Understanding Drone Regulations";"27.5";"Training Videos";"137.5"
"jgreghik@quantcast.com#mailto:jgreghik@quantcast.com#";"Tampa";"17/05/2021";"3";"DTE-QFN20 Drone";"250";"Drones";"750"
"mgasquoinei8@yale.edu#mailto:mgasquoinei8@yale.edu#";"Spring";"17/05/2021";"3";"Drone Video Techniques";"37.99";"Training Videos";"113.97"
"aglendzafn@istockphoto.com#mailto:aglendzafn@istockphoto.com#";"San Diego";"17/05/2021";"2";"RLK-9920 Robot";"699";"Robots";"1398"
"dmcgrortyin@google.co.jp#mailto:dmcgrortyin@google.co.jp#";"Elizabeth";"17/05/2021";"5";"Understanding Artificial Intelligence";"19.5";"eBooks";"97.5"
"ahawksleea7@hubpages.com#mailto:ahawksleea7@hubpages.com#";"Dayton";"17/05/2021";"4";"GPS Drones";"19.99";"eBooks";"79.96"
"nwardropob@netlog.com#mailto:nwardropob@netlog.com#";"Grand Rapids";"17/06/2020";"6";"Understanding Drone Regulations";"27.5";"Training Videos";"165"
"vfranktonpt@ustream.tv#mailto:vfranktonpt@ustream.tv#";"Baton Rouge";"17/06/2020";"4";"Understanding Drone Regulations";"27.5";"Training Videos";"110"
"byerringtonct@intel.com#mailto:byerringtonct@intel.com#";"Ann Arbor";"17/06/2020";"4";"GPS Drones";"19.99";"eBooks";"79.96"
"fsteersiy@hatena.ne.jp#mailto:fsteersiy@hatena.ne.jp#";"Cincinnati";"17/06/2021";"3";"Ladybug Robot Blueprint";"12";"Blueprints";"36"
"btoothillfo@ezinearticles.com#mailto:btoothillfo@ezinearticles.com#";"Houston";"17/06/2021";"3";"Polar Robots";"23.99";"eBooks";"71.97"
"rgemsongx@dropbox.com#mailto:rgemsongx@dropbox.com#";"Tempe";"17/06/2021";"3";"Industrial 3D Printing";"49";"Training Videos";"147"
"goshavlan1c@ow.ly#mailto:goshavlan1c@ow.ly#";"Saint Louis";"17/06/2021";"4";"QuadroCopter Blueprint";"10.99";"Blueprints";"43.96"
"tgumby1g@arstechnica.com#mailto:tgumby1g@arstechnica.com#";"Trenton";"17/06/2021";"5";"Fixed Wing Drones";"15.5";"eBooks";"77.5"
"ehegley5f@amazon.co.jp#mailto:ehegley5f@amazon.co.jp#";"Lexington";"17/06/2021";"4";"Robotic Essentials";"34.99";"Training Videos";"139.96"
"ssein9u@unesco.org#mailto:ssein9u@unesco.org#";"Omaha";"17/06/2021";"4";"Hexacopter Drone Blueprint";"8.99";"Blueprints";"35.96"
"bpettisallnx@usatoday.com#mailto:bpettisallnx@usatoday.com#";"San Antonio";"17/06/2021";"4";"BYOR-1500";"189";"Robot Kits";"756"
"imcshirrie2f@squidoo.com#mailto:imcshirrie2f@squidoo.com#";"Hot Springs National Park";"17/06/2021";"2";"BYOD-350";"89.95";"Drone Kits";"179.9"
"jaishfordjx@ftc.gov#mailto:jaishfordjx@ftc.gov#";"Phoenix";"17/06/2021";"4";"Understanding Automation";"44.95";"Training Videos";"179.8"
"sklausenr8@github.com#mailto:sklausenr8@github.com#";"Oklahoma City";"17/07/2020";"2";"Bsquare Robot Blueprint";"8.99";"Blueprints";"17.98"
"jbreagancl@symantec.com#mailto:jbreagancl@symantec.com#";"Baton Rouge";"17/07/2020";"4";"Building Your Own Drone";"24.99";"eBooks";"99.96"
"lbaythropbi@dmoz.org#mailto:lbaythropbi@dmoz.org#";"San Antonio";"17/07/2021";"3";"BYOD-220";"69";"Drone Kits";"207"
"jwileyh2@wordpress.com#mailto:jwileyh2@wordpress.com#";"Huntington";"17/07/2021";"1";"BYOD-400";"119";"Drone Kits";"119"
"acumberpatch25@sfgate.com#mailto:acumberpatch25@sfgate.com#";"Toledo";"17/07/2021";"2";"Photograph Drones";"14.99";"eBooks";"29.98"
"fgrinikhinovmr@amazon.co.uk#mailto:fgrinikhinovmr@amazon.co.uk#";"Richmond";"17/07/2021";"3";"Photograph Drones";"14.99";"eBooks";"44.97"
"emcgonigle3v@ifeng.com#mailto:emcgonigle3v@ifeng.com#";"Chesapeake";"17/07/2021";"4";"BYOD-400S";"129.95";"Drone Kits";"519.8"
"jdallisongf@foxnews.com#mailto:jdallisongf@foxnews.com#";"New Orleans";"17/07/2021";"4";"Spherical Robots";"16.75";"eBooks";"67"
"lrobacknn@newyorker.com#mailto:lrobacknn@newyorker.com#";"Madison";"17/07/2021";"1";"BYOD-400S";"129.95";"Drone Kits";"129.95"
"bleek@creativecommons.org#mailto:bleek@creativecommons.org#";"Memphis";"17/08/2020";"6";"RLK-9920 Robot";"699";"Robots";"4194"
"gboutell1p@yolasite.com#mailto:gboutell1p@yolasite.com#";"Woburn";"17/08/2020";"4";"RQTE-554 Robot";"684";"Robots";"2736"
"bbarnewille5a@ycombinator.com#mailto:bbarnewille5a@ycombinator.com#";"Lexington";"17/08/2020";"4";"Hexacopter Drone Blueprint";"8.99";"Blueprints";"35.96"
"nfulham5t@fda.gov#mailto:nfulham5t@fda.gov#";"San Francisco";"17/08/2020";"3";"Hexacopter Drone Blueprint";"8.99";"Blueprints";"26.97"
"sforty6@fc2.com#mailto:sforty6@fc2.com#";"Worcester";"17/08/2020";"4";"All Eyes Drone Blueprint";"9.99";"Blueprints";"39.96"
"ccaccavellaed@wordpress.org#mailto:ccaccavellaed@wordpress.org#";"San Francisco";"17/08/2020";"3";"AI for Educators";"49.95";"Training Videos";"149.85000000000002"
"jwileyh2@wordpress.com#mailto:jwileyh2@wordpress.com#";"Huntington";"17/08/2020";"5";"BYOD-200";"58.95";"Drone Kits";"294.75"
"aduberryoq@hugedomains.com#mailto:aduberryoq@hugedomains.com#";"Trenton";"17/08/2020";"4";"DC-304 Drone";"395";"Drones";"1580"
"womohuno1@samsung.com#mailto:womohuno1@samsung.com#";"Washington";"17/08/2021";"2";"Polar Robots";"23.99";"eBooks";"47.98"
"lgearem6@weather.com#mailto:lgearem6@weather.com#";"Killeen";"17/08/2021";"3";"Building Your First Robot";"24.95";"eBooks";"74.85"
"llespercx@com.com#mailto:llespercx@com.com#";"Des Moines";"17/09/2020";"2";"RLK-9920 Robot";"699";"Robots";"1398"
"mmaccaughanak@plala.or.jp#mailto:mmaccaughanak@plala.or.jp#";"Madison";"17/09/2020";"6";"Understanding 3D Printing";"42.99";"Training Videos";"257.94"
"rbagge56@ucla.edu#mailto:rbagge56@ucla.edu#";"Saint Paul";"17/09/2020";"5";"BYOD-400S";"129.95";"Drone Kits";"649.75"
"doluby5t@pcworld.com#mailto:doluby5t@pcworld.com#";"Fairbanks";"17/09/2020";"2";"BYOR-3000";"214";"Robot Kits";"428"
"ljacklinci@hatena.ne.jp#mailto:ljacklinci@hatena.ne.jp#";"San Diego";"17/09/2020";"2";"Robotic Essentials";"34.99";"Training Videos";"69.98"
"kclericoatesko@engadget.com#mailto:kclericoatesko@engadget.com#";"Youngstown";"17/09/2020";"5";"Spherical Robots";"16.75";"eBooks";"83.75"
"rbalogiw@arstechnica.com#mailto:rbalogiw@arstechnica.com#";"Birmingham";"17/09/2020";"4";"Understanding 3D Printing";"42.99";"Training Videos";"171.96"
"ecorleyee@jiathis.com#mailto:ecorleyee@jiathis.com#";"Carson City";"17/09/2021";"2";"BYOR-4005";"245";"Robot Kits";"490"
"tleishmanmi@msu.edu#mailto:tleishmanmi@msu.edu#";"Pensacola";"17/09/2021";"2";"Multi Rotor Drones";"24.95";"eBooks";"49.9"
"swaddingham6c@businessweek.com#mailto:swaddingham6c@businessweek.com#";"Prescott";"17/09/2021";"5";"BYOD-220";"69";"Drone Kits";"345"
"acrohanbc@dell.com#mailto:acrohanbc@dell.com#";"Fairfield";"17/09/2021";"3";"Open Source Code";"32.95";"Training Videos";"98.85000000000001"
"ecleworthcq@hp.com#mailto:ecleworthcq@hp.com#";"Columbus";"17/09/2021";"3";"MICR-23K Robot";"899";"Robots";"2697"
"lbreukelman2q@pinterest.com#mailto:lbreukelman2q@pinterest.com#";"Evansville";"17/09/2021";"2";"Delta Robots";"16.99";"eBooks";"33.98"
"dshalloo5i@redcross.org#mailto:dshalloo5i@redcross.org#";"Yakima";"17/09/2021";"3";"BYOD-550";"179";"Drone Kits";"537"
"enornasell3v@vkontakte.ru#mailto:enornasell3v@vkontakte.ru#";"Merrifield";"17/10/2020";"2";"DX-145 Drone";"250";"Drones";"500"
"mbetkepi@goo.gl#mailto:mbetkepi@goo.gl#";"Garland";"17/10/2020";"3";"Understanding 3D Printing";"42.99";"Training Videos";"128.97"
"mswabye5@time.com#mailto:mswabye5@time.com#";"Minneapolis";"17/10/2020";"3";"Understanding Arduino";"17.5";"eBooks";"52.5"
"hgrigs3y@microsoft.com#mailto:hgrigs3y@microsoft.com#";"Boston";"17/10/2021";"3";"BYOD-200";"58.95";"Drone Kits";"176.85000000000002"
"tlittlejd@liveinternet.ru#mailto:tlittlejd@liveinternet.ru#";"Washington";"17/10/2021";"2";"GPS Drones";"19.99";"eBooks";"39.98"
"ojamblinbx@ycombinator.com#mailto:ojamblinbx@ycombinator.com#";"Birmingham";"17/11/2020";"3";"BYOR-2640S";"189";"Robot Kits";"567"
"iarrolog@bloglines.com#mailto:iarrolog@bloglines.com#";"Philadelphia";"17/11/2020";"5";"Single Rotor Drones";"14.99";"eBooks";"74.95"
"gcruftsg0@fda.gov#mailto:gcruftsg0@fda.gov#";"Fresno";"17/11/2020";"2";"Understanding Arduino";"17.5";"eBooks";"35"
"tpavlovnh@nps.gov#mailto:tpavlovnh@nps.gov#";"Pasadena";"17/11/2020";"2";"RXW-9807 Robot";"599";"Robots";"1198"
"kshimwell94@soup.io#mailto:kshimwell94@soup.io#";"Phoenix";"17/11/2020";"4";"Robotic Essentials";"34.99";"Training Videos";"139.96"
"bleek@creativecommons.org#mailto:bleek@creativecommons.org#";"Memphis";"17/11/2020";"4";"BYOR-1000";"189";"Robot Kits";"756"
"bbuncombeqn@goodreads.com#mailto:bbuncombeqn@goodreads.com#";"Birmingham";"17/11/2020";"5";"BYOR-2640S";"189";"Robot Kits";"945"
"mtareefc@google.com#mailto:mtareefc@google.com#";"Petaluma";"17/11/2020";"2";"Delivery Drones";"14.99";"eBooks";"29.98"
"larnaudonqm@uol.com.br#mailto:larnaudonqm@uol.com.br#";"Denver";"17/11/2020";"6";"BYOR-1500";"189";"Robot Kits";"1134"
"ysabathe34@wired.com#mailto:ysabathe34@wired.com#";"Huntington";"17/11/2020";"5";"DTE-QFN20 Drone";"250";"Drones";"1250"
"jharborowia@rambler.ru#mailto:jharborowia@rambler.ru#";"Dayton";"17/11/2020";"3";"QuadroCopter Blueprint";"10.99";"Blueprints";"32.97"
"hcarfflq@freewebs.com#mailto:hcarfflq@freewebs.com#";"Columbus";"17/11/2021";"1";"Drone Building Essentials";"13.99";"eBooks";"13.99"
"lfaggad@shareasale.com#mailto:lfaggad@shareasale.com#";"Lake Worth";"17/12/2020";"3";"BYOD-550";"179";"Drone Kits";"537"
"hbrisleygo@telegraph.co.uk#mailto:hbrisleygo@telegraph.co.uk#";"Omaha";"17/12/2020";"5";"BYOR-1500";"189";"Robot Kits";"945"
"aaveyl7@disqus.com#mailto:aaveyl7@disqus.com#";"Pittsburgh";"17/12/2020";"5";"Single Rotor Drones";"14.99";"eBooks";"74.95"
"sbattellj4@soundcloud.com#mailto:sbattellj4@soundcloud.com#";"San Antonio";"17/12/2021";"5";"RWW-75 Robot";"883";"Robots";"4415"
"epetegreem0@hhs.gov#mailto:epetegreem0@hhs.gov#";"Spokane";"17/12/2021";"5";"QuadroCopter Blueprint";"10.99";"Blueprints";"54.95"
"ilethbyib@ustream.tv#mailto:ilethbyib@ustream.tv#";"Brooklyn";"17/12/2021";"1";"AI for Educators";"49.95";"Training Videos";"49.95"
"pmcterlaghct@joomla.org#mailto:pmcterlaghct@joomla.org#";"Fresno";"18/01/2020";"3";"BYOD-550";"179";"Drone Kits";"537"
"psherrottp2@e-recht24.de#mailto:psherrottp2@e-recht24.de#";"Newark";"18/01/2020";"2";"QuadroCopter Blueprint";"10.99";"Blueprints";"21.98"
"epetegreem0@hhs.gov#mailto:epetegreem0@hhs.gov#";"Spokane";"18/01/2020";"3";"Understanding Artificial Intelligence";"19.5";"eBooks";"58.5"
"mfernleyah@fastcompany.com#mailto:mfernleyah@fastcompany.com#";"Birmingham";"18/01/2020";"2";"Drone Video Techniques";"37.99";"Training Videos";"75.98"
"rhebner7v@hugedomains.com#mailto:rhebner7v@hugedomains.com#";"Irvine";"18/01/2020";"6";"Cartesian Robots";"12.99";"eBooks";"77.94"
"ekennaway61@gnu.org#mailto:ekennaway61@gnu.org#";"Miami";"18/01/2021";"3";"RLK-9920 Robot";"699";"Robots";"2097"
"agenders72@virginia.edu#mailto:agenders72@virginia.edu#";"Silver Spring";"18/01/2021";"2";"DA-SA702 Drone";"399";"Drones";"798"
"kgeneryda@howstuffworks.com#mailto:kgeneryda@howstuffworks.com#";"Louisville";"18/01/2021";"2";"Virtual Reality Basics";"29.99";"Training Videos";"59.98"
"kmcculleykh@boston.com#mailto:kmcculleykh@boston.com#";"Jackson";"18/01/2021";"2";"BYOR-4005";"245";"Robot Kits";"490"
"amerlindg@google.es#mailto:amerlindg@google.es#";"Tucson";"18/01/2021";"2";"MICR-564K Drone";"499";"Drones";"998"
"bstichelom@adobe.com#mailto:bstichelom@adobe.com#";"Garland";"18/02/2020";"4";"Building Your First Robot";"24.95";"eBooks";"99.8"
"dstuartil@dmoz.org#mailto:dstuartil@dmoz.org#";"Little Rock";"18/02/2020";"6";"BYOD-400S";"129.95";"Drone Kits";"779.6999999999999"
"mponde11@cnet.com#mailto:mponde11@cnet.com#";"Boise";"18/02/2020";"4";"Bsquare Robot Blueprint";"8.99";"Blueprints";"35.96"
"mbrabenderar@wikipedia.org#mailto:mbrabenderar@wikipedia.org#";"Miami";"18/02/2020";"4";"BYOD-500";"167";"Drone Kits";"668"
"rmateikogg@merriam-webster.com#mailto:rmateikogg@merriam-webster.com#";"El Paso";"18/02/2020";"5";"BYOD-100";"54";"Drone Kits";"270"
"hhaw9q@answers.com#mailto:hhaw9q@answers.com#";"Boise";"18/02/2020";"3";"Understanding Raspberry PI";"28.99";"Training Videos";"86.97"
"nfulham5t@fda.gov#mailto:nfulham5t@fda.gov#";"San Francisco";"18/02/2020";"5";"DA-SA702 Drone";"399";"Drones";"1995"
"ulamboll9z@sciencedirect.com#mailto:ulamboll9z@sciencedirect.com#";"Fresno";"18/02/2021";"4";"GPS Drones";"19.99";"eBooks";"79.96"
"cpala1d@mysql.com#mailto:cpala1d@mysql.com#";"Davenport";"18/02/2021";"3";"BYOR-4005";"245";"Robot Kits";"735"
"rsunshineln@cdc.gov#mailto:rsunshineln@cdc.gov#";"Orange";"18/02/2021";"4";"AI for Educators";"49.95";"Training Videos";"199.8"
"ggoodere4q@scientificamerican.com#mailto:ggoodere4q@scientificamerican.com#";"Omaha";"18/02/2021";"2";"DTD-7000 Drone";"450";"Drones";"900"
"asouthallg@sohu.com#mailto:asouthallg@sohu.com#";"Daytona Beach";"18/03/2020";"1";"Sleepy Eye Blueprint";"11.99";"Blueprints";"11.99"
"lstaines64@issuu.com#mailto:lstaines64@issuu.com#";"Modesto";"18/03/2020";"6";"Sleepy Eye Blueprint";"11.99";"Blueprints";"71.94"
"claurenzibt@noaa.gov#mailto:claurenzibt@noaa.gov#";"Pompano Beach";"18/03/2020";"3";"MICR-23K Robot";"899";"Robots";"2697"
"tocriane96@flavors.me#mailto:tocriane96@flavors.me#";"Little Rock";"18/03/2020";"3";"SCARA Robots";"19.5";"eBooks";"58.5"
"esalwaygc@cnn.com#mailto:esalwaygc@cnn.com#";"Memphis";"18/03/2021";"3";"Multi Rotor Drones";"24.95";"eBooks";"74.85"
"cseear5f@mashable.com#mailto:cseear5f@mashable.com#";"Akron";"18/03/2021";"1";"Understanding Raspberry PI";"28.99";"Training Videos";"28.99"
"azimmermanns3x@feedburner.com#mailto:azimmermanns3x@feedburner.com#";"Gilbert";"18/03/2021";"2";"Cat Robot Blueprint";"4.99";"Blueprints";"9.98"
"ysabathe34@wired.com#mailto:ysabathe34@wired.com#";"Huntington";"18/03/2021";"2";"DX-145 Drone";"250";"Drones";"500"
"aaveyl7@disqus.com#mailto:aaveyl7@disqus.com#";"Pittsburgh";"18/04/2020";"3";"BYOR-4005";"245";"Robot Kits";"735"
"jdallisongf@foxnews.com#mailto:jdallisongf@foxnews.com#";"New Orleans";"18/04/2020";"3";"AI for Educators";"49.95";"Training Videos";"149.85000000000002"
"wdenmead7q@go.com#mailto:wdenmead7q@go.com#";"New Orleans";"18/04/2020";"3";"Building Your First Robot";"24.95";"eBooks";"74.85"
"tmcquillanl3@nps.gov#mailto:tmcquillanl3@nps.gov#";"Pompano Beach";"18/04/2021";"5";"Polar Robots";"23.99";"eBooks";"119.94999999999999"
"cbartolomeonihw@apple.com#mailto:cbartolomeonihw@apple.com#";"Houston";"18/04/2021";"4";"DTI-84 Drone";"455";"Drones";"1820"
"mhasslocherm8@paginegialle.it#mailto:mhasslocherm8@paginegialle.it#";"Fort Lauderdale";"18/04/2021";"6";"Spherical Robots";"16.75";"eBooks";"100.5"
"wsayergy@prnewswire.com#mailto:wsayergy@prnewswire.com#";"Bradenton";"18/04/2021";"5";"Delta Robots";"16.99";"eBooks";"84.94999999999999"
"ecorleyee@jiathis.com#mailto:ecorleyee@jiathis.com#";"Carson City";"18/04/2021";"3";"QuadroCopter Blueprint";"10.99";"Blueprints";"32.97"
"jsimonsence@vimeo.com#mailto:jsimonsence@vimeo.com#";"Silver Spring";"18/05/2020";"6";"RLK-9920 Robot";"699";"Robots";"4194"
"ctuplingcx@cornell.edu#mailto:ctuplingcx@cornell.edu#";"Saint Paul";"18/05/2020";"3";"Understanding Raspberry PI";"28.99";"Training Videos";"86.97"
"areckkc@blogspot.com#mailto:areckkc@blogspot.com#";"San Diego";"18/05/2020";"3";"Sleepy Eye Blueprint";"11.99";"Blueprints";"35.97"
"larnaudonqm@uol.com.br#mailto:larnaudonqm@uol.com.br#";"Denver";"18/05/2020";"3";"RTF Drones";"16.99";"eBooks";"50.97"
"bfoortdl@vimeo.com#mailto:bfoortdl@vimeo.com#";"Philadelphia";"18/05/2021";"2";"BYOD-300";"89";"Drone Kits";"178"
"dhallard4v@admin.ch#mailto:dhallard4v@admin.ch#";"Lynchburg";"18/05/2021";"2";"BYOD-300";"89";"Drone Kits";"178"
"despinasqa@umich.edu#mailto:despinasqa@umich.edu#";"Columbus";"18/05/2021";"4";"MICR-564K Drone";"499";"Drones";"1996"
"tpegden7c@google.de#mailto:tpegden7c@google.de#";"Denver";"18/06/2020";"3";"BYOR-2640S";"189";"Robot Kits";"567"
"jdewiscj@twitter.com#mailto:jdewiscj@twitter.com#";"Detroit";"18/06/2020";"5";"BYOR-3000";"214";"Robot Kits";"1070"
"rreicherzck@geocities.com#mailto:rreicherzck@geocities.com#";"Fort Lauderdale";"18/06/2021";"5";"Understanding Automation";"44.95";"Training Videos";"224.75"
"wmacdowalb6@themeforest.net#mailto:wmacdowalb6@themeforest.net#";"San Diego";"18/06/2021";"6";"RQTE-554 Robot";"684";"Robots";"4104"
"bminkinan@mtv.com#mailto:bminkinan@mtv.com#";"Fairbanks";"18/06/2021";"2";"MICR-23K Robot";"899";"Robots";"1798"
"browlesiq@godaddy.com#mailto:browlesiq@godaddy.com#";"Madison";"18/06/2021";"1";"Drone Building Essentials";"13.99";"eBooks";"13.99"
"hbrisleygo@telegraph.co.uk#mailto:hbrisleygo@telegraph.co.uk#";"Omaha";"18/06/2021";"4";"Building Your Own Drone";"24.99";"eBooks";"99.96"
"mellskr@chicagotribune.com#mailto:mellskr@chicagotribune.com#";"San Antonio";"18/07/2020";"5";"Panda Robot Blueprint";"7.99";"Blueprints";"39.95"
"ajohananovix@miibeian.gov.cn#mailto:ajohananovix@miibeian.gov.cn#";"Seattle";"18/07/2020";"5";"Understanding 3D Printing";"42.99";"Training Videos";"214.95000000000002"
"mstygallnb@cisco.com#mailto:mstygallnb@cisco.com#";"Amarillo";"18/07/2020";"3";"AI for Educators";"49.95";"Training Videos";"149.85000000000002"
"mbetkepi@goo.gl#mailto:mbetkepi@goo.gl#";"Garland";"18/07/2020";"3";"Virtual Reality Basics";"29.99";"Training Videos";"89.97"
"ovivianhs@umich.edu#mailto:ovivianhs@umich.edu#";"Los Angeles";"18/07/2020";"3";"SCARA Robots";"19.5";"eBooks";"58.5"
"ajumonetoi@cbc.ca#mailto:ajumonetoi@cbc.ca#";"Atlanta";"18/07/2021";"3";"All Eyes Drone Blueprint";"9.99";"Blueprints";"29.97"
"alowndes7x@wp.com#mailto:alowndes7x@wp.com#";"Houston";"18/07/2021";"3";"DA-SA702 Drone";"399";"Drones";"1197"
"wlyness2x@twitpic.com#mailto:wlyness2x@twitpic.com#";"San Diego";"18/07/2021";"4";"Hexacopter Drone Blueprint";"8.99";"Blueprints";"35.96"
"gtolomioo@ebay.co.uk#mailto:gtolomioo@ebay.co.uk#";"Lexington";"18/07/2021";"4";"Delivery Drones";"14.99";"eBooks";"59.96"
"afairpoge@joomla.org#mailto:afairpoge@joomla.org#";"Albany";"18/07/2021";"5";"DTI-84 Drone";"455";"Drones";"2275"
"tlorrimanqq@biglobe.ne.jp#mailto:tlorrimanqq@biglobe.ne.jp#";"San Jose";"18/07/2021";"3";"Creature Robot Arms Blueprint";"12";"Blueprints";"36"
"ssteuhlmeyer35@vimeo.com#mailto:ssteuhlmeyer35@vimeo.com#";"Albuquerque";"18/08/2020";"2";"Panda Robot Blueprint";"7.99";"Blueprints";"15.98"
"cfilipiak68@nbcnews.com#mailto:cfilipiak68@nbcnews.com#";"Portsmouth";"18/08/2020";"2";"BYOR-4005";"245";"Robot Kits";"490"
"ibelchem2@webmd.com#mailto:ibelchem2@webmd.com#";"Dayton";"18/08/2020";"5";"Cat Robot Blueprint";"4.99";"Blueprints";"24.950000000000003"
"ilowdhambx@bloglines.com#mailto:ilowdhambx@bloglines.com#";"Ocala";"18/08/2021";"5";"Delivery Drones";"14.99";"eBooks";"74.95"
"afallow74@vistaprint.com#mailto:afallow74@vistaprint.com#";"Des Moines";"18/08/2021";"5";"MICR-23K Robot";"899";"Robots";"4495"
"akleinmintz3g@xing.com#mailto:akleinmintz3g@xing.com#";"Littleton";"18/08/2021";"3";"Understanding Raspberry PI";"28.99";"Training Videos";"86.97"
"htrask5m@oaic.gov.au#mailto:htrask5m@oaic.gov.au#";"Phoenix";"18/08/2021";"1";"Building Your First Robot";"24.95";"eBooks";"24.95"
"dsyradh0@phoca.cz#mailto:dsyradh0@phoca.cz#";"Seattle";"18/08/2021";"5";"Industrial 3D Printing";"49";"Training Videos";"245"
"zfuxmank3@virginia.edu#mailto:zfuxmank3@virginia.edu#";"Trenton";"18/08/2021";"3";"RLK-9920 Robot";"699";"Robots";"2097"
"zrossettii7@wordpress.org#mailto:zrossettii7@wordpress.org#";"Washington";"18/09/2020";"4";"Multi Rotor Drones";"24.95";"eBooks";"99.8"
"svassie59@cam.ac.uk#mailto:svassie59@cam.ac.uk#";"San Jose";"18/09/2020";"5";"All Eyes Drone Blueprint";"9.99";"Blueprints";"49.95"
"pingerson9f@webmd.com#mailto:pingerson9f@webmd.com#";"Tucson";"18/09/2020";"4";"Multi Rotor Drones";"24.95";"eBooks";"99.8"
"rwinning5s@buzzfeed.com#mailto:rwinning5s@buzzfeed.com#";"Springfield";"18/09/2020";"4";"Polar Robots";"23.99";"eBooks";"95.96"
"aduberryoq@hugedomains.com#mailto:aduberryoq@hugedomains.com#";"Trenton";"18/09/2020";"4";"RLK-9920 Robot";"699";"Robots";"2796"
"ggallaherhm@newsvine.com#mailto:ggallaherhm@newsvine.com#";"Phoenix";"18/09/2020";"4";"RCB-889 Robot";"549";"Robots";"2196"
"bkleanthousre@ox.ac.uk#mailto:bkleanthousre@ox.ac.uk#";"Evansville";"18/09/2021";"3";"BYOD-350";"89.95";"Drone Kits";"269.85"
"dwoltonay@engadget.com#mailto:dwoltonay@engadget.com#";"San Diego";"18/09/2021";"3";"BYOD-100";"54";"Drone Kits";"162"
"mdanielish7@google.com.au#mailto:mdanielish7@google.com.au#";"Savannah";"18/09/2021";"2";"RLK-9920 Robot";"699";"Robots";"1398"
"ecapron4l@tripadvisor.com#mailto:ecapron4l@tripadvisor.com#";"Chicago";"18/10/2020";"5";"Building Your First Robot";"24.95";"eBooks";"124.75"
"kbuckepn@4shared.com#mailto:kbuckepn@4shared.com#";"Chicago";"18/10/2020";"2";"Helicopter Drones";"20.95";"eBooks";"41.9"
"javann71@adobe.com#mailto:javann71@adobe.com#";"Lakeland";"18/10/2020";"4";"BYOR-4005";"245";"Robot Kits";"980"
"akingaby78@deviantart.com#mailto:akingaby78@deviantart.com#";"West Palm Beach";"18/10/2020";"5";"BYOD-400S";"129.95";"Drone Kits";"649.75"
"aduberryoq@hugedomains.com#mailto:aduberryoq@hugedomains.com#";"Trenton";"18/10/2020";"3";"MICR-564K Drone";"499";"Drones";"1497"
"astockey3d@irs.gov#mailto:astockey3d@irs.gov#";"Lynn";"18/10/2020";"3";"Building Your First Robot";"24.95";"eBooks";"74.85"
"escougalda@desdev.cn#mailto:escougalda@desdev.cn#";"Fresno";"18/10/2021";"4";"All Eyes Drone Blueprint";"9.99";"Blueprints";"39.96"
"mkuhnelbm@slate.com#mailto:mkuhnelbm@slate.com#";"Washington";"18/10/2021";"3";"Cloud Computing";"29.99";"Training Videos";"89.97"
"sdixceekl@vkontakte.ru#mailto:sdixceekl@vkontakte.ru#";"Lafayette";"18/11/2020";"4";"Understanding Raspberry PI";"28.99";"Training Videos";"115.96"
"pgoatman7m@alibaba.com#mailto:pgoatman7m@alibaba.com#";"El Paso";"18/11/2020";"5";"BYOD-220";"69";"Drone Kits";"345"
"rmikalski4q@joomla.org#mailto:rmikalski4q@joomla.org#";"Springfield";"18/11/2020";"6";"MICR-23K Robot";"899";"Robots";"5394"
"grasmusas@i2i.jp#mailto:grasmusas@i2i.jp#";"Washington";"18/11/2021";"5";"Bsquare Robot Blueprint";"8.99";"Blueprints";"44.95"
"wcuthbertson2s@wix.com#mailto:wcuthbertson2s@wix.com#";"New York City";"18/11/2021";"6";"AI for Educators";"49.95";"Training Videos";"299.70000000000005"
"kbonnetmg@google.com.br#mailto:kbonnetmg@google.com.br#";"Los Angeles";"18/11/2021";"4";"Articulated Robots";"23.99";"eBooks";"95.96"
"ntolussidy@sciencedaily.com#mailto:ntolussidy@sciencedaily.com#";"El Paso";"18/11/2021";"3";"BYOR-1000";"189";"Robot Kits";"567"
"amyttond7@google.es#mailto:amyttond7@google.es#";"Lawrenceville";"18/12/2020";"4";"Panda Robot Blueprint";"7.99";"Blueprints";"31.96"
"sfryattp4@freewebs.com#mailto:sfryattp4@freewebs.com#";"Bloomington";"18/12/2020";"3";"MICR-564K Drone";"499";"Drones";"1497"
"csandford4m@over-blog.com#mailto:csandford4m@over-blog.com#";"Chesapeake";"18/12/2020";"3";"SCARA Robots";"19.5";"eBooks";"58.5"
"ghanlon9e@sun.com#mailto:ghanlon9e@sun.com#";"San Diego";"18/12/2020";"5";"DX-145 Drone";"250";"Drones";"1250"
"ascranny8u@tmall.com#mailto:ascranny8u@tmall.com#";"Chicago";"18/12/2020";"5";"BYOR-1500";"189";"Robot Kits";"945"
"cwinstonds@toplist.cz#mailto:cwinstonds@toplist.cz#";"Miami";"18/12/2021";"4";"Robotic Essentials";"34.99";"Training Videos";"139.96"
"bmarnerb7@umn.edu#mailto:bmarnerb7@umn.edu#";"Young America";"18/12/2021";"4";"Delivery Drones";"14.99";"eBooks";"59.96"
"pchree4g@cargocollective.com#mailto:pchree4g@cargocollective.com#";"Baltimore";"18/12/2021";"2";"Aerial Security";"36.99";"Training Videos";"73.98"
"wellinghamho@npr.org#mailto:wellinghamho@npr.org#";"Buffalo";"18/12/2021";"3";"AI for Educators";"49.95";"Training Videos";"149.85000000000002"
"jfancejg@google.fr#mailto:jfancejg@google.fr#";"New York City";"18/12/2021";"5";"Helicopter Drones";"20.95";"eBooks";"104.75"
"esilmanri@indiegogo.com#mailto:esilmanri@indiegogo.com#";"San Antonio";"19/01/2020";"3";"BYOD-350";"89.95";"Drone Kits";"269.85"
"dfison78@163.com#mailto:dfison78@163.com#";"Long Beach";"19/01/2020";"5";"BYOR-1500";"189";"Robot Kits";"945"
"lglabach3k@pagesperso-orange.fr#mailto:lglabach3k@pagesperso-orange.fr#";"Roanoke";"19/01/2020";"5";"BYOD-400S";"129.95";"Drone Kits";"649.75"
"ktipplekm@chicagotribune.com#mailto:ktipplekm@chicagotribune.com#";"Detroit";"19/01/2021";"4";"BYOD-200";"58.95";"Drone Kits";"235.8"
"dgiffard72@aboutads.info#mailto:dgiffard72@aboutads.info#";"Syracuse";"19/01/2021";"5";"DTE-QFN20 Drone";"250";"Drones";"1250"
"areckkc@blogspot.com#mailto:areckkc@blogspot.com#";"San Diego";"19/01/2021";"2";"Open Source Code";"32.95";"Training Videos";"65.9"
"vde2y@sciencedirect.com#mailto:vde2y@sciencedirect.com#";"Philadelphia";"19/01/2021";"6";"BYOD-350";"89.95";"Drone Kits";"539.7"
"eweedeneb@google.ca#mailto:eweedeneb@google.ca#";"Erie";"19/02/2020";"2";"RTF Drones";"16.99";"eBooks";"33.98"
"cbentinckn0@indiegogo.com#mailto:cbentinckn0@indiegogo.com#";"New York City";"19/02/2020";"6";"RQTE-554 Robot";"684";"Robots";"4104"
"egrigoree2@51.la#mailto:egrigoree2@51.la#";"Orlando";"19/02/2021";"4";"DTD-7000 Drone";"450";"Drones";"1800"
"gmatevosianhe@domainmarket.com#mailto:gmatevosianhe@domainmarket.com#";"Kansas City";"19/02/2021";"3";"RQTE-554 Robot";"684";"Robots";"2052"
"nseagood4@paginegialle.it#mailto:nseagood4@paginegialle.it#";"Houston";"19/03/2020";"3";"Bsquare Robot Blueprint";"8.99";"Blueprints";"26.97"
"aambrosi3s@sogou.com#mailto:aambrosi3s@sogou.com#";"Albany";"19/03/2020";"4";"BYOD-500";"167";"Drone Kits";"668"
"aolekhovn7@webmd.com#mailto:aolekhovn7@webmd.com#";"Salt Lake City";"19/03/2021";"2";"Understanding Drone Regulations";"27.5";"Training Videos";"55"
"ccassellq3@japanpost.jp#mailto:ccassellq3@japanpost.jp#";"Cambridge";"19/03/2021";"5";"Articulated Robots";"23.99";"eBooks";"119.94999999999999"
"cnilandp@fema.gov#mailto:cnilandp@fema.gov#";"Toledo";"19/03/2021";"2";"Understanding Raspberry PI";"28.99";"Training Videos";"57.98"
"lcreagh2h@weather.com#mailto:lcreagh2h@weather.com#";"Brea";"19/03/2021";"3";"Cartesian Robots";"12.99";"eBooks";"38.97"
"esilmanri@indiegogo.com#mailto:esilmanri@indiegogo.com#";"San Antonio";"19/03/2021";"4";"Articulated Robots";"23.99";"eBooks";"95.96"
"tbayntonjh@blogtalkradio.com#mailto:tbayntonjh@blogtalkradio.com#";"Juneau";"19/03/2021";"3";"MICR-564K Drone";"499";"Drones";"1497"
"lwakeforda@reuters.com#mailto:lwakeforda@reuters.com#";"Greenville";"19/04/2020";"1";"BYOD-500";"167";"Drone Kits";"167"
"vbuttrey4a@earthlink.net#mailto:vbuttrey4a@earthlink.net#";"San Antonio";"19/04/2020";"5";"AI for Educators";"49.95";"Training Videos";"249.75"
"grewcassellp5@noaa.gov#mailto:grewcassellp5@noaa.gov#";"Minneapolis";"19/04/2021";"3";"BYOD-500";"167";"Drone Kits";"501"
"dconnelly6d@seattletimes.com#mailto:dconnelly6d@seattletimes.com#";"Washington";"19/04/2021";"4";"DTD-7000 Drone";"450";"Drones";"1800"
"jbreagancl@symantec.com#mailto:jbreagancl@symantec.com#";"Baton Rouge";"19/04/2021";"4";"Virtual Reality Basics";"29.99";"Training Videos";"119.96"
"hphelan93@weebly.com#mailto:hphelan93@weebly.com#";"Gastonia";"19/04/2021";"2";"Understanding Artificial Intelligence";"19.5";"eBooks";"39"
"tcoytesas@technorati.com#mailto:tcoytesas@technorati.com#";"Monticello";"19/04/2021";"5";"Open Source Code";"32.95";"Training Videos";"164.75"
"dhoultek@exblog.jp#mailto:dhoultek@exblog.jp#";"Los Angeles";"19/04/2021";"3";"All Eyes Drone Blueprint";"9.99";"Blueprints";"29.97"
"ddrysdalej8@ucoz.com#mailto:ddrysdalej8@ucoz.com#";"Greenville";"19/04/2021";"5";"Understanding Raspberry PI";"28.99";"Training Videos";"144.95"
"fbendle6o@cbc.ca#mailto:fbendle6o@cbc.ca#";"Dallas";"19/05/2020";"3";"MICR-564K Drone";"499";"Drones";"1497"
"smahomet19@thetimes.co.uk#mailto:smahomet19@thetimes.co.uk#";"Louisville";"19/05/2020";"2";"DTE-QFN20 Drone";"250";"Drones";"500"
"dsollettq0@1und1.de#mailto:dsollettq0@1und1.de#";"Richmond";"19/05/2020";"3";"BYOD-100";"54";"Drone Kits";"162"
"cpriestnalli5@japanpost.jp#mailto:cpriestnalli5@japanpost.jp#";"Denton";"19/05/2020";"5";"RQTE-554 Robot";"684";"Robots";"3420"
"kpieterg1@hibu.com#mailto:kpieterg1@hibu.com#";"Young America";"19/05/2020";"2";"Cloud Computing";"29.99";"Training Videos";"59.98"
"dwhitlandrr@w3.org#mailto:dwhitlandrr@w3.org#";"Las Vegas";"19/05/2020";"1";"BYOD-400";"119";"Drone Kits";"119"
"rshielcz@photobucket.com#mailto:rshielcz@photobucket.com#";"Brooklyn";"19/05/2020";"3";"QuadroCopter Blueprint";"10.99";"Blueprints";"32.97"
"iwasielaal@amazon.co.jp#mailto:iwasielaal@amazon.co.jp#";"Houston";"19/05/2020";"4";"AI for Educators";"49.95";"Training Videos";"199.8"
"wrowlstone4z@google.nl#mailto:wrowlstone4z@google.nl#";"White Plains";"19/05/2020";"4";"DTD-7000 Drone";"450";"Drones";"1800"
"mmeneelyb@123-reg.co.uk#mailto:mmeneelyb@123-reg.co.uk#";"Chicago";"19/05/2021";"3";"Helicopter Drones";"20.95";"eBooks";"62.849999999999994"
"ashakesbycp@forbes.com#mailto:ashakesbycp@forbes.com#";"Kansas City";"19/05/2021";"3";"Building Your Own Drone";"24.99";"eBooks";"74.97"
"jromanetqs@google.co.jp#mailto:jromanetqs@google.co.jp#";"Fort Worth";"19/05/2021";"5";"All Eyes Drone Blueprint";"9.99";"Blueprints";"49.95"
"ccollopoi@delicious.com#mailto:ccollopoi@delicious.com#";"Pittsburgh";"19/05/2021";"3";"Photograph Drones";"14.99";"eBooks";"44.97"
"emergue9q@nhs.uk#mailto:emergue9q@nhs.uk#";"Greensboro";"19/05/2021";"4";"RWW-75 Robot";"883";"Robots";"3532"
"bzorer79@squarespace.com#mailto:bzorer79@squarespace.com#";"Lexington";"19/05/2021";"4";"RWW-75 Robot";"883";"Robots";"3532"
"tspavon3q@tumblr.com#mailto:tspavon3q@tumblr.com#";"Chicago";"19/06/2020";"4";"BYOD-400S";"129.95";"Drone Kits";"519.8"
"kduesbury8d@tripod.com#mailto:kduesbury8d@tripod.com#";"Seattle";"19/06/2020";"4";"BYOD-300";"89";"Drone Kits";"356"
"caddams8p@google.it#mailto:caddams8p@google.it#";"Monticello";"19/06/2020";"4";"Helicopter Drones";"20.95";"eBooks";"83.8"
"gbonde90@vimeo.com#mailto:gbonde90@vimeo.com#";"San Francisco";"19/06/2020";"3";"BYOD-350";"89.95";"Drone Kits";"269.85"
"azappeley@intel.com#mailto:azappeley@intel.com#";"Fort Wayne";"19/06/2020";"2";"Understanding Raspberry PI";"28.99";"Training Videos";"57.98"
"jlinnard3f@plala.or.jp#mailto:jlinnard3f@plala.or.jp#";"Nashville";"19/06/2020";"1";"Panda Robot Blueprint";"7.99";"Blueprints";"7.99"
"cseageev@slate.com#mailto:cseageev@slate.com#";"San Diego";"19/06/2020";"6";"Creature Robot Arms Blueprint";"12";"Blueprints";"72"
"afaucettat@craigslist.org#mailto:afaucettat@craigslist.org#";"Indianapolis";"19/06/2021";"4";"BYOD-350";"89.95";"Drone Kits";"359.8"
"smoylan83@etsy.com#mailto:smoylan83@etsy.com#";"Flint";"19/06/2021";"2";"Cat Robot Blueprint";"4.99";"Blueprints";"9.98"
"celloiti7@nydailynews.com#mailto:celloiti7@nydailynews.com#";"San Diego";"19/06/2021";"6";"Cloud Computing";"29.99";"Training Videos";"179.94"
"vdej0@live.com#mailto:vdej0@live.com#";"El Paso";"19/06/2021";"5";"BYOR-2640S";"189";"Robot Kits";"945"
"adavidih9@vinaora.com#mailto:adavidih9@vinaora.com#";"New Hyde Park";"19/06/2021";"2";"BYOD-200";"58.95";"Drone Kits";"117.9"
"ascranny8u@tmall.com#mailto:ascranny8u@tmall.com#";"Chicago";"19/07/2020";"2";"Understanding Automation";"44.95";"Training Videos";"89.9"
"aanfussojg@t-online.de#mailto:aanfussojg@t-online.de#";"Cedar Rapids";"19/07/2020";"6";"Cat Robot Blueprint";"4.99";"Blueprints";"29.94"
"vmoretonpv@google.co.jp#mailto:vmoretonpv@google.co.jp#";"Las Vegas";"19/07/2020";"4";"BYOR-1000";"189";"Robot Kits";"756"
"samblerrf@dagondesign.com#mailto:samblerrf@dagondesign.com#";"Pittsburgh";"19/07/2020";"3";"MICR-23K Robot";"899";"Robots";"2697"
"ccollopoi@delicious.com#mailto:ccollopoi@delicious.com#";"Pittsburgh";"19/07/2020";"5";"Ladybug Robot Blueprint";"12";"Blueprints";"60"
"cbitchenomd@lycos.com#mailto:cbitchenomd@lycos.com#";"Houston";"19/07/2021";"4";"Understanding Drone Regulations";"27.5";"Training Videos";"110"
"dkeasymh@boston.com#mailto:dkeasymh@boston.com#";"Phoenix";"19/07/2021";"4";"Articulated Robots";"23.99";"eBooks";"95.96"
"rdomoney10@washingtonpost.com#mailto:rdomoney10@washingtonpost.com#";"Raleigh";"19/07/2021";"3";"Industrial 3D Printing";"49";"Training Videos";"147"
"ghaddock54@live.com#mailto:ghaddock54@live.com#";"North Little Rock";"19/07/2021";"3";"Understanding 3D Printing";"42.99";"Training Videos";"128.97"
"egrigoree2@51.la#mailto:egrigoree2@51.la#";"Orlando";"19/07/2021";"6";"RCB-889 Robot";"549";"Robots";"3294"
"rseager3m@godaddy.com#mailto:rseager3m@godaddy.com#";"Jamaica";"19/07/2021";"5";"Building Your First Robot";"24.95";"eBooks";"124.75"
"mpourvoieure0@weibo.com#mailto:mpourvoieure0@weibo.com#";"Fort Pierce";"19/08/2020";"3";"Virtual Reality Basics";"29.99";"Training Videos";"89.97"
"jpaug4@wordpress.org#mailto:jpaug4@wordpress.org#";"Miami";"19/08/2020";"4";"RCB-889 Robot";"549";"Robots";"2196"
"csowrahah@opera.com#mailto:csowrahah@opera.com#";"Bronx";"19/08/2020";"4";"Multi Rotor Drones";"24.95";"eBooks";"99.8"
"bdi6g@aol.com#mailto:bdi6g@aol.com#";"San Bernardino";"19/08/2020";"4";"Helicopter Drones";"20.95";"eBooks";"83.8"
"ldibb9h@huffingtonpost.com#mailto:ldibb9h@huffingtonpost.com#";"Hartford";"19/08/2021";"3";"AI for Educators";"49.95";"Training Videos";"149.85000000000002"
"cbasterfieldp7@indiatimes.com#mailto:cbasterfieldp7@indiatimes.com#";"Spartanburg";"19/08/2021";"5";"Articulated Robots";"23.99";"eBooks";"119.94999999999999"
"jmeritib@sphinn.com#mailto:jmeritib@sphinn.com#";"Madison";"19/09/2020";"2";"DTE-QFN20 Drone";"250";"Drones";"500"
"kkington20@barnesandnoble.com#mailto:kkington20@barnesandnoble.com#";"Dallas";"19/09/2020";"5";"Creature Robot Arms Blueprint";"12";"Blueprints";"60"
"edew@nba.com#mailto:edew@nba.com#";"Honolulu";"19/09/2020";"2";"Cartesian Robots";"12.99";"eBooks";"25.98"
"jspurettt@exblog.jp#mailto:jspurettt@exblog.jp#";"Columbus";"19/09/2020";"2";"Understanding Drone Regulations";"27.5";"Training Videos";"55"
"shuyghe11@redcross.org#mailto:shuyghe11@redcross.org#";"Biloxi";"19/09/2020";"3";"Polar Robots";"23.99";"eBooks";"71.97"
"oleevesmc@naver.com#mailto:oleevesmc@naver.com#";"Little Rock";"19/09/2020";"2";"Helicopter Drones";"20.95";"eBooks";"41.9"
"khearsepd@jugem.jp#mailto:khearsepd@jugem.jp#";"Youngstown";"19/09/2020";"1";"GPS Drones";"19.99";"eBooks";"19.99"
"mplewmano7@woothemes.com#mailto:mplewmano7@woothemes.com#";"Schenectady";"19/09/2021";"5";"Drone Building Essentials";"13.99";"eBooks";"69.95"
"bworsallf9@cnbc.com#mailto:bworsallf9@cnbc.com#";"Washington";"19/09/2021";"1";"Photograph Drones";"14.99";"eBooks";"14.99"
"edew@nba.com#mailto:edew@nba.com#";"Honolulu";"19/10/2020";"4";"Delivery Drones";"14.99";"eBooks";"59.96"
"ebaidenb0@mapquest.com#mailto:ebaidenb0@mapquest.com#";"Fort Lauderdale";"19/10/2020";"3";"DTI-84 Drone";"455";"Drones";"1365"
"dthomazetc2@merriam-webster.com#mailto:dthomazetc2@merriam-webster.com#";"Decatur";"19/10/2020";"2";"Helicopter Drones";"20.95";"eBooks";"41.9"
"adavidih9@vinaora.com#mailto:adavidih9@vinaora.com#";"New Hyde Park";"19/10/2020";"3";"BYOD-200";"58.95";"Drone Kits";"176.85000000000002"
"mkitchinghan5p@utexas.edu#mailto:mkitchinghan5p@utexas.edu#";"Phoenix";"19/10/2020";"3";"BYOR-2640S";"189";"Robot Kits";"567"
"awalshj1@dell.com#mailto:awalshj1@dell.com#";"Mesa";"19/10/2021";"3";"BYOD-300";"89";"Drone Kits";"267"
"aambrosi3s@sogou.com#mailto:aambrosi3s@sogou.com#";"Albany";"19/10/2021";"5";"BYOD-550";"179";"Drone Kits";"895"
"tmallyael@php.net#mailto:tmallyael@php.net#";"Arlington";"19/10/2021";"4";"RTF Drones";"16.99";"eBooks";"67.96"
"bheditchad@icq.com#mailto:bheditchad@icq.com#";"Miami";"19/10/2021";"5";"RLK-9920 Robot";"699";"Robots";"3495"
"vbeals8s@t.co#mailto:vbeals8s@t.co#";"Topeka";"19/10/2021";"3";"BYOD-200";"58.95";"Drone Kits";"176.85000000000002"
"dgaiter2k@va.gov#mailto:dgaiter2k@va.gov#";"Albany";"19/10/2021";"4";"Aerial Security";"36.99";"Training Videos";"147.96"
"ccruzcn@ca.gov#mailto:ccruzcn@ca.gov#";"San Francisco";"19/11/2020";"3";"Virtual Reality Basics";"29.99";"Training Videos";"89.97"
"lmciverr0@linkedin.com#mailto:lmciverr0@linkedin.com#";"Lehigh Acres";"19/11/2020";"1";"RQTE-554 Robot";"684";"Robots";"684"
"bgulliforded@wordpress.com#mailto:bgulliforded@wordpress.com#";"Waterbury";"19/11/2020";"5";"RQTE-554 Robot";"684";"Robots";"3420"
"gkirkhousen3@reddit.com#mailto:gkirkhousen3@reddit.com#";"Anchorage";"19/11/2020";"4";"AI for Educators";"49.95";"Training Videos";"199.8"
"bbarthode@sina.com.cn#mailto:bbarthode@sina.com.cn#";"Long Beach";"19/11/2020";"2";"MICR-23K Robot";"899";"Robots";"1798"
"jmatignon7o@dailymotion.com#mailto:jmatignon7o@dailymotion.com#";"El Paso";"19/11/2020";"3";"BYOD-350";"89.95";"Drone Kits";"269.85"
"aburhouseke@a8.net#mailto:aburhouseke@a8.net#";"Winston Salem";"19/11/2020";"4";"Cat Robot Blueprint";"4.99";"Blueprints";"19.96"
"ggallaherhm@newsvine.com#mailto:ggallaherhm@newsvine.com#";"Phoenix";"19/11/2020";"4";"Open Source Code";"32.95";"Training Videos";"131.8"
"fstebbings6w@latimes.com#mailto:fstebbings6w@latimes.com#";"Richmond";"19/11/2021";"4";"BYOD-400";"119";"Drone Kits";"476"
"tpulferql@wsj.com#mailto:tpulferql@wsj.com#";"New Orleans";"19/11/2021";"2";"Drone Building Essentials";"13.99";"eBooks";"27.98"
"eskerrett4y@bravesites.com#mailto:eskerrett4y@bravesites.com#";"Seattle";"19/11/2021";"5";"BYOR-3000";"214";"Robot Kits";"1070"
"rlargefw@about.com#mailto:rlargefw@about.com#";"Berkeley";"19/11/2021";"6";"DX-145 Drone";"250";"Drones";"1500"
"csarvarl6@freewebs.com#mailto:csarvarl6@freewebs.com#";"Memphis";"19/11/2021";"4";"Sleepy Eye Blueprint";"11.99";"Blueprints";"47.96"
"acalladineai@narod.ru#mailto:acalladineai@narod.ru#";"Trenton";"19/11/2021";"4";"Sleepy Eye Blueprint";"11.99";"Blueprints";"47.96"
"bheditchad@icq.com#mailto:bheditchad@icq.com#";"Miami";"19/11/2021";"3";"Delta Robots";"16.99";"eBooks";"50.97"
"tsailoro4@barnesandnoble.com#mailto:tsailoro4@barnesandnoble.com#";"Las Vegas";"19/12/2020";"3";"Understanding Raspberry PI";"28.99";"Training Videos";"86.97"
"vsitchkp@phoca.cz#mailto:vsitchkp@phoca.cz#";"Fresno";"19/12/2021";"3";"DTE-QFN20 Drone";"250";"Drones";"750"
"nwebberley8w@studiopress.com#mailto:nwebberley8w@studiopress.com#";"Washington";"19/12/2021";"3";"Spherical Robots";"16.75";"eBooks";"50.25"
"sfeifer3z@mit.edu#mailto:sfeifer3z@mit.edu#";"Tampa";"19/12/2021";"6";"BYOD-220";"69";"Drone Kits";"414"
"jsimonsence@vimeo.com#mailto:jsimonsence@vimeo.com#";"Silver Spring";"19/12/2021";"2";"DTI-84 Drone";"455";"Drones";"910"
"emcmurdore@ifeng.com#mailto:emcmurdore@ifeng.com#";"Topeka";"19/12/2021";"1";"Understanding 3D Printing";"42.99";"Training Videos";"42.99"
"rscoinesk6@blogspot.com#mailto:rscoinesk6@blogspot.com#";"Madison";"19/12/2021";"2";"SCARA Robots";"19.5";"eBooks";"39"
"mbodessondq@admin.ch#mailto:mbodessondq@admin.ch#";"Rochester";"20/01/2020";"1";"Single Rotor Drones";"14.99";"eBooks";"14.99"
"easkella0@eventbrite.com#mailto:easkella0@eventbrite.com#";"New Orleans";"20/01/2020";"3";"Understanding Artificial Intelligence";"19.5";"eBooks";"58.5"
"smaffyjj@nbcnews.com#mailto:smaffyjj@nbcnews.com#";"San Luis Obispo";"20/01/2020";"4";"Helicopter Drones";"20.95";"eBooks";"83.8"
"bdi6g@aol.com#mailto:bdi6g@aol.com#";"San Bernardino";"20/01/2021";"3";"Understanding Drone Regulations";"27.5";"Training Videos";"82.5"
"enardipv@networkadvertising.org#mailto:enardipv@networkadvertising.org#";"Cape Coral";"20/02/2020";"5";"Sleepy Eye Blueprint";"11.99";"Blueprints";"59.95"
"cgallehockkf@xinhuanet.com#mailto:cgallehockkf@xinhuanet.com#";"Denver";"20/02/2020";"4";"Delta Robots";"16.99";"eBooks";"67.96"
"clanneyiu@imdb.com#mailto:clanneyiu@imdb.com#";"Canton";"20/02/2020";"5";"BYOD-350";"89.95";"Drone Kits";"449.75"
"cciobutaru6v@netlog.com#mailto:cciobutaru6v@netlog.com#";"Charlotte";"20/02/2020";"4";"BYOD-300";"89";"Drone Kits";"356"
"aharriagnfu@google.ru#mailto:aharriagnfu@google.ru#";"Houston";"20/02/2021";"4";"RQTE-554 Robot";"684";"Robots";"2736"
"ajentzschl1@de.vu#mailto:ajentzschl1@de.vu#";"Fullerton";"20/02/2021";"5";"Aerial Security";"36.99";"Training Videos";"184.95000000000002"
"bpettisallnx@usatoday.com#mailto:bpettisallnx@usatoday.com#";"San Antonio";"20/02/2021";"2";"BYOD-350";"89.95";"Drone Kits";"179.9"
"lhydermu@microsoft.com#mailto:lhydermu@microsoft.com#";"Oakland";"20/03/2020";"3";"Delivery Drones";"14.99";"eBooks";"44.97"
"rtomkinson47@nbcnews.com#mailto:rtomkinson47@nbcnews.com#";"Denver";"20/03/2020";"5";"RCB-889 Robot";"549";"Robots";"2745"
"jharborowia@rambler.ru#mailto:jharborowia@rambler.ru#";"Dayton";"20/03/2020";"4";"QuadroCopter Blueprint";"10.99";"Blueprints";"43.96"
"blampkinw@ihg.com#mailto:blampkinw@ihg.com#";"San Diego";"20/03/2021";"2";"Fixed Wing Drones";"15.5";"eBooks";"31"
"fesselinb8@adobe.com#mailto:fesselinb8@adobe.com#";"Fort Lauderdale";"20/03/2021";"4";"Panda Robot Blueprint";"7.99";"Blueprints";"31.96"
"jbruneau5d@blinklist.com#mailto:jbruneau5d@blinklist.com#";"Springfield";"20/03/2021";"4";"Helicopter Drones";"20.95";"eBooks";"83.8"
"wwaisona4@people.com.cn#mailto:wwaisona4@people.com.cn#";"Cedar Rapids";"20/03/2021";"5";"Sleepy Eye Blueprint";"11.99";"Blueprints";"59.95"
"lpilleyi2@moonfruit.com#mailto:lpilleyi2@moonfruit.com#";"Charlottesville";"20/04/2020";"5";"BYOD-500";"167";"Drone Kits";"835"
"hburdfd@wired.com#mailto:hburdfd@wired.com#";"Brooklyn";"20/04/2020";"4";"Helicopter Drones";"20.95";"eBooks";"83.8"
"ctierney4p@myspace.com#mailto:ctierney4p@myspace.com#";"Washington";"20/04/2020";"3";"GPS Drones";"19.99";"eBooks";"59.97"
"dhaddy14@slate.com#mailto:dhaddy14@slate.com#";"Wichita";"20/04/2020";"6";"BYOD-300";"89";"Drone Kits";"534"
"rpittsel@t.co#mailto:rpittsel@t.co#";"Savannah";"20/04/2020";"3";"Photograph Drones";"14.99";"eBooks";"44.97"
"alawlings6s@cpanel.net#mailto:alawlings6s@cpanel.net#";"San Jose";"20/04/2021";"3";"Cloud Computing";"29.99";"Training Videos";"89.97"
"clisetthb@icio.us#mailto:clisetthb@icio.us#";"Whittier";"20/04/2021";"4";"RCB-889 Robot";"549";"Robots";"2196"
"bcordobaeg@google.pl#mailto:bcordobaeg@google.pl#";"Washington";"20/04/2021";"4";"BYOD-400S";"129.95";"Drone Kits";"519.8"
"rdevoqd@about.me#mailto:rdevoqd@about.me#";"Stamford";"20/04/2021";"4";"Cartesian Robots";"12.99";"eBooks";"51.96"
"gdaspark4@unesco.org#mailto:gdaspark4@unesco.org#";"Birmingham";"20/05/2020";"5";"MICR-564K Drone";"499";"Drones";"2495"
"bmcconigalrm@si.edu#mailto:bmcconigalrm@si.edu#";"Peoria";"20/05/2020";"3";"BYOR-1000";"189";"Robot Kits";"567"
"mjanicki6y@amazon.co.uk#mailto:mjanicki6y@amazon.co.uk#";"Lubbock";"20/05/2020";"5";"RCB-889 Robot";"549";"Robots";"2745"
"bissonrn@wufoo.com#mailto:bissonrn@wufoo.com#";"Minneapolis";"20/05/2020";"4";"Sleepy Eye Blueprint";"11.99";"Blueprints";"47.96"
"gmacenzy8g@constantcontact.com#mailto:gmacenzy8g@constantcontact.com#";"Springfield";"20/05/2020";"6";"Polar Robots";"23.99";"eBooks";"143.94"
"callderhy@oaic.gov.au#mailto:callderhy@oaic.gov.au#";"Springfield";"20/05/2020";"5";"Multi Rotor Drones";"24.95";"eBooks";"124.75"
"jjohnesgq@ca.gov#mailto:jjohnesgq@ca.gov#";"North Port";"20/05/2021";"4";"DTD-7000 Drone";"450";"Drones";"1800"
"cchimentieu@discovery.com#mailto:cchimentieu@discovery.com#";"Albany";"20/05/2021";"3";"Sleepy Eye Blueprint";"11.99";"Blueprints";"35.97"
"dsinneyli@feedburner.com#mailto:dsinneyli@feedburner.com#";"Jacksonville";"20/05/2021";"4";"BYOR-1500";"189";"Robot Kits";"756"
"bmayhew81@people.com.cn#mailto:bmayhew81@people.com.cn#";"Arlington";"20/06/2020";"3";"BYOR-2640S";"189";"Robot Kits";"567"
"ccorbittif@java.com#mailto:ccorbittif@java.com#";"Oakland";"20/06/2020";"2";"Understanding Drone Regulations";"27.5";"Training Videos";"55"
"lchippindallnr@reddit.com#mailto:lchippindallnr@reddit.com#";"Washington";"20/06/2020";"2";"DTI-84 Drone";"455";"Drones";"910"
"mshrubsallpf@psu.edu#mailto:mshrubsallpf@psu.edu#";"Louisville";"20/06/2020";"4";"BYOD-220";"69";"Drone Kits";"276"
"cgentreauj5@ftc.gov#mailto:cgentreauj5@ftc.gov#";"Tulsa";"20/06/2020";"5";"Single Rotor Drones";"14.99";"eBooks";"74.95"
"mbentallbe@canalblog.com#mailto:mbentallbe@canalblog.com#";"Shawnee Mission";"20/06/2021";"4";"Mapping with Drones";"49";"Training Videos";"196"
"atrenfieldf6@nba.com#mailto:atrenfieldf6@nba.com#";"Boston";"20/06/2021";"1";"Mapping with Drones";"49";"Training Videos";"49"
"lpolandmi@goodreads.com#mailto:lpolandmi@goodreads.com#";"Lexington";"20/06/2021";"3";"Understanding 3D Printing";"42.99";"Training Videos";"128.97"
"nbritonax@miibeian.gov.cn#mailto:nbritonax@miibeian.gov.cn#";"San Jose";"20/07/2020";"2";"Panda Robot Blueprint";"7.99";"Blueprints";"15.98"
"eclemenzih0@rediff.com#mailto:eclemenzih0@rediff.com#";"Great Neck";"20/07/2020";"3";"Robotic Essentials";"34.99";"Training Videos";"104.97"
"jhamblington1j@omniture.com#mailto:jhamblington1j@omniture.com#";"Macon";"20/07/2020";"3";"DA-SA702 Drone";"399";"Drones";"1197"
"btullisjs@digg.com#mailto:btullisjs@digg.com#";"Houston";"20/07/2020";"4";"Drone Building Essentials";"13.99";"eBooks";"55.96"
"thonig4c@google.ru#mailto:thonig4c@google.ru#";"Maple Plain";"20/07/2020";"4";"Drone Video Techniques";"37.99";"Training Videos";"151.96"
"iskurme4@jiathis.com#mailto:iskurme4@jiathis.com#";"Lakeland";"20/07/2021";"4";"Virtual Reality Basics";"29.99";"Training Videos";"119.96"
"ahallowellf1@bluehost.com#mailto:ahallowellf1@bluehost.com#";"Sacramento";"20/07/2021";"3";"Panda Robot Blueprint";"7.99";"Blueprints";"23.97"
"azimmermanns3x@feedburner.com#mailto:azimmermanns3x@feedburner.com#";"Gilbert";"20/07/2021";"5";"Cloud Computing";"29.99";"Training Videos";"149.95"
"agenders72@virginia.edu#mailto:agenders72@virginia.edu#";"Silver Spring";"20/07/2021";"4";"BYOD-500";"167";"Drone Kits";"668"
"tschultzeq@thetimes.co.uk#mailto:tschultzeq@thetimes.co.uk#";"Fort Wayne";"20/08/2020";"4";"MICR-23K Robot";"899";"Robots";"3596"
"abarszczewski6m@github.io#mailto:abarszczewski6m@github.io#";"Hartford";"20/08/2020";"4";"RTF Drones";"16.99";"eBooks";"67.96"
"jbrayshayq3@flavors.me#mailto:jbrayshayq3@flavors.me#";"Lubbock";"20/08/2021";"3";"Understanding 3D Printing";"42.99";"Training Videos";"128.97"
"gmasic8k@whitehouse.gov#mailto:gmasic8k@whitehouse.gov#";"Greeley";"20/08/2021";"4";"MICR-23K Robot";"899";"Robots";"3596"
"lblunkettmo@phpbb.com#mailto:lblunkettmo@phpbb.com#";"Miami";"20/08/2021";"2";"Robotic Essentials";"34.99";"Training Videos";"69.98"
"adunsire1q@feedburner.com#mailto:adunsire1q@feedburner.com#";"Jacksonville";"20/08/2021";"4";"Mapping with Drones";"49";"Training Videos";"196"
"twarlock1x@geocities.com#mailto:twarlock1x@geocities.com#";"Youngstown";"20/09/2020";"5";"Industrial 3D Printing";"49";"Training Videos";"245"
"htrask5m@oaic.gov.au#mailto:htrask5m@oaic.gov.au#";"Phoenix";"20/09/2021";"4";"Understanding Automation";"44.95";"Training Videos";"179.8"
"abrogang8@bandcamp.com#mailto:abrogang8@bandcamp.com#";"Corpus Christi";"20/09/2021";"4";"RTF Drones";"16.99";"eBooks";"67.96"
"bescale84@ow.ly#mailto:bescale84@ow.ly#";"Los Angeles";"20/09/2021";"4";"Industrial 3D Printing";"49";"Training Videos";"196"
"byerbymh@oakley.com#mailto:byerbymh@oakley.com#";"Louisville";"20/10/2020";"6";"RLK-9920 Robot";"699";"Robots";"4194"
"cellesgw@barnesandnoble.com#mailto:cellesgw@barnesandnoble.com#";"San Diego";"20/10/2020";"3";"Understanding Automation";"44.95";"Training Videos";"134.85000000000002"
"mroderickm4@gizmodo.com#mailto:mroderickm4@gizmodo.com#";"Saint Louis";"20/10/2020";"4";"GPS Drones";"19.99";"eBooks";"79.96"
"mscuphamj1@oaic.gov.au#mailto:mscuphamj1@oaic.gov.au#";"El Paso";"20/10/2021";"2";"Understanding Drone Regulations";"27.5";"Training Videos";"55"
"mwherry9r@csmonitor.com#mailto:mwherry9r@csmonitor.com#";"Tampa";"20/10/2021";"5";"Hexacopter Drone Blueprint";"8.99";"Blueprints";"44.95"
"dhothersall9z@printfriendly.com#mailto:dhothersall9z@printfriendly.com#";"Monroe";"20/10/2021";"1";"BYOD-400S";"129.95";"Drone Kits";"129.95"
"ovivianhs@umich.edu#mailto:ovivianhs@umich.edu#";"Los Angeles";"20/11/2020";"3";"Polar Robots";"23.99";"eBooks";"71.97"
"egrombridge88@upenn.edu#mailto:egrombridge88@upenn.edu#";"Washington";"20/11/2020";"4";"RTF Drones";"16.99";"eBooks";"67.96"
"dconnelly6d@seattletimes.com#mailto:dconnelly6d@seattletimes.com#";"Washington";"20/11/2020";"1";"Bsquare Robot Blueprint";"8.99";"Blueprints";"8.99"
"rcouplandgz@google.com.br#mailto:rcouplandgz@google.com.br#";"San Antonio";"20/11/2020";"3";"Sleepy Eye Blueprint";"11.99";"Blueprints";"35.97"
"sfishepe@163.com#mailto:sfishepe@163.com#";"New York City";"20/11/2020";"3";"Understanding 3D Printing";"42.99";"Training Videos";"128.97"
"acardegs@ft.com#mailto:acardegs@ft.com#";"Baton Rouge";"20/11/2021";"4";"Articulated Robots";"23.99";"eBooks";"95.96"
"tantonopoulos8f@virginia.edu#mailto:tantonopoulos8f@virginia.edu#";"New Orleans";"20/12/2020";"5";"Photograph Drones";"14.99";"eBooks";"74.95"
"lfromonte9@de.vu#mailto:lfromonte9@de.vu#";"Birmingham";"20/12/2020";"5";"RWW-75 Robot";"883";"Robots";"4415"
"dgrimditch8i@prweb.com#mailto:dgrimditch8i@prweb.com#";"Bronx";"20/12/2020";"4";"RQTE-554 Robot";"684";"Robots";"2736"
"ubrigshawkp@mac.com#mailto:ubrigshawkp@mac.com#";"Phoenix";"20/12/2020";"3";"Sleepy Eye Blueprint";"11.99";"Blueprints";"35.97"
"plupsonmq@cafepress.com#mailto:plupsonmq@cafepress.com#";"Sparks";"20/12/2020";"5";"RQTE-554 Robot";"684";"Robots";"3420"
"scessfordr7@geocities.com#mailto:scessfordr7@geocities.com#";"San Antonio";"20/12/2020";"2";"RXW-9807 Robot";"599";"Robots";"1198"
"mellskr@chicagotribune.com#mailto:mellskr@chicagotribune.com#";"San Antonio";"20/12/2020";"3";"BYOD-500";"167";"Drone Kits";"501"
"cscarr9m@yahoo.com#mailto:cscarr9m@yahoo.com#";"Montgomery";"20/12/2021";"3";"RCB-889 Robot";"549";"Robots";"1647"
"jdobbinson6o@globo.com#mailto:jdobbinson6o@globo.com#";"Odessa";"21/01/2020";"2";"Cartesian Robots";"12.99";"eBooks";"25.98"
"aolekhovn7@webmd.com#mailto:aolekhovn7@webmd.com#";"Salt Lake City";"21/01/2020";"2";"Building Your First Robot";"24.95";"eBooks";"49.9"
"bwailes4a@mac.com#mailto:bwailes4a@mac.com#";"Los Angeles";"21/01/2020";"4";"BYOR-1000";"189";"Robot Kits";"756"
"ecowthart1h@scientificamerican.com#mailto:ecowthart1h@scientificamerican.com#";"Saint Paul";"21/01/2020";"4";"RXW-9807 Robot";"599";"Robots";"2396"
"bkleanthousre@ox.ac.uk#mailto:bkleanthousre@ox.ac.uk#";"Evansville";"21/01/2020";"2";"SCARA Robots";"19.5";"eBooks";"39"
"cstedmanby@prnewswire.com#mailto:cstedmanby@prnewswire.com#";"Sacramento";"21/01/2020";"5";"RXW-9807 Robot";"599";"Robots";"2995"
"dmonahanjn@youku.com#mailto:dmonahanjn@youku.com#";"Boston";"21/01/2020";"4";"MICR-564K Drone";"499";"Drones";"1996"
"jhambelton76@moonfruit.com#mailto:jhambelton76@moonfruit.com#";"Riverside";"21/01/2020";"3";"DA-SA702 Drone";"399";"Drones";"1197"
"morodaneac@furl.net#mailto:morodaneac@furl.net#";"San Francisco";"21/01/2020";"5";"DTD-7000 Drone";"450";"Drones";"2250"
"bmourant33@bluehost.com#mailto:bmourant33@bluehost.com#";"Evansville";"21/01/2020";"3";"Single Rotor Drones";"14.99";"eBooks";"44.97"
"vlanfare8n@java.com#mailto:vlanfare8n@java.com#";"Miami";"21/01/2020";"6";"RLK-9920 Robot";"699";"Robots";"4194"
"salbrightonbf@paginegialle.it#mailto:salbrightonbf@paginegialle.it#";"Washington";"21/01/2020";"2";"BYOR-3535";"225";"Robot Kits";"450"
"wfidelerfc@elpais.com#mailto:wfidelerfc@elpais.com#";"Meridian";"21/01/2021";"1";"Open Source Code";"32.95";"Training Videos";"32.95"
"twest8o@friendfeed.com#mailto:twest8o@friendfeed.com#";"Mobile";"21/01/2021";"1";"Spherical Robots";"16.75";"eBooks";"16.75"
"ibelfelteo@dedecms.com#mailto:ibelfelteo@dedecms.com#";"Chicago";"21/01/2021";"6";"AI for Educators";"49.95";"Training Videos";"299.70000000000005"
"aanfussojg@t-online.de#mailto:aanfussojg@t-online.de#";"Cedar Rapids";"21/01/2021";"3";"Delivery Drones";"14.99";"eBooks";"44.97"
"ophythianpt@princeton.edu#mailto:ophythianpt@princeton.edu#";"Evansville";"21/02/2020";"4";"Spherical Robots";"16.75";"eBooks";"67"
"bshavelo8@ihg.com#mailto:bshavelo8@ihg.com#";"Atlanta";"21/02/2020";"5";"RLK-9920 Robot";"699";"Robots";"3495"
"bcumberpatchjr@auda.org.au#mailto:bcumberpatchjr@auda.org.au#";"Birmingham";"21/02/2020";"2";"BYOD-400S";"129.95";"Drone Kits";"259.9"
"ksmeetongu@wordpress.com#mailto:ksmeetongu@wordpress.com#";"Tulsa";"21/02/2020";"3";"Ladybug Robot Blueprint";"12";"Blueprints";"36"
"msuggettgh@php.net#mailto:msuggettgh@php.net#";"Cincinnati";"21/02/2020";"3";"Creature Robot Arms Blueprint";"12";"Blueprints";"36"
"bmackintoshiu@google.co.jp#mailto:bmackintoshiu@google.co.jp#";"Lincoln";"21/02/2020";"5";"BYOD-550";"179";"Drone Kits";"895"
"fphebee40@seattletimes.com#mailto:fphebee40@seattletimes.com#";"South Bend";"21/02/2020";"5";"Understanding Drone Regulations";"27.5";"Training Videos";"137.5"
"hbrisleygo@telegraph.co.uk#mailto:hbrisleygo@telegraph.co.uk#";"Omaha";"21/02/2020";"5";"Panda Robot Blueprint";"7.99";"Blueprints";"39.95"
"ravardff@yelp.com#mailto:ravardff@yelp.com#";"Oakland";"21/02/2020";"3";"Aerial Security";"36.99";"Training Videos";"110.97"
"bcasier9v@tamu.edu#mailto:bcasier9v@tamu.edu#";"Whittier";"21/02/2021";"3";"BYOD-200";"58.95";"Drone Kits";"176.85000000000002"
"aeschalotteih@virginia.edu#mailto:aeschalotteih@virginia.edu#";"El Paso";"21/02/2021";"2";"Understanding Raspberry PI";"28.99";"Training Videos";"57.98"
"bwaiton1@geocities.com#mailto:bwaiton1@geocities.com#";"Madison";"21/02/2021";"5";"Polar Robots";"23.99";"eBooks";"119.94999999999999"
"mmcconnell2h@ning.com#mailto:mmcconnell2h@ning.com#";"Prescott";"21/02/2021";"3";"AI for Educators";"49.95";"Training Videos";"149.85000000000002"
"maynoldrp@typepad.com#mailto:maynoldrp@typepad.com#";"Madison";"21/03/2020";"5";"BYOR-4005";"245";"Robot Kits";"1225"
"mrodmellaf@feedburner.com#mailto:mrodmellaf@feedburner.com#";"Salt Lake City";"21/03/2020";"3";"Industrial 3D Printing";"49";"Training Videos";"147"
"cchadwickg2@craigslist.org#mailto:cchadwickg2@craigslist.org#";"Bakersfield";"21/03/2020";"4";"Sleepy Eye Blueprint";"11.99";"Blueprints";"47.96"
"bdrewclifton8y@nps.gov#mailto:bdrewclifton8y@nps.gov#";"Inglewood";"21/03/2020";"6";"Cat Robot Blueprint";"4.99";"Blueprints";"29.94"
"tokeaveny41@fastcompany.com#mailto:tokeaveny41@fastcompany.com#";"Houston";"21/03/2020";"4";"BYOD-400";"119";"Drone Kits";"476"
"ngoolden9s@slashdot.org#mailto:ngoolden9s@slashdot.org#";"Rochester";"21/03/2021";"4";"BYOD-220";"69";"Drone Kits";"276"
"bvanshinjo@forbes.com#mailto:bvanshinjo@forbes.com#";"Tulsa";"21/04/2020";"3";"Polar Robots";"23.99";"eBooks";"71.97"
"eblackader1@timesonline.co.uk#mailto:eblackader1@timesonline.co.uk#";"Stockton";"21/04/2020";"1";"BYOR-1500";"189";"Robot Kits";"189"
"kmaccawley56@japanpost.jp#mailto:kmaccawley56@japanpost.jp#";"Boise";"21/04/2020";"3";"DA-SA702 Drone";"399";"Drones";"1197"
"lprobeten@youtube.com#mailto:lprobeten@youtube.com#";"Spokane";"21/04/2021";"5";"QuadroCopter Blueprint";"10.99";"Blueprints";"54.95"
"ythies3y@digg.com#mailto:ythies3y@digg.com#";"Las Cruces";"21/04/2021";"2";"BYOD-220";"69";"Drone Kits";"138"
"sbowlerz@diigo.com#mailto:sbowlerz@diigo.com#";"El Paso";"21/05/2020";"2";"RCB-889 Robot";"549";"Robots";"1098"
"rcouplandgz@google.com.br#mailto:rcouplandgz@google.com.br#";"San Antonio";"21/05/2020";"1";"AI for Educators";"49.95";"Training Videos";"49.95"
"akelwaybamber47@pinterest.com#mailto:akelwaybamber47@pinterest.com#";"Boca Raton";"21/05/2020";"4";"Sleepy Eye Blueprint";"11.99";"Blueprints";"47.96"
"ddrysdalej8@ucoz.com#mailto:ddrysdalej8@ucoz.com#";"Greenville";"21/05/2020";"5";"BYOR-1000";"189";"Robot Kits";"945"
"jdowlingn3@google.it#mailto:jdowlingn3@google.it#";"Saginaw";"21/05/2020";"6";"BYOD-300";"89";"Drone Kits";"534"
"nkitteln1@g.co#mailto:nkitteln1@g.co#";"Greensboro";"21/05/2021";"2";"Panda Robot Blueprint";"7.99";"Blueprints";"15.98"
"afaucettat@craigslist.org#mailto:afaucettat@craigslist.org#";"Indianapolis";"21/05/2021";"4";"Drone Building Essentials";"13.99";"eBooks";"55.96"
"fboyling@wordpress.org#mailto:fboyling@wordpress.org#";"Carol Stream";"21/05/2021";"1";"Building Your First Robot";"24.95";"eBooks";"24.95"
"mgales3v@123-reg.co.uk#mailto:mgales3v@123-reg.co.uk#";"Alhambra";"21/06/2020";"5";"DTD-7000 Drone";"450";"Drones";"2250"
"ozoellner21@mediafire.com#mailto:ozoellner21@mediafire.com#";"Peoria";"21/06/2020";"1";"Virtual Reality Basics";"29.99";"Training Videos";"29.99"
"sbolgerfn@epa.gov#mailto:sbolgerfn@epa.gov#";"Sacramento";"21/06/2020";"3";"DA-SA702 Drone";"399";"Drones";"1197"
"fsharplemr@ezinearticles.com#mailto:fsharplemr@ezinearticles.com#";"San Antonio";"21/06/2021";"5";"Sleepy Eye Blueprint";"11.99";"Blueprints";"59.95"
"fpatesel7u@slideshare.net#mailto:fpatesel7u@slideshare.net#";"Huntington";"21/06/2021";"4";"AI for Educators";"49.95";"Training Videos";"199.8"
"kgiacobazzirc@china.com.cn#mailto:kgiacobazzirc@china.com.cn#";"Des Moines";"21/06/2021";"2";"DA-SA702 Drone";"399";"Drones";"798"
"gdeere62@joomla.org#mailto:gdeere62@joomla.org#";"Sarasota";"21/06/2021";"2";"Sleepy Eye Blueprint";"11.99";"Blueprints";"23.98"
"rpearfs@nytimes.com#mailto:rpearfs@nytimes.com#";"Pueblo";"21/06/2021";"5";"RQTE-554 Robot";"684";"Robots";"3420"
"nseagood4@paginegialle.it#mailto:nseagood4@paginegialle.it#";"Houston";"21/06/2021";"5";"BYOD-400";"119";"Drone Kits";"595"
"jnewlinq9@admin.ch#mailto:jnewlinq9@admin.ch#";"Jackson";"21/06/2021";"3";"QuadroCopter Blueprint";"10.99";"Blueprints";"32.97"
"wconybearoy@webnode.com#mailto:wconybearoy@webnode.com#";"Austin";"21/06/2021";"5";"BYOR-1000";"189";"Robot Kits";"945"
"hmelling1b@miibeian.gov.cn#mailto:hmelling1b@miibeian.gov.cn#";"Chicago";"21/06/2021";"2";"RLK-9920 Robot";"699";"Robots";"1398"
"churticoc@infoseek.co.jp#mailto:churticoc@infoseek.co.jp#";"Oklahoma City";"21/06/2021";"6";"DTI-84 Drone";"455";"Drones";"2730"
"gbaldack5e@state.gov#mailto:gbaldack5e@state.gov#";"Tulsa";"21/06/2021";"2";"Drone Video Techniques";"37.99";"Training Videos";"75.98"
"cmayworthi2@time.com#mailto:cmayworthi2@time.com#";"Juneau";"21/07/2020";"3";"Cartesian Robots";"12.99";"eBooks";"38.97"
"lholburybk@furl.net#mailto:lholburybk@furl.net#";"Charlotte";"21/07/2020";"5";"BYOD-100";"54";"Drone Kits";"270"
"mghelerdini45@studiopress.com#mailto:mghelerdini45@studiopress.com#";"Dallas";"21/07/2020";"2";"DX-145 Drone";"250";"Drones";"500"
"jpaug4@wordpress.org#mailto:jpaug4@wordpress.org#";"Miami";"21/07/2020";"4";"BYOR-1500";"189";"Robot Kits";"756"
"jdobby73@ocn.ne.jp#mailto:jdobby73@ocn.ne.jp#";"Sacramento";"21/07/2020";"2";"Delivery Drones";"14.99";"eBooks";"29.98"
"hcuckoooy@nba.com#mailto:hcuckoooy@nba.com#";"Washington";"21/07/2020";"5";"Polar Robots";"23.99";"eBooks";"119.94999999999999"
"sgildeah4@github.io#mailto:sgildeah4@github.io#";"Fort Wayne";"21/07/2020";"4";"BYOD-220";"69";"Drone Kits";"276"
"gmasic8k@whitehouse.gov#mailto:gmasic8k@whitehouse.gov#";"Greeley";"21/07/2020";"4";"AI for Educators";"49.95";"Training Videos";"199.8"
"rprimak91@imageshack.us#mailto:rprimak91@imageshack.us#";"Reno";"21/07/2020";"3";"BYOR-1500";"189";"Robot Kits";"567"
"sinstrell7v@newyorker.com#mailto:sinstrell7v@newyorker.com#";"Norwalk";"21/07/2021";"5";"BYOR-1000";"189";"Robot Kits";"945"
"challiburtonjx@wordpress.com#mailto:challiburtonjx@wordpress.com#";"Anchorage";"21/07/2021";"2";"Delta Robots";"16.99";"eBooks";"33.98"
"doliverpaullmb@vinaora.com#mailto:doliverpaullmb@vinaora.com#";"Fort Wayne";"21/08/2020";"2";"BYOD-100";"54";"Drone Kits";"108"
"ocicullonm@dmoz.org#mailto:ocicullonm@dmoz.org#";"Fort Wayne";"21/08/2020";"3";"DC-304 Drone";"395";"Drones";"1185"
"lprobeten@youtube.com#mailto:lprobeten@youtube.com#";"Spokane";"21/08/2020";"5";"BYOD-550";"179";"Drone Kits";"895"
"lhughes8y@qq.com#mailto:lhughes8y@qq.com#";"Phoenix";"21/08/2020";"1";"RWW-75 Robot";"883";"Robots";"883"
"rlargefw@about.com#mailto:rlargefw@about.com#";"Berkeley";"21/08/2021";"5";"Aerial Security";"36.99";"Training Videos";"184.95000000000002"
"mrollingsonjl@miibeian.gov.cn#mailto:mrollingsonjl@miibeian.gov.cn#";"Tyler";"21/08/2021";"6";"BYOD-200";"58.95";"Drone Kits";"353.70000000000005"
"siacapucci6x@tinypic.com#mailto:siacapucci6x@tinypic.com#";"Albuquerque";"21/08/2021";"1";"Understanding Arduino";"17.5";"eBooks";"17.5"
"eceney3@odnoklassniki.ru#mailto:eceney3@odnoklassniki.ru#";"Maple Plain";"21/08/2021";"3";"QuadroCopter Blueprint";"10.99";"Blueprints";"32.97"
"ggallene1@moonfruit.com#mailto:ggallene1@moonfruit.com#";"San Antonio";"21/09/2020";"2";"Building Your Own Drone";"24.99";"eBooks";"49.98"
"qgorsc3@wikipedia.org#mailto:qgorsc3@wikipedia.org#";"Wilmington";"21/09/2020";"5";"Polar Robots";"23.99";"eBooks";"119.94999999999999"
"dtorrecilla46@indiegogo.com#mailto:dtorrecilla46@indiegogo.com#";"Charlotte";"21/09/2021";"5";"BYOD-100";"54";"Drone Kits";"270"
"hantonetti31@wix.com#mailto:hantonetti31@wix.com#";"Chattanooga";"21/09/2021";"1";"Bsquare Robot Blueprint";"8.99";"Blueprints";"8.99"
"gpirnie8f@uol.com.br#mailto:gpirnie8f@uol.com.br#";"Dayton";"21/09/2021";"3";"All Eyes Drone Blueprint";"9.99";"Blueprints";"29.97"
"rgaleafx@vimeo.com#mailto:rgaleafx@vimeo.com#";"Daytona Beach";"21/09/2021";"5";"Understanding Automation";"44.95";"Training Videos";"224.75"
"lhydermu@microsoft.com#mailto:lhydermu@microsoft.com#";"Oakland";"21/09/2021";"6";"RXW-9807 Robot";"599";"Robots";"3594"
"abrogang8@bandcamp.com#mailto:abrogang8@bandcamp.com#";"Corpus Christi";"21/10/2020";"6";"Aerial Security";"36.99";"Training Videos";"221.94"
"jmiskenoj@symantec.com#mailto:jmiskenoj@symantec.com#";"Pittsburgh";"21/10/2020";"4";"Sleepy Eye Blueprint";"11.99";"Blueprints";"47.96"
"sixer2o@wikipedia.org#mailto:sixer2o@wikipedia.org#";"Mobile";"21/10/2020";"2";"Mapping with Drones";"49";"Training Videos";"98"
"lbossonsd1@github.com#mailto:lbossonsd1@github.com#";"Houston";"21/10/2020";"4";"BYOR-3000";"214";"Robot Kits";"856"
"gmcdirmidmm@yolasite.com#mailto:gmcdirmidmm@yolasite.com#";"Torrance";"21/10/2020";"2";"Cartesian Robots";"12.99";"eBooks";"25.98"
"amacelroy7h@guardian.co.uk#mailto:amacelroy7h@guardian.co.uk#";"Sarasota";"21/10/2020";"3";"RXW-9807 Robot";"599";"Robots";"1797"
"mfryettav@liveinternet.ru#mailto:mfryettav@liveinternet.ru#";"Miami";"21/10/2021";"4";"BYOR-3535";"225";"Robot Kits";"900"
"tmcgarry75@narod.ru#mailto:tmcgarry75@narod.ru#";"Washington";"21/10/2021";"5";"Polar Robots";"23.99";"eBooks";"119.94999999999999"
"gde6n@dmoz.org#mailto:gde6n@dmoz.org#";"Austin";"21/10/2021";"3";"RQTE-554 Robot";"684";"Robots";"2052"
"ccaitlinlc@shutterfly.com#mailto:ccaitlinlc@shutterfly.com#";"Round Rock";"21/10/2021";"4";"Industrial 3D Printing";"49";"Training Videos";"196"
"wortigerp5@noaa.gov#mailto:wortigerp5@noaa.gov#";"Hartford";"21/10/2021";"1";"BYOD-350";"89.95";"Drone Kits";"89.95"
"mfowlston58@mozilla.org#mailto:mfowlston58@mozilla.org#";"Washington";"21/11/2020";"4";"Articulated Robots";"23.99";"eBooks";"95.96"
"afreynne@alexa.com#mailto:afreynne@alexa.com#";"Lakeland";"21/11/2020";"4";"Helicopter Drones";"20.95";"eBooks";"83.8"
"adallowaygg@mozilla.com#mailto:adallowaygg@mozilla.com#";"Green Bay";"21/11/2020";"5";"Spherical Robots";"16.75";"eBooks";"83.75"
"mwhiteleypw@istockphoto.com#mailto:mwhiteleypw@istockphoto.com#";"Trenton";"21/11/2021";"3";"Building Your Own Drone";"24.99";"eBooks";"74.97"
"ekondratowiczqh@photobucket.com#mailto:ekondratowiczqh@photobucket.com#";"El Paso";"21/11/2021";"3";"BYOR-1000";"189";"Robot Kits";"567"
"achesnaymo@ebay.com#mailto:achesnaymo@ebay.com#";"Battle Creek";"21/11/2021";"2";"All Eyes Drone Blueprint";"9.99";"Blueprints";"19.98"
"gokeshottqp@ning.com#mailto:gokeshottqp@ning.com#";"Norfolk";"21/11/2021";"2";"DC-304 Drone";"395";"Drones";"790"
"dweedenburga6@unc.edu#mailto:dweedenburga6@unc.edu#";"Peoria";"21/11/2021";"4";"Sleepy Eye Blueprint";"11.99";"Blueprints";"47.96"
"tpegden7c@google.de#mailto:tpegden7c@google.de#";"Denver";"21/11/2021";"3";"Understanding Artificial Intelligence";"19.5";"eBooks";"58.5"
"cbonifant8g@wisc.edu#mailto:cbonifant8g@wisc.edu#";"El Paso";"21/11/2021";"3";"Cloud Computing";"29.99";"Training Videos";"89.97"
"jsumpner5u@google.com.au#mailto:jsumpner5u@google.com.au#";"Miami";"21/11/2021";"6";"BYOD-220";"69";"Drone Kits";"414"
"wgallager55@drupal.org#mailto:wgallager55@drupal.org#";"Oklahoma City";"21/11/2021";"3";"Delivery Drones";"14.99";"eBooks";"44.97"
"rthaxter82@intel.com#mailto:rthaxter82@intel.com#";"Lees Summit";"21/12/2020";"2";"DTI-84 Drone";"455";"Drones";"910"
"jbrannanq9@ustream.tv#mailto:jbrannanq9@ustream.tv#";"Dayton";"21/12/2020";"2";"BYOR-3535";"225";"Robot Kits";"450"
"iweddeburn4p@ocn.ne.jp#mailto:iweddeburn4p@ocn.ne.jp#";"Harrisburg";"21/12/2020";"2";"Understanding 3D Printing";"42.99";"Training Videos";"85.98"
"kpieterg1@hibu.com#mailto:kpieterg1@hibu.com#";"Young America";"21/12/2020";"4";"SCARA Robots";"19.5";"eBooks";"78"
"ldangerfield5h@geocities.com#mailto:ldangerfield5h@geocities.com#";"Wilmington";"21/12/2021";"2";"Articulated Robots";"23.99";"eBooks";"47.98"
"eemanuelli28@cafepress.com#mailto:eemanuelli28@cafepress.com#";"Tampa";"21/12/2021";"2";"SCARA Robots";"19.5";"eBooks";"39"
"ddabinettba@ameblo.jp#mailto:ddabinettba@ameblo.jp#";"Indianapolis";"21/12/2021";"3";"BYOD-500";"167";"Drone Kits";"501"
"acastelijnca@google.fr#mailto:acastelijnca@google.fr#";"Richmond";"21/12/2021";"2";"DX-145 Drone";"250";"Drones";"500"
"lmciverr0@linkedin.com#mailto:lmciverr0@linkedin.com#";"Lehigh Acres";"22/01/2020";"3";"DX-145 Drone";"250";"Drones";"750"
"bsimperl7@amazon.co.uk#mailto:bsimperl7@amazon.co.uk#";"Bronx";"22/01/2020";"5";"BYOD-200";"58.95";"Drone Kits";"294.75"
"twiddicombem5@ucoz.ru#mailto:twiddicombem5@ucoz.ru#";"Fort Lauderdale";"22/01/2020";"1";"DC-304 Drone";"395";"Drones";"395"
"avolkernk@pen.io#mailto:avolkernk@pen.io#";"Idaho Falls";"22/01/2020";"3";"Understanding Artificial Intelligence";"19.5";"eBooks";"58.5"
"morodaneac@furl.net#mailto:morodaneac@furl.net#";"San Francisco";"22/01/2020";"4";"DTI-84 Drone";"455";"Drones";"1820"
"cstaigrp@wordpress.org#mailto:cstaigrp@wordpress.org#";"Manchester";"22/01/2021";"4";"Drone Building Essentials";"13.99";"eBooks";"55.96"
"kmacteaguec4@uiuc.edu#mailto:kmacteaguec4@uiuc.edu#";"Houston";"22/01/2021";"3";"Mapping with Drones";"49";"Training Videos";"147"
"fmartinil2@ucoz.ru#mailto:fmartinil2@ucoz.ru#";"Chicago";"22/01/2021";"4";"BYOD-400";"119";"Drone Kits";"476"
"cmcgrathn8@aol.com#mailto:cmcgrathn8@aol.com#";"Baton Rouge";"22/01/2021";"6";"Understanding Artificial Intelligence";"19.5";"eBooks";"117"
"driccardinijb@eventbrite.com#mailto:driccardinijb@eventbrite.com#";"Decatur";"22/01/2021";"3";"Multi Rotor Drones";"24.95";"eBooks";"74.85"
"gdykes98@prlog.org#mailto:gdykes98@prlog.org#";"Portsmouth";"22/01/2021";"5";"Articulated Robots";"23.99";"eBooks";"119.94999999999999"
"samblerrf@dagondesign.com#mailto:samblerrf@dagondesign.com#";"Pittsburgh";"22/01/2021";"2";"RQTE-554 Robot";"684";"Robots";"1368"
"ncordayee@boston.com#mailto:ncordayee@boston.com#";"Philadelphia";"22/01/2021";"4";"DC-304 Drone";"395";"Drones";"1580"
"bgraceg3@nih.gov#mailto:bgraceg3@nih.gov#";"Grand Junction";"22/02/2020";"4";"Hexacopter Drone Blueprint";"8.99";"Blueprints";"35.96"
"churticoc@infoseek.co.jp#mailto:churticoc@infoseek.co.jp#";"Oklahoma City";"22/02/2021";"3";"Building Your Own Drone";"24.99";"eBooks";"74.97"
"akingaby78@deviantart.com#mailto:akingaby78@deviantart.com#";"West Palm Beach";"22/02/2021";"3";"Delivery Drones";"14.99";"eBooks";"44.97"
"nduplain50@stanford.edu#mailto:nduplain50@stanford.edu#";"Corpus Christi";"22/02/2021";"1";"Spherical Robots";"16.75";"eBooks";"16.75"
"tpulferql@wsj.com#mailto:tpulferql@wsj.com#";"New Orleans";"22/02/2021";"4";"Understanding Artificial Intelligence";"19.5";"eBooks";"78"
"challiburtonjx@wordpress.com#mailto:challiburtonjx@wordpress.com#";"Anchorage";"22/02/2021";"2";"Fixed Wing Drones";"15.5";"eBooks";"31"
"ssteuhlmeyer35@vimeo.com#mailto:ssteuhlmeyer35@vimeo.com#";"Albuquerque";"22/02/2021";"3";"MICR-23K Robot";"899";"Robots";"2697"
"arelfro@dion.ne.jp#mailto:arelfro@dion.ne.jp#";"Pittsburgh";"22/02/2021";"2";"BYOD-220";"69";"Drone Kits";"138"
"eweedeneb@google.ca#mailto:eweedeneb@google.ca#";"Erie";"22/03/2020";"4";"Understanding 3D Printing";"42.99";"Training Videos";"171.96"
"lstubbinsmv@livejournal.com#mailto:lstubbinsmv@livejournal.com#";"Chattanooga";"22/03/2020";"5";"BYOR-1500";"189";"Robot Kits";"945"
"ehynardgc@slashdot.org#mailto:ehynardgc@slashdot.org#";"Hamilton";"22/03/2020";"5";"Helicopter Drones";"20.95";"eBooks";"104.75"
"yodalyoa@bing.com#mailto:yodalyoa@bing.com#";"Trenton";"22/03/2020";"1";"Sleepy Eye Blueprint";"11.99";"Blueprints";"11.99"
"ofedoronkonk@salon.com#mailto:ofedoronkonk@salon.com#";"Sunnyvale";"22/03/2020";"4";"Bsquare Robot Blueprint";"8.99";"Blueprints";"35.96"
"achristolqa@networksolutions.com#mailto:achristolqa@networksolutions.com#";"Charleston";"22/03/2020";"4";"BYOD-400S";"129.95";"Drone Kits";"519.8"
"cpriestnalli5@japanpost.jp#mailto:cpriestnalli5@japanpost.jp#";"Denton";"22/03/2021";"4";"BYOD-400";"119";"Drone Kits";"476"
"arudingerbh@nps.gov#mailto:arudingerbh@nps.gov#";"Odessa";"22/03/2021";"3";"DTI-84 Drone";"455";"Drones";"1365"
"rcokayneh6@sciencedaily.com#mailto:rcokayneh6@sciencedaily.com#";"Saint Paul";"22/03/2021";"4";"All Eyes Drone Blueprint";"9.99";"Blueprints";"39.96"
"rvernon5i@dion.ne.jp#mailto:rvernon5i@dion.ne.jp#";"Minneapolis";"22/03/2021";"2";"BYOR-1000";"189";"Robot Kits";"378"
"ucrosier1e@go.com#mailto:ucrosier1e@go.com#";"Los Angeles";"22/03/2021";"4";"DX-145 Drone";"250";"Drones";"1000"
"mbodessondq@admin.ch#mailto:mbodessondq@admin.ch#";"Rochester";"22/04/2020";"3";"Building Your First Robot";"24.95";"eBooks";"74.85"
"bcawsbyol@economist.com#mailto:bcawsbyol@economist.com#";"Washington";"22/04/2020";"2";"BYOR-3535";"225";"Robot Kits";"450"
"epondei9@1688.com#mailto:epondei9@1688.com#";"Port Washington";"22/04/2020";"2";"DTD-7000 Drone";"450";"Drones";"900"
"gmackerethm9@wordpress.com#mailto:gmackerethm9@wordpress.com#";"Cedar Rapids";"22/04/2021";"5";"BYOR-4005";"245";"Robot Kits";"1225"
"hsparkebr@odnoklassniki.ru#mailto:hsparkebr@odnoklassniki.ru#";"Augusta";"22/04/2021";"3";"DC-304 Drone";"395";"Drones";"1185"
"echicchelliko@surveymonkey.com#mailto:echicchelliko@surveymonkey.com#";"Winston Salem";"22/04/2021";"2";"Panda Robot Blueprint";"7.99";"Blueprints";"15.98"
"sklausenr8@github.com#mailto:sklausenr8@github.com#";"Oklahoma City";"22/04/2021";"4";"DC-304 Drone";"395";"Drones";"1580"
"jascroftef3@google.pl#mailto:jascroftef3@google.pl#";"Pasadena";"22/04/2021";"6";"Polar Robots";"23.99";"eBooks";"143.94"
"bwaiton1@geocities.com#mailto:bwaiton1@geocities.com#";"Madison";"22/04/2021";"3";"Cloud Computing";"29.99";"Training Videos";"89.97"
"rkunischfi@dion.ne.jp#mailto:rkunischfi@dion.ne.jp#";"San Francisco";"22/04/2021";"2";"Ladybug Robot Blueprint";"12";"Blueprints";"24"
"rmccandless5r@ameblo.jp#mailto:rmccandless5r@ameblo.jp#";"El Paso";"22/05/2020";"1";"Understanding Artificial Intelligence";"19.5";"eBooks";"19.5"
"klemasneyga@cpanel.net#mailto:klemasneyga@cpanel.net#";"Charleston";"22/05/2020";"3";"Cartesian Robots";"12.99";"eBooks";"38.97"
"dchoudhury7a@yale.edu#mailto:dchoudhury7a@yale.edu#";"Seattle";"22/05/2020";"4";"Hexacopter Drone Blueprint";"8.99";"Blueprints";"35.96"
"adallowaygg@mozilla.com#mailto:adallowaygg@mozilla.com#";"Green Bay";"22/05/2020";"2";"Drone Video Techniques";"37.99";"Training Videos";"75.98"
"cburgynqf@jugem.jp#mailto:cburgynqf@jugem.jp#";"New York City";"22/05/2021";"5";"Building Your Own Drone";"24.99";"eBooks";"124.94999999999999"
"aaveyl7@disqus.com#mailto:aaveyl7@disqus.com#";"Pittsburgh";"22/05/2021";"2";"DC-304 Drone";"395";"Drones";"790"
"mtomashovqz@youku.com#mailto:mtomashovqz@youku.com#";"Seattle";"22/05/2021";"2";"DX-145 Drone";"250";"Drones";"500"
"dsyradh0@phoca.cz#mailto:dsyradh0@phoca.cz#";"Seattle";"22/05/2021";"2";"DTD-7000 Drone";"450";"Drones";"900"
"cschultca@economist.com#mailto:cschultca@economist.com#";"Cincinnati";"22/06/2020";"4";"BYOD-300";"89";"Drone Kits";"356"
"ccorderkv@bluehost.com#mailto:ccorderkv@bluehost.com#";"Farmington";"22/06/2020";"6";"BYOR-3535";"225";"Robot Kits";"1350"
"nfoaleda@nasa.gov#mailto:nfoaleda@nasa.gov#";"Englewood";"22/06/2020";"4";"RQTE-554 Robot";"684";"Robots";"2736"
"pmcterlaghct@joomla.org#mailto:pmcterlaghct@joomla.org#";"Fresno";"22/06/2020";"2";"DTD-7000 Drone";"450";"Drones";"900"
"rrings8c@ovh.net#mailto:rrings8c@ovh.net#";"Rockford";"22/06/2020";"5";"BYOD-100";"54";"Drone Kits";"270"
"gmackilpatrickrf@utexas.edu#mailto:gmackilpatrickrf@utexas.edu#";"College Station";"22/06/2020";"1";"Single Rotor Drones";"14.99";"eBooks";"14.99"
"tstockings94@opera.com#mailto:tstockings94@opera.com#";"Flint";"22/06/2021";"4";"Ladybug Robot Blueprint";"12";"Blueprints";"48"
"psherrottp2@e-recht24.de#mailto:psherrottp2@e-recht24.de#";"Newark";"22/06/2021";"5";"RXW-9807 Robot";"599";"Robots";"2995"
"mbrabenderar@wikipedia.org#mailto:mbrabenderar@wikipedia.org#";"Miami";"22/06/2021";"1";"Bsquare Robot Blueprint";"8.99";"Blueprints";"8.99"
"rhutchin7y@springer.com#mailto:rhutchin7y@springer.com#";"Washington";"22/06/2021";"4";"Photograph Drones";"14.99";"eBooks";"59.96"
"fcaseroes@cnet.com#mailto:fcaseroes@cnet.com#";"Peoria";"22/06/2021";"2";"BYOD-220";"69";"Drone Kits";"138"
"bsambeck4f@wisc.edu#mailto:bsambeck4f@wisc.edu#";"San Antonio";"22/06/2021";"4";"Building Your Own Drone";"24.99";"eBooks";"99.96"
"jwoodiercp@netlog.com#mailto:jwoodiercp@netlog.com#";"Saint Petersburg";"22/06/2021";"1";"BYOR-1000";"189";"Robot Kits";"189"
"nduplain50@stanford.edu#mailto:nduplain50@stanford.edu#";"Corpus Christi";"22/07/2020";"3";"DTD-7000 Drone";"450";"Drones";"1350"
"fmussarede6@bbc.co.uk#mailto:fmussarede6@bbc.co.uk#";"Pompano Beach";"22/07/2020";"4";"DTD-7000 Drone";"450";"Drones";"1800"
"kclericoatesko@engadget.com#mailto:kclericoatesko@engadget.com#";"Youngstown";"22/07/2020";"4";"DA-SA702 Drone";"399";"Drones";"1596"
"mcolbornlx@java.com#mailto:mcolbornlx@java.com#";"Canton";"22/07/2020";"1";"Drone Video Techniques";"37.99";"Training Videos";"37.99"
"ajentzschl1@de.vu#mailto:ajentzschl1@de.vu#";"Fullerton";"22/07/2020";"4";"BYOR-4005";"245";"Robot Kits";"980"
"kbrewittgf@mac.com#mailto:kbrewittgf@mac.com#";"Flint";"22/07/2020";"5";"Open Source Code";"32.95";"Training Videos";"164.75"
"bmackintoshiu@google.co.jp#mailto:bmackintoshiu@google.co.jp#";"Lincoln";"22/07/2020";"3";"Building Your Own Drone";"24.99";"eBooks";"74.97"
"kwinfindale8t@sciencedaily.com#mailto:kwinfindale8t@sciencedaily.com#";"Houston";"22/07/2020";"6";"BYOR-3535";"225";"Robot Kits";"1350"
"jmcilvorayv@nydailynews.com#mailto:jmcilvorayv@nydailynews.com#";"Long Beach";"22/07/2021";"4";"Understanding Artificial Intelligence";"19.5";"eBooks";"78"
"cbassqc@cdbaby.com#mailto:cbassqc@cdbaby.com#";"Greeley";"22/07/2021";"1";"Building Your Own Drone";"24.99";"eBooks";"24.99"
"clanneyiu@imdb.com#mailto:clanneyiu@imdb.com#";"Canton";"22/07/2021";"3";"Helicopter Drones";"20.95";"eBooks";"62.849999999999994"
"dnockb7@ycombinator.com#mailto:dnockb7@ycombinator.com#";"Austin";"22/07/2021";"3";"Mapping with Drones";"49";"Training Videos";"147"
"achesnaymo@ebay.com#mailto:achesnaymo@ebay.com#";"Battle Creek";"22/08/2020";"4";"BYOD-500";"167";"Drone Kits";"668"
"hwinyardc4@i2i.jp#mailto:hwinyardc4@i2i.jp#";"Saginaw";"22/08/2020";"5";"DA-SA702 Drone";"399";"Drones";"1995"
"wmizzenjm@go.com#mailto:wmizzenjm@go.com#";"Youngstown";"22/08/2020";"3";"Delta Robots";"16.99";"eBooks";"50.97"
"afullagarpv@tamu.edu#mailto:afullagarpv@tamu.edu#";"Schaumburg";"22/08/2020";"2";"Single Rotor Drones";"14.99";"eBooks";"29.98"
"hfaulconerbv@msu.edu#mailto:hfaulconerbv@msu.edu#";"Galveston";"22/08/2020";"4";"Polar Robots";"23.99";"eBooks";"95.96"
"rarthars3e@mysql.com#mailto:rarthars3e@mysql.com#";"Humble";"22/08/2020";"5";"Ladybug Robot Blueprint";"12";"Blueprints";"60"
"tcharette2c@google.com.br#mailto:tcharette2c@google.com.br#";"Akron";"22/08/2020";"5";"Single Rotor Drones";"14.99";"eBooks";"74.95"
"mroderickm4@gizmodo.com#mailto:mroderickm4@gizmodo.com#";"Saint Louis";"22/08/2021";"4";"BYOR-1500";"189";"Robot Kits";"756"
"rivicdb@indiatimes.com#mailto:rivicdb@indiatimes.com#";"Little Rock";"22/08/2021";"2";"Helicopter Drones";"20.95";"eBooks";"41.9"
"bmegaineyhk@blogtalkradio.com#mailto:bmegaineyhk@blogtalkradio.com#";"Boston";"22/08/2021";"2";"Panda Robot Blueprint";"7.99";"Blueprints";"15.98"
"tenochkr@odnoklassniki.ru#mailto:tenochkr@odnoklassniki.ru#";"Erie";"22/08/2021";"4";"RLK-9920 Robot";"699";"Robots";"2796"
"vcanwell9n@buzzfeed.com#mailto:vcanwell9n@buzzfeed.com#";"Houston";"22/08/2021";"1";"Building Your First Robot";"24.95";"eBooks";"24.95"
"loreillyk9@noaa.gov#mailto:loreillyk9@noaa.gov#";"Winter Haven";"22/08/2021";"4";"RCB-889 Robot";"549";"Robots";"2196"
"cchadwickg2@craigslist.org#mailto:cchadwickg2@craigslist.org#";"Bakersfield";"22/09/2020";"6";"RWW-75 Robot";"883";"Robots";"5298"
"utourrylr@delicious.com#mailto:utourrylr@delicious.com#";"Waco";"22/09/2020";"6";"BYOD-200";"58.95";"Drone Kits";"353.70000000000005"
"pwallmanam@booking.com#mailto:pwallmanam@booking.com#";"Stamford";"22/09/2020";"5";"Sleepy Eye Blueprint";"11.99";"Blueprints";"59.95"
"rmarchandhj@google.ru#mailto:rmarchandhj@google.ru#";"Greeley";"22/09/2020";"4";"BYOR-3000";"214";"Robot Kits";"856"
"kcoen29@loc.gov#mailto:kcoen29@loc.gov#";"Savannah";"22/09/2020";"2";"Cloud Computing";"29.99";"Training Videos";"59.98"
"gfarranbs@hugedomains.com#mailto:gfarranbs@hugedomains.com#";"Boise";"22/09/2020";"5";"Aerial Security";"36.99";"Training Videos";"184.95000000000002"
"bwhitemanpf@dailymail.co.uk#mailto:bwhitemanpf@dailymail.co.uk#";"Spokane";"22/09/2020";"5";"Fixed Wing Drones";"15.5";"eBooks";"77.5"
"npitsalloa@baidu.com#mailto:npitsalloa@baidu.com#";"Port Saint Lucie";"22/09/2020";"3";"Sleepy Eye Blueprint";"11.99";"Blueprints";"35.97"
"ctunnyhk@nytimes.com#mailto:ctunnyhk@nytimes.com#";"Washington";"22/09/2020";"6";"Creature Robot Arms Blueprint";"12";"Blueprints";"72"
"lbleakley86@w3.org#mailto:lbleakley86@w3.org#";"Saint Louis";"22/09/2020";"4";"BYOD-200";"58.95";"Drone Kits";"235.8"
"aroddy41@dmoz.org#mailto:aroddy41@dmoz.org#";"Grand Rapids";"22/09/2021";"6";"Delivery Drones";"14.99";"eBooks";"89.94"
"dhennemanna3@oakley.com#mailto:dhennemanna3@oakley.com#";"Mount Vernon";"22/10/2020";"5";"RXW-9807 Robot";"599";"Robots";"2995"
"btuttlekz@webeden.co.uk#mailto:btuttlekz@webeden.co.uk#";"Washington";"22/10/2020";"3";"Understanding Arduino";"17.5";"eBooks";"52.5"
"rfulkph@ucsd.edu#mailto:rfulkph@ucsd.edu#";"Pocatello";"22/10/2020";"6";"Drone Building Essentials";"13.99";"eBooks";"83.94"
"roxtibyp1@slashdot.org#mailto:roxtibyp1@slashdot.org#";"Des Moines";"22/10/2020";"4";"Building Your Own Drone";"24.99";"eBooks";"99.96"
"kbanbridgehl@shop-pro.jp#mailto:kbanbridgehl@shop-pro.jp#";"Miami";"22/10/2020";"4";"Understanding Drone Regulations";"27.5";"Training Videos";"110"
"tannies8u@ucsd.edu#mailto:tannies8u@ucsd.edu#";"Beaverton";"22/10/2020";"1";"DTE-QFN20 Drone";"250";"Drones";"250"
"ggallaherhm@newsvine.com#mailto:ggallaherhm@newsvine.com#";"Phoenix";"22/10/2021";"4";"BYOR-3535";"225";"Robot Kits";"900"
"vcanwell9n@buzzfeed.com#mailto:vcanwell9n@buzzfeed.com#";"Houston";"22/10/2021";"3";"Polar Robots";"23.99";"eBooks";"71.97"
"gcraiseo1@weibo.com#mailto:gcraiseo1@weibo.com#";"Rochester";"22/10/2021";"5";"BYOD-500";"167";"Drone Kits";"835"
"hmcettigenn@alibaba.com#mailto:hmcettigenn@alibaba.com#";"Portsmouth";"22/11/2020";"5";"Robotic Essentials";"34.99";"Training Videos";"174.95000000000002"
"smahomet19@thetimes.co.uk#mailto:smahomet19@thetimes.co.uk#";"Louisville";"22/11/2020";"5";"RXW-9807 Robot";"599";"Robots";"2995"
"amaylin91@cbc.ca#mailto:amaylin91@cbc.ca#";"Oklahoma City";"22/11/2021";"5";"Delivery Drones";"14.99";"eBooks";"74.95"
"niglesia2s@stumbleupon.com#mailto:niglesia2s@stumbleupon.com#";"Prescott";"22/11/2021";"4";"BYOD-300";"89";"Drone Kits";"356"
"jbrannanq9@ustream.tv#mailto:jbrannanq9@ustream.tv#";"Dayton";"22/11/2021";"2";"Ladybug Robot Blueprint";"12";"Blueprints";"24"
"marrigoly@hibu.com#mailto:marrigoly@hibu.com#";"Sacramento";"22/11/2021";"4";"BYOR-3000";"214";"Robot Kits";"856"
"tgrzelczakgc@feedburner.com#mailto:tgrzelczakgc@feedburner.com#";"Cumming";"22/11/2021";"4";"Sleepy Eye Blueprint";"11.99";"Blueprints";"47.96"
"mbaumer2@wikispaces.com#mailto:mbaumer2@wikispaces.com#";"Denver";"22/11/2021";"4";"SCARA Robots";"19.5";"eBooks";"78"
"mwalkdenf8@springer.com#mailto:mwalkdenf8@springer.com#";"Austin";"22/12/2020";"3";"Understanding Automation";"44.95";"Training Videos";"134.85000000000002"
"shinged4@ustream.tv#mailto:shinged4@ustream.tv#";"Spokane";"22/12/2020";"2";"DX-145 Drone";"250";"Drones";"500"
"btullisjs@digg.com#mailto:btullisjs@digg.com#";"Houston";"22/12/2020";"5";"Creature Robot Arms Blueprint";"12";"Blueprints";"60"
"dhopewellk4@creativecommons.org#mailto:dhopewellk4@creativecommons.org#";"Washington";"22/12/2020";"6";"MICR-23K Robot";"899";"Robots";"5394"
"kquartermainmp@ning.com#mailto:kquartermainmp@ning.com#";"Portsmouth";"22/12/2020";"3";"Virtual Reality Basics";"29.99";"Training Videos";"89.97"
"iweddeburn4p@ocn.ne.jp#mailto:iweddeburn4p@ocn.ne.jp#";"Harrisburg";"22/12/2020";"3";"Understanding Automation";"44.95";"Training Videos";"134.85000000000002"
"byitzhokgq@blogtalkradio.com#mailto:byitzhokgq@blogtalkradio.com#";"Albany";"22/12/2020";"3";"BYOR-1500";"189";"Robot Kits";"567"
"rfrangello6l@icio.us#mailto:rfrangello6l@icio.us#";"Cleveland";"22/12/2020";"3";"Panda Robot Blueprint";"7.99";"Blueprints";"23.97"
"fcaseroes@cnet.com#mailto:fcaseroes@cnet.com#";"Peoria";"22/12/2020";"3";"Hexacopter Drone Blueprint";"8.99";"Blueprints";"26.97"
"gmander4i@biblegateway.com#mailto:gmander4i@biblegateway.com#";"Boise";"22/12/2021";"4";"DA-SA702 Drone";"399";"Drones";"1596"
"tlynock21@wunderground.com#mailto:tlynock21@wunderground.com#";"Chico";"22/12/2021";"6";"Aerial Security";"36.99";"Training Videos";"221.94"
"lstelljes40@storify.com#mailto:lstelljes40@storify.com#";"Stockton";"22/12/2021";"5";"BYOR-1500";"189";"Robot Kits";"945"
"tburnhamsqb@deviantart.com#mailto:tburnhamsqb@deviantart.com#";"Baltimore";"22/12/2021";"5";"Ladybug Robot Blueprint";"12";"Blueprints";"60"
"bgellion2q@un.org#mailto:bgellion2q@un.org#";"Saint Petersburg";"23/01/2020";"5";"Virtual Reality Basics";"29.99";"Training Videos";"149.95"
"clillea8@nasa.gov#mailto:clillea8@nasa.gov#";"Birmingham";"23/01/2020";"2";"Cloud Computing";"29.99";"Training Videos";"59.98"
"jratterb4@google.co.jp#mailto:jratterb4@google.co.jp#";"Jersey City";"23/01/2020";"3";"Multi Rotor Drones";"24.95";"eBooks";"74.85"
"klornsenhy@is.gd#mailto:klornsenhy@is.gd#";"Cincinnati";"23/01/2020";"5";"RCB-889 Robot";"549";"Robots";"2745"
"dgiffard72@aboutads.info#mailto:dgiffard72@aboutads.info#";"Syracuse";"23/01/2020";"5";"DTI-84 Drone";"455";"Drones";"2275"
"akleinmintz3g@xing.com#mailto:akleinmintz3g@xing.com#";"Littleton";"23/01/2020";"4";"Cartesian Robots";"12.99";"eBooks";"51.96"
"hwissbypy@msu.edu#mailto:hwissbypy@msu.edu#";"Chicago";"23/01/2020";"4";"All Eyes Drone Blueprint";"9.99";"Blueprints";"39.96"
"dmirrleesnf@sitemeter.com#mailto:dmirrleesnf@sitemeter.com#";"Newark";"23/01/2020";"4";"BYOD-400";"119";"Drone Kits";"476"
"selliottqs@google.cn#mailto:selliottqs@google.cn#";"Wichita";"23/01/2020";"4";"Understanding Drone Regulations";"27.5";"Training Videos";"110"
"dtondeura@baidu.com#mailto:dtondeura@baidu.com#";"Longview";"23/01/2021";"4";"BYOR-2640S";"189";"Robot Kits";"756"
"beppkl@latimes.com#mailto:beppkl@latimes.com#";"Bradenton";"23/01/2021";"4";"RXW-9807 Robot";"599";"Robots";"2396"
"rcullip99@hubpages.com#mailto:rcullip99@hubpages.com#";"Seattle";"23/01/2021";"3";"Polar Robots";"23.99";"eBooks";"71.97"
"ajumonetoi@cbc.ca#mailto:ajumonetoi@cbc.ca#";"Atlanta";"23/01/2021";"4";"Building Your Own Drone";"24.99";"eBooks";"99.96"
"llockner5c@pen.io#mailto:llockner5c@pen.io#";"Lubbock";"23/02/2021";"4";"BYOR-2640S";"189";"Robot Kits";"756"
"mwoodfordez@microsoft.com#mailto:mwoodfordez@microsoft.com#";"Brooklyn";"23/02/2021";"4";"Polar Robots";"23.99";"eBooks";"95.96"
"lchippindallnr@reddit.com#mailto:lchippindallnr@reddit.com#";"Washington";"23/02/2021";"5";"Industrial 3D Printing";"49";"Training Videos";"245"
"rwinship67@ox.ac.uk#mailto:rwinship67@ox.ac.uk#";"Sioux Falls";"23/02/2021";"1";"DC-304 Drone";"395";"Drones";"395"
"gclaitonrh@marketwatch.com#mailto:gclaitonrh@marketwatch.com#";"Portland";"23/02/2021";"4";"Ladybug Robot Blueprint";"12";"Blueprints";"48"
"acorneyoq@uol.com.br#mailto:acorneyoq@uol.com.br#";"Columbia";"23/03/2020";"5";"Robotic Essentials";"34.99";"Training Videos";"174.95000000000002"
"rlafayette8x@prlog.org#mailto:rlafayette8x@prlog.org#";"Burbank";"23/03/2020";"4";"Building Your Own Drone";"24.99";"eBooks";"99.96"
"mtollidayo5@plala.or.jp#mailto:mtollidayo5@plala.or.jp#";"Peoria";"23/03/2020";"4";"Delta Robots";"16.99";"eBooks";"67.96"
"abentleyx@miitbeian.gov.cn#mailto:abentleyx@miitbeian.gov.cn#";"Atlanta";"23/03/2020";"1";"Ladybug Robot Blueprint";"12";"Blueprints";"12"
"sixer2o@wikipedia.org#mailto:sixer2o@wikipedia.org#";"Mobile";"23/03/2021";"4";"MICR-564K Drone";"499";"Drones";"1996"
"gwitherdon8m@ow.ly#mailto:gwitherdon8m@ow.ly#";"Norman";"23/04/2020";"5";"Open Source Code";"32.95";"Training Videos";"164.75"
"erawlisonnz@umn.edu#mailto:erawlisonnz@umn.edu#";"Philadelphia";"23/04/2020";"2";"MICR-23K Robot";"899";"Robots";"1798"
"pmcterlaghct@joomla.org#mailto:pmcterlaghct@joomla.org#";"Fresno";"23/04/2020";"1";"Building Your Own Drone";"24.99";"eBooks";"24.99"
"msuggettgh@php.net#mailto:msuggettgh@php.net#";"Cincinnati";"23/04/2021";"1";"BYOD-500";"167";"Drone Kits";"167"
"asweetnamd0@europa.eu#mailto:asweetnamd0@europa.eu#";"Nashville";"23/04/2021";"4";"BYOR-3000";"214";"Robot Kits";"856"
"crankingmd@shareasale.com#mailto:crankingmd@shareasale.com#";"Sacramento";"23/04/2021";"3";"Building Your Own Drone";"24.99";"eBooks";"74.97"
"asheeresf7@reference.com#mailto:asheeresf7@reference.com#";"Saint Louis";"23/04/2021";"4";"BYOD-400";"119";"Drone Kits";"476"
"ngeffcock6z@weebly.com#mailto:ngeffcock6z@weebly.com#";"Nashville";"23/04/2021";"5";"Sleepy Eye Blueprint";"11.99";"Blueprints";"59.95"
"escorrere3@cyberchimps.com#mailto:escorrere3@cyberchimps.com#";"Galveston";"23/04/2021";"3";"Multi Rotor Drones";"24.95";"eBooks";"74.85"
"dmckinlayoj@google.fr#mailto:dmckinlayoj@google.fr#";"Los Angeles";"23/04/2021";"4";"Building Your First Robot";"24.95";"eBooks";"99.8"
"kclericoatesko@engadget.com#mailto:kclericoatesko@engadget.com#";"Youngstown";"23/05/2020";"2";"DTE-QFN20 Drone";"250";"Drones";"500"
"nle6u@nbcnews.com#mailto:nle6u@nbcnews.com#";"Wichita";"23/05/2020";"2";"Understanding Automation";"44.95";"Training Videos";"89.9"
"rslocombbh@wunderground.com#mailto:rslocombbh@wunderground.com#";"Appleton";"23/05/2020";"1";"AI for Educators";"49.95";"Training Videos";"49.95"
"nmotherwello3@istockphoto.com#mailto:nmotherwello3@istockphoto.com#";"Atlanta";"23/05/2020";"4";"DX-145 Drone";"250";"Drones";"1000"
"owalshjg@si.edu#mailto:owalshjg@si.edu#";"Chicago";"23/05/2020";"3";"Robotic Essentials";"34.99";"Training Videos";"104.97"
"pemlochdy@ebay.co.uk#mailto:pemlochdy@ebay.co.uk#";"Provo";"23/05/2021";"4";"BYOR-1000";"189";"Robot Kits";"756"
"lbinniebq@aol.com#mailto:lbinniebq@aol.com#";"Hollywood";"23/05/2021";"4";"Photograph Drones";"14.99";"eBooks";"59.96"
"lstaines64@issuu.com#mailto:lstaines64@issuu.com#";"Modesto";"23/05/2021";"2";"BYOR-3000";"214";"Robot Kits";"428"
"dshelborne6w@4shared.com#mailto:dshelborne6w@4shared.com#";"Columbus";"23/05/2021";"5";"BYOD-550";"179";"Drone Kits";"895"
"fspencleyqv@posterous.com#mailto:fspencleyqv@posterous.com#";"Chicago";"23/05/2021";"3";"BYOR-1000";"189";"Robot Kits";"567"
"mjohannessonki@walmart.com#mailto:mjohannessonki@walmart.com#";"Waco";"23/05/2021";"4";"Multi Rotor Drones";"24.95";"eBooks";"99.8"
"rmacdavitt6z@dagondesign.com#mailto:rmacdavitt6z@dagondesign.com#";"Atlanta";"23/06/2020";"2";"Cloud Computing";"29.99";"Training Videos";"59.98"
"hfruin38@constantcontact.com#mailto:hfruin38@constantcontact.com#";"Winston Salem";"23/06/2020";"3";"Cat Robot Blueprint";"4.99";"Blueprints";"14.97"
"rwadelinga6@bloglovin.com#mailto:rwadelinga6@bloglovin.com#";"Lexington";"23/06/2020";"3";"BYOD-500";"167";"Drone Kits";"501"
"dhaddy14@slate.com#mailto:dhaddy14@slate.com#";"Wichita";"23/06/2020";"3";"Delta Robots";"16.99";"eBooks";"50.97"
"idyson1n@toplist.cz#mailto:idyson1n@toplist.cz#";"Plano";"23/06/2020";"4";"BYOR-1500";"189";"Robot Kits";"756"
"lrichter8e@163.com#mailto:lrichter8e@163.com#";"New Orleans";"23/06/2021";"4";"Delivery Drones";"14.99";"eBooks";"59.96"
"lstubbinsmv@livejournal.com#mailto:lstubbinsmv@livejournal.com#";"Chattanooga";"23/06/2021";"3";"Cat Robot Blueprint";"4.99";"Blueprints";"14.97"
"mgales3v@123-reg.co.uk#mailto:mgales3v@123-reg.co.uk#";"Alhambra";"23/06/2021";"5";"Building Your Own Drone";"24.99";"eBooks";"124.94999999999999"
"umacaindreisle@4shared.com#mailto:umacaindreisle@4shared.com#";"Salt Lake City";"23/06/2021";"3";"BYOD-500";"167";"Drone Kits";"501"
"kagarnv@mit.edu#mailto:kagarnv@mit.edu#";"Atlanta";"23/07/2020";"4";"Understanding Automation";"44.95";"Training Videos";"179.8"
"sgummehu@theguardian.com#mailto:sgummehu@theguardian.com#";"Oklahoma City";"23/07/2020";"5";"RXW-9807 Robot";"599";"Robots";"2995"
"ameinerrd@google.ca#mailto:ameinerrd@google.ca#";"San Francisco";"23/07/2020";"2";"BYOD-100";"54";"Drone Kits";"108"
"hcarfflq@freewebs.com#mailto:hcarfflq@freewebs.com#";"Columbus";"23/07/2020";"2";"Multi Rotor Drones";"24.95";"eBooks";"49.9"
"cdavydochkini3@google.com.hk#mailto:cdavydochkini3@google.com.hk#";"Washington";"23/07/2021";"5";"AI for Educators";"49.95";"Training Videos";"249.75"
"dedgeler3u@booking.com#mailto:dedgeler3u@booking.com#";"Columbus";"23/07/2021";"2";"BYOR-3000";"214";"Robot Kits";"428"
"tzimmerman1p@multiply.com#mailto:tzimmerman1p@multiply.com#";"Lexington";"23/08/2020";"2";"Understanding Arduino";"17.5";"eBooks";"35"
"eblakedenhc@imgur.com#mailto:eblakedenhc@imgur.com#";"Louisville";"23/08/2021";"5";"Delta Robots";"16.99";"eBooks";"84.94999999999999"
"cvanderson92@vimeo.com#mailto:cvanderson92@vimeo.com#";"Chicago";"23/08/2021";"2";"DA-SA702 Drone";"399";"Drones";"798"
"gbeadel7t@spiegel.de#mailto:gbeadel7t@spiegel.de#";"Durham";"23/08/2021";"4";"RWW-75 Robot";"883";"Robots";"3532"
"doluby5t@pcworld.com#mailto:doluby5t@pcworld.com#";"Fairbanks";"23/08/2021";"3";"Understanding Automation";"44.95";"Training Videos";"134.85000000000002"
"rseson7w@google.it#mailto:rseson7w@google.it#";"Saint Louis";"23/09/2020";"1";"BYOR-3535";"225";"Robot Kits";"225"
"hcubberley92@devhub.com#mailto:hcubberley92@devhub.com#";"Aurora";"23/09/2020";"5";"Hexacopter Drone Blueprint";"8.99";"Blueprints";"44.95"
"acolenuttmu@ask.com#mailto:acolenuttmu@ask.com#";"Cleveland";"23/09/2020";"3";"Cloud Computing";"29.99";"Training Videos";"89.97"
"pchristerhx@businesswire.com#mailto:pchristerhx@businesswire.com#";"Abilene";"23/09/2020";"3";"RLK-9920 Robot";"699";"Robots";"2097"
"gpolinidr@howstuffworks.com#mailto:gpolinidr@howstuffworks.com#";"Garland";"23/09/2020";"3";"Ladybug Robot Blueprint";"12";"Blueprints";"36"
"eheatherington2p@google.fr#mailto:eheatherington2p@google.fr#";"Omaha";"23/09/2020";"2";"Understanding Raspberry PI";"28.99";"Training Videos";"57.98"
"babrahamssonje@twitter.com#mailto:babrahamssonje@twitter.com#";"Philadelphia";"23/09/2021";"2";"DTI-84 Drone";"455";"Drones";"910"
"lhacardic@drupal.org#mailto:lhacardic@drupal.org#";"Knoxville";"23/10/2020";"5";"Virtual Reality Basics";"29.99";"Training Videos";"149.95"
"mfuentes12@icq.com#mailto:mfuentes12@icq.com#";"Denver";"23/10/2020";"3";"Open Source Code";"32.95";"Training Videos";"98.85000000000001"
"salbrightonbf@paginegialle.it#mailto:salbrightonbf@paginegialle.it#";"Washington";"23/10/2020";"3";"Panda Robot Blueprint";"7.99";"Blueprints";"23.97"
"kkempstone3t@harvard.edu#mailto:kkempstone3t@harvard.edu#";"Denver";"23/10/2020";"4";"Cartesian Robots";"12.99";"eBooks";"51.96"
"babrahamssonje@twitter.com#mailto:babrahamssonje@twitter.com#";"Philadelphia";"23/10/2020";"5";"BYOR-1500";"189";"Robot Kits";"945"
"avangoh7@tamu.edu#mailto:avangoh7@tamu.edu#";"Detroit";"23/10/2020";"3";"Robotic Essentials";"34.99";"Training Videos";"104.97"
"pmonini37@jigsy.com#mailto:pmonini37@jigsy.com#";"Newport News";"23/10/2020";"6";"Aerial Security";"36.99";"Training Videos";"221.94"
"aheeleyna@amazon.co.jp#mailto:aheeleyna@amazon.co.jp#";"Springfield";"23/10/2021";"2";"QuadroCopter Blueprint";"10.99";"Blueprints";"21.98"
"jjohnesgq@ca.gov#mailto:jjohnesgq@ca.gov#";"North Port";"23/10/2021";"3";"BYOD-220";"69";"Drone Kits";"207"
"jhallidayrl@dell.com#mailto:jhallidayrl@dell.com#";"Portland";"23/10/2021";"3";"BYOR-3535";"225";"Robot Kits";"675"
"lolfordpj@marriott.com#mailto:lolfordpj@marriott.com#";"North Las Vegas";"23/10/2021";"5";"Polar Robots";"23.99";"eBooks";"119.94999999999999"
"jhectores@geocities.com#mailto:jhectores@geocities.com#";"Fresno";"23/11/2020";"6";"DTI-84 Drone";"455";"Drones";"2730"
"hbrisleygo@telegraph.co.uk#mailto:hbrisleygo@telegraph.co.uk#";"Omaha";"23/11/2020";"5";"BYOD-350";"89.95";"Drone Kits";"449.75"
"rdevil97@feedburner.com#mailto:rdevil97@feedburner.com#";"San Jose";"23/11/2020";"3";"Understanding Artificial Intelligence";"19.5";"eBooks";"58.5"
"hmacelroyi7@biglobe.ne.jp#mailto:hmacelroyi7@biglobe.ne.jp#";"San Diego";"23/11/2020";"4";"Virtual Reality Basics";"29.99";"Training Videos";"119.96"
"gmackie99@clickbank.net#mailto:gmackie99@clickbank.net#";"Palmdale";"23/11/2020";"5";"BYOR-3000";"214";"Robot Kits";"1070"
"gmaclennan8b@businesswire.com#mailto:gmaclennan8b@businesswire.com#";"Wilkes Barre";"23/11/2020";"3";"Building Your Own Drone";"24.99";"eBooks";"74.97"
"kgeane37@google.com.hk#mailto:kgeane37@google.com.hk#";"Aurora";"23/11/2020";"2";"Cat Robot Blueprint";"4.99";"Blueprints";"9.98"
"msmullenh1@yelp.com#mailto:msmullenh1@yelp.com#";"Charlotte";"23/11/2020";"2";"BYOR-4005";"245";"Robot Kits";"490"
"rrichlyg8@infoseek.co.jp#mailto:rrichlyg8@infoseek.co.jp#";"Miami Beach";"23/11/2021";"5";"MICR-23K Robot";"899";"Robots";"4495"
"giacivelli1a@skyrock.com#mailto:giacivelli1a@skyrock.com#";"New York City";"23/11/2021";"5";"QuadroCopter Blueprint";"10.99";"Blueprints";"54.95"
"hhassank@yelp.com#mailto:hhassank@yelp.com#";"New Castle";"23/11/2021";"2";"MICR-23K Robot";"899";"Robots";"1798"
"mpaddell6k@jiathis.com#mailto:mpaddell6k@jiathis.com#";"Hartford";"23/11/2021";"3";"RCB-889 Robot";"549";"Robots";"1647"
"hslarkpp@csmonitor.com#mailto:hslarkpp@csmonitor.com#";"Detroit";"23/12/2020";"4";"Drone Building Essentials";"13.99";"eBooks";"55.96"
"wgrievesonoo@latimes.com#mailto:wgrievesonoo@latimes.com#";"Torrance";"23/12/2020";"3";"BYOR-3000";"214";"Robot Kits";"642"
"mpaddell6k@jiathis.com#mailto:mpaddell6k@jiathis.com#";"Hartford";"23/12/2020";"4";"Industrial 3D Printing";"49";"Training Videos";"196"
"eblackader1@timesonline.co.uk#mailto:eblackader1@timesonline.co.uk#";"Stockton";"23/12/2020";"5";"Articulated Robots";"23.99";"eBooks";"119.94999999999999"
"ggoodere4q@scientificamerican.com#mailto:ggoodere4q@scientificamerican.com#";"Omaha";"23/12/2020";"3";"Building Your Own Drone";"24.99";"eBooks";"74.97"
"tantonopoulos8f@virginia.edu#mailto:tantonopoulos8f@virginia.edu#";"New Orleans";"23/12/2021";"6";"RTF Drones";"16.99";"eBooks";"101.94"
"gchaloneri6@about.com#mailto:gchaloneri6@about.com#";"Houston";"23/12/2021";"4";"All Eyes Drone Blueprint";"9.99";"Blueprints";"39.96"
"lbinniebq@aol.com#mailto:lbinniebq@aol.com#";"Hollywood";"23/12/2021";"2";"RLK-9920 Robot";"699";"Robots";"1398"
"wwaisona4@people.com.cn#mailto:wwaisona4@people.com.cn#";"Cedar Rapids";"24/01/2020";"3";"Robotic Essentials";"34.99";"Training Videos";"104.97"
"faron9f@51.la#mailto:faron9f@51.la#";"San Diego";"24/01/2020";"2";"DTI-84 Drone";"455";"Drones";"910"
"dvassarph@ovh.net#mailto:dvassarph@ovh.net#";"Carson City";"24/01/2020";"3";"DA-SA702 Drone";"399";"Drones";"1197"
"dwestmacottdo@hubpages.com#mailto:dwestmacottdo@hubpages.com#";"Anchorage";"24/01/2020";"3";"QuadroCopter Blueprint";"10.99";"Blueprints";"32.97"
"mpatey9h@barnesandnoble.com#mailto:mpatey9h@barnesandnoble.com#";"San Jose";"24/01/2020";"4";"Cartesian Robots";"12.99";"eBooks";"51.96"
"bsoalqt@chicagotribune.com#mailto:bsoalqt@chicagotribune.com#";"Durham";"24/01/2020";"5";"BYOR-4005";"245";"Robot Kits";"1225"
"sstronghillc1@google.nl#mailto:sstronghillc1@google.nl#";"Midland";"24/01/2020";"1";"Drone Video Techniques";"37.99";"Training Videos";"37.99"
"kicomci@digg.com#mailto:kicomci@digg.com#";"Troy";"24/01/2021";"2";"Understanding Automation";"44.95";"Training Videos";"89.9"
"gbourhill5q@woothemes.com#mailto:gbourhill5q@woothemes.com#";"Houston";"24/01/2021";"2";"BYOD-300";"89";"Drone Kits";"178"
"ttoulchi5@ehow.com#mailto:ttoulchi5@ehow.com#";"Phoenix";"24/01/2021";"4";"DTI-84 Drone";"455";"Drones";"1820"
"tgumby1g@arstechnica.com#mailto:tgumby1g@arstechnica.com#";"Trenton";"24/01/2021";"4";"Understanding Raspberry PI";"28.99";"Training Videos";"115.96"
"jsethkt@google.fr#mailto:jsethkt@google.fr#";"Houston";"24/01/2021";"2";"DA-SA702 Drone";"399";"Drones";"798"
"bgirardipx@istockphoto.com#mailto:bgirardipx@istockphoto.com#";"Bonita Springs";"24/01/2021";"5";"DC-304 Drone";"395";"Drones";"1975"
"ddodgeob@google.cn#mailto:ddodgeob@google.cn#";"San Diego";"24/01/2021";"4";"BYOR-3000";"214";"Robot Kits";"856"
"clowth9p@rakuten.co.jp#mailto:clowth9p@rakuten.co.jp#";"New York City";"24/01/2021";"5";"BYOD-200";"58.95";"Drone Kits";"294.75"
"lditchnu@mlb.com#mailto:lditchnu@mlb.com#";"Beaufort";"24/01/2021";"4";"Photograph Drones";"14.99";"eBooks";"59.96"
"nlyptradels@usa.gov#mailto:nlyptradels@usa.gov#";"El Paso";"24/01/2021";"2";"BYOD-300";"89";"Drone Kits";"178"
"hdonaldsonnr@myspace.com#mailto:hdonaldsonnr@myspace.com#";"Springfield";"24/01/2021";"5";"Articulated Robots";"23.99";"eBooks";"119.94999999999999"
"lmccomiskiemr@whitehouse.gov#mailto:lmccomiskiemr@whitehouse.gov#";"Honolulu";"24/01/2021";"2";"Panda Robot Blueprint";"7.99";"Blueprints";"15.98"
"acoggeshalloz@ucoz.com#mailto:acoggeshalloz@ucoz.com#";"Tallahassee";"24/01/2021";"2";"Cloud Computing";"29.99";"Training Videos";"59.98"
"dmcgrortyin@google.co.jp#mailto:dmcgrortyin@google.co.jp#";"Elizabeth";"24/02/2020";"2";"Sleepy Eye Blueprint";"11.99";"Blueprints";"23.98"
"slocockig@wp.com#mailto:slocockig@wp.com#";"New Haven";"24/02/2020";"2";"Spherical Robots";"16.75";"eBooks";"33.5"
"ogottschalk7l@vinaora.com#mailto:ogottschalk7l@vinaora.com#";"Minneapolis";"24/02/2020";"1";"BYOD-100";"54";"Drone Kits";"54"
"awalshj1@dell.com#mailto:awalshj1@dell.com#";"Mesa";"24/02/2020";"2";"BYOR-2640S";"189";"Robot Kits";"378"
"bdej@posterous.com#mailto:bdej@posterous.com#";"Corpus Christi";"24/02/2020";"2";"Robotic Essentials";"34.99";"Training Videos";"69.98"
"mscutter9h@skype.com#mailto:mscutter9h@skype.com#";"Newark";"24/02/2020";"1";"Understanding Raspberry PI";"28.99";"Training Videos";"28.99"
"cbourthoumieuxlg@behance.net#mailto:cbourthoumieuxlg@behance.net#";"Montgomery";"24/02/2021";"3";"RLK-9920 Robot";"699";"Robots";"2097"
"tzannimc@umich.edu#mailto:tzannimc@umich.edu#";"Duluth";"24/02/2021";"4";"Cat Robot Blueprint";"4.99";"Blueprints";"19.96"
"ahardym@soup.io#mailto:ahardym@soup.io#";"Madison";"24/02/2021";"5";"DA-SA702 Drone";"399";"Drones";"1995"
"avolkernk@pen.io#mailto:avolkernk@pen.io#";"Idaho Falls";"24/02/2021";"1";"Cat Robot Blueprint";"4.99";"Blueprints";"4.99"
"bbluesnx@scientificamerican.com#mailto:bbluesnx@scientificamerican.com#";"Springfield";"24/02/2021";"3";"Spherical Robots";"16.75";"eBooks";"50.25"
"bcrowthergs@cyberchimps.com#mailto:bcrowthergs@cyberchimps.com#";"Tucson";"24/03/2020";"3";"Building Your Own Drone";"24.99";"eBooks";"74.97"
"akleinmintz3g@xing.com#mailto:akleinmintz3g@xing.com#";"Littleton";"24/03/2020";"4";"Open Source Code";"32.95";"Training Videos";"131.8"
"wahmedqj@shareasale.com#mailto:wahmedqj@shareasale.com#";"Charleston";"24/03/2020";"5";"BYOD-400";"119";"Drone Kits";"595"
"dmeaddowcrofth8@meetup.com#mailto:dmeaddowcrofth8@meetup.com#";"Tacoma";"24/03/2020";"4";"Robotic Essentials";"34.99";"Training Videos";"139.96"
"dgeockleoi@wiley.com#mailto:dgeockleoi@wiley.com#";"Ocala";"24/03/2020";"3";"BYOD-200";"58.95";"Drone Kits";"176.85000000000002"
"tferronibc@instagram.com#mailto:tferronibc@instagram.com#";"Des Moines";"24/03/2021";"3";"RQTE-554 Robot";"684";"Robots";"2052"
"mlinckeh5@ebay.com#mailto:mlinckeh5@ebay.com#";"Trenton";"24/03/2021";"3";"Aerial Security";"36.99";"Training Videos";"110.97"
"iasman6a@wired.com#mailto:iasman6a@wired.com#";"Pasadena";"24/03/2021";"2";"BYOD-400";"119";"Drone Kits";"238"
"bfernehougho9@com.com#mailto:bfernehougho9@com.com#";"Ocala";"24/03/2021";"4";"BYOD-400S";"129.95";"Drone Kits";"519.8"
"bhardsqu@example.com#mailto:bhardsqu@example.com#";"Beaumont";"24/03/2021";"4";"RXW-9807 Robot";"599";"Robots";"2396"
"gmorriss2p@google.co.jp#mailto:gmorriss2p@google.co.jp#";"San Francisco";"24/03/2021";"4";"Open Source Code";"32.95";"Training Videos";"131.8"
"tmandersonr7@patch.com#mailto:tmandersonr7@patch.com#";"San Antonio";"24/03/2021";"3";"BYOD-220";"69";"Drone Kits";"207"
"jcrofts3q@howstuffworks.com#mailto:jcrofts3q@howstuffworks.com#";"Young America";"24/04/2020";"5";"DA-SA702 Drone";"399";"Drones";"1995"
"rduryd9@scientificamerican.com#mailto:rduryd9@scientificamerican.com#";"Milwaukee";"24/04/2020";"3";"Ladybug Robot Blueprint";"12";"Blueprints";"36"
"bbluesnx@scientificamerican.com#mailto:bbluesnx@scientificamerican.com#";"Springfield";"24/04/2020";"5";"RTF Drones";"16.99";"eBooks";"84.94999999999999"
"ymayzebv@gravatar.com#mailto:ymayzebv@gravatar.com#";"Ridgely";"24/04/2020";"5";"Panda Robot Blueprint";"7.99";"Blueprints";"39.95"
"posbanmn@redcross.org#mailto:posbanmn@redcross.org#";"Sacramento";"24/04/2021";"4";"Understanding 3D Printing";"42.99";"Training Videos";"171.96"
"telloy3x@bigcartel.com#mailto:telloy3x@bigcartel.com#";"Anchorage";"24/04/2021";"5";"DA-SA702 Drone";"399";"Drones";"1995"
"bhaycock23@kickstarter.com#mailto:bhaycock23@kickstarter.com#";"Sioux Falls";"24/04/2021";"5";"Aerial Security";"36.99";"Training Videos";"184.95000000000002"
"aglendzafn@istockphoto.com#mailto:aglendzafn@istockphoto.com#";"San Diego";"24/04/2021";"2";"AI for Educators";"49.95";"Training Videos";"99.9"
"bzorer79@squarespace.com#mailto:bzorer79@squarespace.com#";"Lexington";"24/04/2021";"4";"Robotic Essentials";"34.99";"Training Videos";"139.96"
"sbubbhd@springer.com#mailto:sbubbhd@springer.com#";"San Francisco";"24/04/2021";"4";"Open Source Code";"32.95";"Training Videos";"131.8"
"afuncheondo@kickstarter.com#mailto:afuncheondo@kickstarter.com#";"Denver";"24/04/2021";"2";"Building Your First Robot";"24.95";"eBooks";"49.9"
"fmussarede6@bbc.co.uk#mailto:fmussarede6@bbc.co.uk#";"Pompano Beach";"24/05/2020";"4";"Fixed Wing Drones";"15.5";"eBooks";"62"
"dhachette2u@gizmodo.com#mailto:dhachette2u@gizmodo.com#";"Madison";"24/05/2020";"2";"BYOD-350";"89.95";"Drone Kits";"179.9"
"ogottschalk7l@vinaora.com#mailto:ogottschalk7l@vinaora.com#";"Minneapolis";"24/05/2020";"1";"BYOD-400S";"129.95";"Drone Kits";"129.95"
"psherrottp2@e-recht24.de#mailto:psherrottp2@e-recht24.de#";"Newark";"24/05/2020";"2";"RCB-889 Robot";"549";"Robots";"1098"
"dlinzee4e@wsj.com#mailto:dlinzee4e@wsj.com#";"Tacoma";"24/05/2020";"4";"BYOD-350";"89.95";"Drone Kits";"359.8"
"malenichicovqh@ftc.gov#mailto:malenichicovqh@ftc.gov#";"Lake Worth";"24/05/2021";"5";"SCARA Robots";"19.5";"eBooks";"97.5"
"ldomengetg1@nsw.gov.au#mailto:ldomengetg1@nsw.gov.au#";"Scottsdale";"24/05/2021";"3";"BYOD-100";"54";"Drone Kits";"162"
"goshavlan1c@ow.ly#mailto:goshavlan1c@ow.ly#";"Saint Louis";"24/06/2020";"3";"Ladybug Robot Blueprint";"12";"Blueprints";"36"
"jdenney7x@meetup.com#mailto:jdenney7x@meetup.com#";"Oklahoma City";"24/06/2020";"1";"Industrial 3D Printing";"49";"Training Videos";"49"
"kbolf8z@smh.com.au#mailto:kbolf8z@smh.com.au#";"Phoenix";"24/06/2021";"6";"BYOD-500";"167";"Drone Kits";"1002"
"shannafordmz@sciencedirect.com#mailto:shannafordmz@sciencedirect.com#";"Fort Wayne";"24/06/2021";"3";"MICR-564K Drone";"499";"Drones";"1497"
"rfulkph@ucsd.edu#mailto:rfulkph@ucsd.edu#";"Pocatello";"24/06/2021";"3";"Building Your First Robot";"24.95";"eBooks";"74.85"
"kduesbury8d@tripod.com#mailto:kduesbury8d@tripod.com#";"Seattle";"24/06/2021";"3";"Understanding 3D Printing";"42.99";"Training Videos";"128.97"
"cbentinckn0@indiegogo.com#mailto:cbentinckn0@indiegogo.com#";"New York City";"24/06/2021";"2";"Ladybug Robot Blueprint";"12";"Blueprints";"24"
"bdej@posterous.com#mailto:bdej@posterous.com#";"Corpus Christi";"24/06/2021";"3";"DX-145 Drone";"250";"Drones";"750"
"manningh7@nifty.com#mailto:manningh7@nifty.com#";"Wilmington";"24/07/2020";"2";"Fixed Wing Drones";"15.5";"eBooks";"31"
"hgrayling8b@flavors.me#mailto:hgrayling8b@flavors.me#";"Los Angeles";"24/07/2020";"3";"Robotic Essentials";"34.99";"Training Videos";"104.97"
"sgehringer4s@auda.org.au#mailto:sgehringer4s@auda.org.au#";"Boston";"24/07/2021";"5";"Understanding Arduino";"17.5";"eBooks";"87.5"
"mvezeyk7@newsvine.com#mailto:mvezeyk7@newsvine.com#";"North Little Rock";"24/07/2021";"2";"Understanding Artificial Intelligence";"19.5";"eBooks";"39"
"bmourant33@bluehost.com#mailto:bmourant33@bluehost.com#";"Evansville";"24/07/2021";"4";"BYOR-1000";"189";"Robot Kits";"756"
"bjentgese8@deliciousdays.com#mailto:bjentgese8@deliciousdays.com#";"Buffalo";"24/08/2020";"4";"BYOD-100";"54";"Drone Kits";"216"
"ekennaway61@gnu.org#mailto:ekennaway61@gnu.org#";"Miami";"24/08/2020";"2";"Sleepy Eye Blueprint";"11.99";"Blueprints";"23.98"
"vhawsii@engadget.com#mailto:vhawsii@engadget.com#";"Sacramento";"24/08/2020";"3";"BYOR-2640S";"189";"Robot Kits";"567"
"rjoannet8r@prnewswire.com#mailto:rjoannet8r@prnewswire.com#";"San Antonio";"24/08/2020";"4";"BYOD-350";"89.95";"Drone Kits";"359.8"
"rshielcz@photobucket.com#mailto:rshielcz@photobucket.com#";"Brooklyn";"24/08/2020";"6";"BYOR-1000";"189";"Robot Kits";"1134"
"vde2y@sciencedirect.com#mailto:vde2y@sciencedirect.com#";"Philadelphia";"24/08/2020";"4";"BYOD-220";"69";"Drone Kits";"276"
"fcaseroes@cnet.com#mailto:fcaseroes@cnet.com#";"Peoria";"24/08/2020";"4";"BYOD-200";"58.95";"Drone Kits";"235.8"
"ulamboll9z@sciencedirect.com#mailto:ulamboll9z@sciencedirect.com#";"Fresno";"24/08/2020";"3";"RTF Drones";"16.99";"eBooks";"50.97"
"wovanesian7k@wikipedia.org#mailto:wovanesian7k@wikipedia.org#";"Tucson";"24/08/2021";"5";"Panda Robot Blueprint";"7.99";"Blueprints";"39.95"
"mbaumer2@wikispaces.com#mailto:mbaumer2@wikispaces.com#";"Denver";"24/08/2021";"4";"GPS Drones";"19.99";"eBooks";"79.96"
"jbernaertqo@microsoft.com#mailto:jbernaertqo@microsoft.com#";"Toledo";"24/08/2021";"4";"Panda Robot Blueprint";"7.99";"Blueprints";"31.96"
"tfaye3w@newsvine.com#mailto:tfaye3w@newsvine.com#";"Jersey City";"24/08/2021";"6";"BYOD-400";"119";"Drone Kits";"714"
"mtokley66@topsy.com#mailto:mtokley66@topsy.com#";"Baltimore";"24/09/2020";"2";"MICR-23K Robot";"899";"Robots";"1798"
"mmathetj1@cargocollective.com#mailto:mmathetj1@cargocollective.com#";"Charlotte";"24/09/2020";"5";"Single Rotor Drones";"14.99";"eBooks";"74.95"
"sbattellj4@soundcloud.com#mailto:sbattellj4@soundcloud.com#";"San Antonio";"24/09/2020";"2";"Open Source Code";"32.95";"Training Videos";"65.9"
"bfroomq@acquirethisname.com#mailto:bfroomq@acquirethisname.com#";"Salt Lake City";"24/09/2021";"6";"Understanding Automation";"44.95";"Training Videos";"269.70000000000005"
"fwardroperhw@domainmarket.com#mailto:fwardroperhw@domainmarket.com#";"Riverside";"24/09/2021";"5";"RLK-9920 Robot";"699";"Robots";"3495"
"crohfsenoz@umn.edu#mailto:crohfsenoz@umn.edu#";"Lakeland";"24/09/2021";"2";"Panda Robot Blueprint";"7.99";"Blueprints";"15.98"
"dlevermoremw@amazon.de#mailto:dlevermoremw@amazon.de#";"New York City";"24/09/2021";"3";"Cartesian Robots";"12.99";"eBooks";"38.97"
"lphetteplacekt@utexas.edu#mailto:lphetteplacekt@utexas.edu#";"Brockton";"24/09/2021";"2";"BYOR-1500";"189";"Robot Kits";"378"
"hfaulconerbv@msu.edu#mailto:hfaulconerbv@msu.edu#";"Galveston";"24/09/2021";"4";"BYOR-1000";"189";"Robot Kits";"756"
"fsteersiy@hatena.ne.jp#mailto:fsteersiy@hatena.ne.jp#";"Cincinnati";"24/10/2020";"1";"Ladybug Robot Blueprint";"12";"Blueprints";"12"
"sfishepe@163.com#mailto:sfishepe@163.com#";"New York City";"24/10/2020";"2";"AI for Educators";"49.95";"Training Videos";"99.9"
"rfrangello6l@icio.us#mailto:rfrangello6l@icio.us#";"Cleveland";"24/10/2020";"5";"Sleepy Eye Blueprint";"11.99";"Blueprints";"59.95"
"cpoole8a@europa.eu#mailto:cpoole8a@europa.eu#";"Baltimore";"24/10/2020";"1";"BYOR-1000";"189";"Robot Kits";"189"
"fdockreybr@imageshack.us#mailto:fdockreybr@imageshack.us#";"Saint Louis";"24/10/2020";"3";"DA-SA702 Drone";"399";"Drones";"1197"
"yedisongm@comcast.net#mailto:yedisongm@comcast.net#";"Atlanta";"24/10/2021";"5";"QuadroCopter Blueprint";"10.99";"Blueprints";"54.95"
"csowrahah@opera.com#mailto:csowrahah@opera.com#";"Bronx";"24/10/2021";"2";"Mapping with Drones";"49";"Training Videos";"98"
"tprideku@1688.com#mailto:tprideku@1688.com#";"Buffalo";"24/10/2021";"2";"BYOD-350";"89.95";"Drone Kits";"179.9"
"kvasyukovfx@cnn.com#mailto:kvasyukovfx@cnn.com#";"Lafayette";"24/11/2020";"4";"Delta Robots";"16.99";"eBooks";"67.96"
"scamlin6x@chicagotribune.com#mailto:scamlin6x@chicagotribune.com#";"Des Moines";"24/11/2020";"2";"MICR-23K Robot";"899";"Robots";"1798"
"malenichicovqh@ftc.gov#mailto:malenichicovqh@ftc.gov#";"Lake Worth";"24/11/2021";"4";"Understanding Arduino";"17.5";"eBooks";"70"
"ddunsmorehu@deliciousdays.com#mailto:ddunsmorehu@deliciousdays.com#";"Knoxville";"24/11/2021";"6";"Open Source Code";"32.95";"Training Videos";"197.70000000000002"
"hsurgey8h@cbslocal.com#mailto:hsurgey8h@cbslocal.com#";"Saint Louis";"24/11/2021";"3";"Understanding 3D Printing";"42.99";"Training Videos";"128.97"
"wrowlstone4z@google.nl#mailto:wrowlstone4z@google.nl#";"White Plains";"24/11/2021";"3";"Photograph Drones";"14.99";"eBooks";"44.97"
"pkockkj@npr.org#mailto:pkockkj@npr.org#";"Salinas";"24/12/2020";"4";"BYOR-3535";"225";"Robot Kits";"900"
"eharmstone9d@unicef.org#mailto:eharmstone9d@unicef.org#";"College Station";"24/12/2020";"3";"Aerial Security";"36.99";"Training Videos";"110.97"
"lfanninou@tinypic.com#mailto:lfanninou@tinypic.com#";"Fairfax";"24/12/2020";"3";"BYOR-1500";"189";"Robot Kits";"567"
"jrozanski9k@parallels.com#mailto:jrozanski9k@parallels.com#";"Oklahoma City";"24/12/2020";"5";"Delivery Drones";"14.99";"eBooks";"74.95"
"lsuche3z@latimes.com#mailto:lsuche3z@latimes.com#";"Cleveland";"24/12/2020";"3";"Spherical Robots";"16.75";"eBooks";"50.25"
"dotteyf0@scribd.com#mailto:dotteyf0@scribd.com#";"Aiken";"24/12/2020";"6";"GPS Drones";"19.99";"eBooks";"119.94"
"jhambelton76@moonfruit.com#mailto:jhambelton76@moonfruit.com#";"Riverside";"24/12/2021";"3";"BYOR-3000";"214";"Robot Kits";"642"
"ffayermani5@is.gd#mailto:ffayermani5@is.gd#";"Montgomery";"24/12/2021";"3";"BYOR-2640S";"189";"Robot Kits";"567"
"eharmstone9d@unicef.org#mailto:eharmstone9d@unicef.org#";"College Station";"24/12/2021";"3";"BYOD-400S";"129.95";"Drone Kits";"389.84999999999997"
"jramsbothamly@pagesperso-orange.fr#mailto:jramsbothamly@pagesperso-orange.fr#";"Topeka";"25/01/2020";"5";"DX-145 Drone";"250";"Drones";"1250"
"ecasaleql@nhs.uk#mailto:ecasaleql@nhs.uk#";"New Orleans";"25/01/2020";"5";"Ladybug Robot Blueprint";"12";"Blueprints";"60"
"mdeniscc@angelfire.com#mailto:mdeniscc@angelfire.com#";"Montgomery";"25/01/2020";"3";"Mapping with Drones";"49";"Training Videos";"147"
"cchadwickg2@craigslist.org#mailto:cchadwickg2@craigslist.org#";"Bakersfield";"25/01/2020";"4";"Drone Video Techniques";"37.99";"Training Videos";"151.96"
"flowdeaneb7@google.ca#mailto:flowdeaneb7@google.ca#";"Birmingham";"25/01/2021";"1";"Single Rotor Drones";"14.99";"eBooks";"14.99"
"cloinsjc@mail.ru#mailto:cloinsjc@mail.ru#";"Oklahoma City";"25/01/2021";"6";"Fixed Wing Drones";"15.5";"eBooks";"93"
"wurenec@uiuc.edu#mailto:wurenec@uiuc.edu#";"Dayton";"25/01/2021";"2";"BYOD-500";"167";"Drone Kits";"334"
"dhoultek@exblog.jp#mailto:dhoultek@exblog.jp#";"Los Angeles";"25/01/2021";"2";"BYOD-350";"89.95";"Drone Kits";"179.9"
"nhukin15@sourceforge.net#mailto:nhukin15@sourceforge.net#";"Ventura";"25/01/2021";"3";"QuadroCopter Blueprint";"10.99";"Blueprints";"32.97"
"sixer2o@wikipedia.org#mailto:sixer2o@wikipedia.org#";"Mobile";"25/02/2020";"2";"DTE-QFN20 Drone";"250";"Drones";"500"
"thamil87@telegraph.co.uk#mailto:thamil87@telegraph.co.uk#";"Detroit";"25/02/2020";"1";"Spherical Robots";"16.75";"eBooks";"16.75"
"cbunnellma@google.nl#mailto:cbunnellma@google.nl#";"Memphis";"25/02/2020";"3";"Understanding Arduino";"17.5";"eBooks";"52.5"
"hcoultercx@sciencedaily.com#mailto:hcoultercx@sciencedaily.com#";"Inglewood";"25/02/2020";"3";"RCB-889 Robot";"549";"Robots";"1647"
"jponsford2o@booking.com#mailto:jponsford2o@booking.com#";"El Paso";"25/02/2020";"3";"Helicopter Drones";"20.95";"eBooks";"62.849999999999994"
"kbulfordiz@friendfeed.com#mailto:kbulfordiz@friendfeed.com#";"Saint Louis";"25/02/2020";"5";"GPS Drones";"19.99";"eBooks";"99.94999999999999"
"kgarroldqn@blogtalkradio.com#mailto:kgarroldqn@blogtalkradio.com#";"Evansville";"25/02/2020";"3";"BYOR-4005";"245";"Robot Kits";"735"
"gsemered1u@dot.gov#mailto:gsemered1u@dot.gov#";"Washington";"25/02/2020";"1";"Understanding Artificial Intelligence";"19.5";"eBooks";"19.5"
"gbrushneenmt@gnu.org#mailto:gbrushneenmt@gnu.org#";"Peoria";"25/02/2020";"4";"Creature Robot Arms Blueprint";"12";"Blueprints";"48"
"nyersonp5@mlb.com#mailto:nyersonp5@mlb.com#";"Lafayette";"25/02/2020";"3";"Ladybug Robot Blueprint";"12";"Blueprints";"36"
"mpatey9h@barnesandnoble.com#mailto:mpatey9h@barnesandnoble.com#";"San Jose";"25/02/2021";"3";"Understanding 3D Printing";"42.99";"Training Videos";"128.97"
"mellskr@chicagotribune.com#mailto:mellskr@chicagotribune.com#";"San Antonio";"25/02/2021";"4";"Panda Robot Blueprint";"7.99";"Blueprints";"31.96"
"vdilgarno2u@360.cn#mailto:vdilgarno2u@360.cn#";"Atlanta";"25/02/2021";"2";"DTE-QFN20 Drone";"250";"Drones";"500"
"lfreschini59@histats.com#mailto:lfreschini59@histats.com#";"Minneapolis";"25/02/2021";"2";"Drone Video Techniques";"37.99";"Training Videos";"75.98"
"azappeley@intel.com#mailto:azappeley@intel.com#";"Fort Wayne";"25/02/2021";"5";"Ladybug Robot Blueprint";"12";"Blueprints";"60"
"aroadknightmu@hud.gov#mailto:aroadknightmu@hud.gov#";"Saint Louis";"25/02/2021";"5";"Panda Robot Blueprint";"7.99";"Blueprints";"39.95"
"pshellshearmk@photobucket.com#mailto:pshellshearmk@photobucket.com#";"Lafayette";"25/03/2020";"2";"DA-SA702 Drone";"399";"Drones";"798"
"amcgeorgeog@wp.com#mailto:amcgeorgeog@wp.com#";"Joliet";"25/03/2020";"4";"BYOD-200";"58.95";"Drone Kits";"235.8"
"kbrimblecombqg@diigo.com#mailto:kbrimblecombqg@diigo.com#";"Washington";"25/03/2021";"2";"QuadroCopter Blueprint";"10.99";"Blueprints";"21.98"
"rseson7w@google.it#mailto:rseson7w@google.it#";"Saint Louis";"25/03/2021";"3";"RTF Drones";"16.99";"eBooks";"50.97"
"khearsepd@jugem.jp#mailto:khearsepd@jugem.jp#";"Youngstown";"25/03/2021";"5";"DTD-7000 Drone";"450";"Drones";"2250"
"krichmond9g@mozilla.org#mailto:krichmond9g@mozilla.org#";"Fort Smith";"25/03/2021";"3";"QuadroCopter Blueprint";"10.99";"Blueprints";"32.97"
"hantonetti31@wix.com#mailto:hantonetti31@wix.com#";"Chattanooga";"25/03/2021";"5";"Helicopter Drones";"20.95";"eBooks";"104.75"
"jcratkx@unc.edu#mailto:jcratkx@unc.edu#";"Philadelphia";"25/03/2021";"3";"BYOD-220";"69";"Drone Kits";"207"
"pgoatman7m@alibaba.com#mailto:pgoatman7m@alibaba.com#";"El Paso";"25/03/2021";"3";"Understanding Artificial Intelligence";"19.5";"eBooks";"58.5"
"jgell7c@miibeian.gov.cn#mailto:jgell7c@miibeian.gov.cn#";"Sacramento";"25/04/2020";"3";"Cartesian Robots";"12.99";"eBooks";"38.97"
"bfroomq@acquirethisname.com#mailto:bfroomq@acquirethisname.com#";"Salt Lake City";"25/04/2020";"4";"Understanding Raspberry PI";"28.99";"Training Videos";"115.96"
"rcullip99@hubpages.com#mailto:rcullip99@hubpages.com#";"Seattle";"25/04/2020";"4";"All Eyes Drone Blueprint";"9.99";"Blueprints";"39.96"
"bhaycock23@kickstarter.com#mailto:bhaycock23@kickstarter.com#";"Sioux Falls";"25/04/2020";"2";"Bsquare Robot Blueprint";"8.99";"Blueprints";"17.98"
"cklugerlg@sfgate.com#mailto:cklugerlg@sfgate.com#";"San Diego";"25/04/2020";"3";"Delta Robots";"16.99";"eBooks";"50.97"
"nguionk1@artisteer.com#mailto:nguionk1@artisteer.com#";"Sacramento";"25/04/2020";"5";"MICR-23K Robot";"899";"Robots";"4495"
"llespercx@com.com#mailto:llespercx@com.com#";"Des Moines";"25/04/2020";"3";"RXW-9807 Robot";"599";"Robots";"1797"
"cbarochm2@dion.ne.jp#mailto:cbarochm2@dion.ne.jp#";"New York City";"25/04/2021";"4";"Ladybug Robot Blueprint";"12";"Blueprints";"48"
"jwileyh2@wordpress.com#mailto:jwileyh2@wordpress.com#";"Huntington";"25/04/2021";"3";"Ladybug Robot Blueprint";"12";"Blueprints";"36"
"bmackintoshiu@google.co.jp#mailto:bmackintoshiu@google.co.jp#";"Lincoln";"25/04/2021";"3";"Understanding Automation";"44.95";"Training Videos";"134.85000000000002"
"jpharoahdz@goodreads.com#mailto:jpharoahdz@goodreads.com#";"Memphis";"25/04/2021";"5";"Polar Robots";"23.99";"eBooks";"119.94999999999999"
"rcouplandgz@google.com.br#mailto:rcouplandgz@google.com.br#";"San Antonio";"25/05/2020";"1";"BYOD-400S";"129.95";"Drone Kits";"129.95"
"jrosgenpy@marriott.com#mailto:jrosgenpy@marriott.com#";"Philadelphia";"25/05/2020";"4";"RCB-889 Robot";"549";"Robots";"2196"
"mvasiclp@sourceforge.net#mailto:mvasiclp@sourceforge.net#";"Saint Petersburg";"25/05/2020";"5";"Industrial 3D Printing";"49";"Training Videos";"245"
"jdobbinson6o@globo.com#mailto:jdobbinson6o@globo.com#";"Odessa";"25/05/2021";"3";"BYOD-220";"69";"Drone Kits";"207"
"hlemmanbie20@canalblog.com#mailto:hlemmanbie20@canalblog.com#";"Phoenix";"25/05/2021";"2";"Understanding Arduino";"17.5";"eBooks";"35"
"tmandersonr7@patch.com#mailto:tmandersonr7@patch.com#";"San Antonio";"25/05/2021";"2";"DTD-7000 Drone";"450";"Drones";"900"
"wbohlje9@digg.com#mailto:wbohlje9@digg.com#";"Fort Worth";"25/06/2020";"3";"BYOR-3000";"214";"Robot Kits";"642"
"btoothillfo@ezinearticles.com#mailto:btoothillfo@ezinearticles.com#";"Houston";"25/06/2020";"5";"BYOD-500";"167";"Drone Kits";"835"
"pgrigoroni8x@nbcnews.com#mailto:pgrigoroni8x@nbcnews.com#";"Bronx";"25/06/2020";"4";"BYOD-220";"69";"Drone Kits";"276"
"wspark10@mashable.com#mailto:wspark10@mashable.com#";"Reston";"25/06/2020";"4";"MICR-23K Robot";"899";"Robots";"3596"
"ccorderkv@bluehost.com#mailto:ccorderkv@bluehost.com#";"Farmington";"25/06/2020";"5";"BYOD-350";"89.95";"Drone Kits";"449.75"
"yharrisck@google.co.jp#mailto:yharrisck@google.co.jp#";"Louisville";"25/06/2020";"5";"Understanding Arduino";"17.5";"eBooks";"87.5"
"amatusevichex@pagesperso-orange.fr#mailto:amatusevichex@pagesperso-orange.fr#";"Paterson";"25/06/2020";"4";"Bsquare Robot Blueprint";"8.99";"Blueprints";"35.96"
"acussinsax@bloomberg.com#mailto:acussinsax@bloomberg.com#";"Phoenix";"25/06/2021";"1";"MICR-23K Robot";"899";"Robots";"899"
"sforty6@fc2.com#mailto:sforty6@fc2.com#";"Worcester";"25/06/2021";"5";"Photograph Drones";"14.99";"eBooks";"74.95"
"targonttna@indiegogo.com#mailto:targonttna@indiegogo.com#";"Washington";"25/06/2021";"2";"RWW-75 Robot";"883";"Robots";"1766"
"rgilbeyat@clickbank.net#mailto:rgilbeyat@clickbank.net#";"Manassas";"25/07/2020";"5";"Sleepy Eye Blueprint";"11.99";"Blueprints";"59.95"
"ariddeoughjm@ehow.com#mailto:ariddeoughjm@ehow.com#";"Richmond";"25/07/2021";"4";"Understanding Drone Regulations";"27.5";"Training Videos";"110"
"thousecroftfp@taobao.com#mailto:thousecroftfp@taobao.com#";"Cincinnati";"25/07/2021";"3";"Building Your Own Drone";"24.99";"eBooks";"74.97"
"shannafordmz@sciencedirect.com#mailto:shannafordmz@sciencedirect.com#";"Fort Wayne";"25/07/2021";"4";"Understanding Drone Regulations";"27.5";"Training Videos";"110"
"grasmusas@i2i.jp#mailto:grasmusas@i2i.jp#";"Washington";"25/07/2021";"2";"Cloud Computing";"29.99";"Training Videos";"59.98"
"mhasslocherm8@paginegialle.it#mailto:mhasslocherm8@paginegialle.it#";"Fort Lauderdale";"25/07/2021";"3";"DTD-7000 Drone";"450";"Drones";"1350"
"cblowersdn@amazon.de#mailto:cblowersdn@amazon.de#";"Chicago";"25/07/2021";"2";"DC-304 Drone";"395";"Drones";"790"
"bcumberpatchjr@auda.org.au#mailto:bcumberpatchjr@auda.org.au#";"Birmingham";"25/08/2020";"2";"All Eyes Drone Blueprint";"9.99";"Blueprints";"19.98"
"bbluesnx@scientificamerican.com#mailto:bbluesnx@scientificamerican.com#";"Springfield";"25/08/2020";"5";"Cloud Computing";"29.99";"Training Videos";"149.95"
"cmatthiesonhg@oracle.com#mailto:cmatthiesonhg@oracle.com#";"Young America";"25/08/2020";"4";"BYOD-400";"119";"Drone Kits";"476"
"edew@nba.com#mailto:edew@nba.com#";"Honolulu";"25/08/2020";"4";"Panda Robot Blueprint";"7.99";"Blueprints";"31.96"
"bkemet2w@nbcnews.com#mailto:bkemet2w@nbcnews.com#";"Chicago";"25/08/2020";"5";"BYOD-300";"89";"Drone Kits";"445"
"aiveanskk@wired.com#mailto:aiveanskk@wired.com#";"Springfield";"25/08/2021";"3";"GPS Drones";"19.99";"eBooks";"59.97"
"tfaye3w@newsvine.com#mailto:tfaye3w@newsvine.com#";"Jersey City";"25/08/2021";"4";"Delta Robots";"16.99";"eBooks";"67.96"
"owisbeyr9@microsoft.com#mailto:owisbeyr9@microsoft.com#";"Carol Stream";"25/09/2020";"6";"BYOR-3535";"225";"Robot Kits";"1350"
"dhakey77@businessinsider.com#mailto:dhakey77@businessinsider.com#";"Norfolk";"25/09/2020";"1";"RTF Drones";"16.99";"eBooks";"16.99"
"wurenec@uiuc.edu#mailto:wurenec@uiuc.edu#";"Dayton";"25/09/2020";"3";"Understanding Artificial Intelligence";"19.5";"eBooks";"58.5"
"iarnowitzn6@bloomberg.com#mailto:iarnowitzn6@bloomberg.com#";"Denver";"25/09/2020";"4";"Mapping with Drones";"49";"Training Videos";"196"
"ameasenbt@hubpages.com#mailto:ameasenbt@hubpages.com#";"Newark";"25/09/2020";"4";"Photograph Drones";"14.99";"eBooks";"59.96"
"srevington5b@de.vu#mailto:srevington5b@de.vu#";"Tuscaloosa";"25/09/2020";"4";"Aerial Security";"36.99";"Training Videos";"147.96"
"ssouttarmb@senate.gov#mailto:ssouttarmb@senate.gov#";"Austin";"25/09/2021";"1";"Single Rotor Drones";"14.99";"eBooks";"14.99"
"nhaglandnj@toplist.cz#mailto:nhaglandnj@toplist.cz#";"Tucson";"25/09/2021";"5";"BYOD-550";"179";"Drone Kits";"895"
"tbusten@si.edu#mailto:tbusten@si.edu#";"Grand Rapids";"25/09/2021";"3";"Cloud Computing";"29.99";"Training Videos";"89.97"
"cbunnellma@google.nl#mailto:cbunnellma@google.nl#";"Memphis";"25/09/2021";"3";"AI for Educators";"49.95";"Training Videos";"149.85000000000002"
"sricciardo57@creativecommons.org#mailto:sricciardo57@creativecommons.org#";"San Angelo";"25/09/2021";"2";"BYOD-400S";"129.95";"Drone Kits";"259.9"
"ajohananovix@miibeian.gov.cn#mailto:ajohananovix@miibeian.gov.cn#";"Seattle";"25/09/2021";"2";"GPS Drones";"19.99";"eBooks";"39.98"
"akrollmannnc@google.ru#mailto:akrollmannnc@google.ru#";"Boston";"25/10/2020";"2";"Polar Robots";"23.99";"eBooks";"47.98"
"rkeelanoc@yolasite.com#mailto:rkeelanoc@yolasite.com#";"Trenton";"25/10/2020";"3";"MICR-23K Robot";"899";"Robots";"2697"
"dwhittingtoncz@mozilla.org#mailto:dwhittingtoncz@mozilla.org#";"Huntsville";"25/10/2020";"2";"BYOD-550";"179";"Drone Kits";"358"
"bpetheridged7@aboutads.info#mailto:bpetheridged7@aboutads.info#";"Warren";"25/10/2020";"5";"Understanding Raspberry PI";"28.99";"Training Videos";"144.95"
"wfarney6p@smh.com.au#mailto:wfarney6p@smh.com.au#";"Houston";"25/10/2020";"5";"Helicopter Drones";"20.95";"eBooks";"104.75"
"tbayntonjh@blogtalkradio.com#mailto:tbayntonjh@blogtalkradio.com#";"Juneau";"25/10/2020";"3";"Sleepy Eye Blueprint";"11.99";"Blueprints";"35.97"
"wurenec@uiuc.edu#mailto:wurenec@uiuc.edu#";"Dayton";"25/10/2021";"3";"Polar Robots";"23.99";"eBooks";"71.97"
"challiburtonjx@wordpress.com#mailto:challiburtonjx@wordpress.com#";"Anchorage";"25/10/2021";"1";"RCB-889 Robot";"549";"Robots";"549"
"afullagarpv@tamu.edu#mailto:afullagarpv@tamu.edu#";"Schaumburg";"25/11/2020";"5";"Drone Video Techniques";"37.99";"Training Videos";"189.95000000000002"
"lstenhousemj@businessweek.com#mailto:lstenhousemj@businessweek.com#";"Everett";"25/11/2020";"3";"Delivery Drones";"14.99";"eBooks";"44.97"
"crosebym3@twitter.com#mailto:crosebym3@twitter.com#";"Orange";"25/11/2020";"4";"Spherical Robots";"16.75";"eBooks";"67"
"dbernardesj7@cornell.edu#mailto:dbernardesj7@cornell.edu#";"Lafayette";"25/11/2021";"2";"DTE-QFN20 Drone";"250";"Drones";"500"
"mgarthland1@nationalgeographic.com#mailto:mgarthland1@nationalgeographic.com#";"Waco";"25/11/2021";"4";"RCB-889 Robot";"549";"Robots";"2196"
"ehightown7@free.fr#mailto:ehightown7@free.fr#";"Chicago";"25/11/2021";"3";"BYOR-3000";"214";"Robot Kits";"642"
"ssiggn0@canalblog.com#mailto:ssiggn0@canalblog.com#";"Decatur";"25/11/2021";"3";"BYOR-2640S";"189";"Robot Kits";"567"
"htotterdillky@wordpress.org#mailto:htotterdillky@wordpress.org#";"Fort Worth";"25/12/2020";"5";"Drone Video Techniques";"37.99";"Training Videos";"189.95000000000002"
"godonnellal@freewebs.com#mailto:godonnellal@freewebs.com#";"Norfolk";"25/12/2020";"4";"Helicopter Drones";"20.95";"eBooks";"83.8"
"hfontelldn@wix.com#mailto:hfontelldn@wix.com#";"Roanoke";"25/12/2020";"2";"Understanding Drone Regulations";"27.5";"Training Videos";"55"
"awiddup44@addthis.com#mailto:awiddup44@addthis.com#";"Saint Paul";"25/12/2020";"3";"Robotic Essentials";"34.99";"Training Videos";"104.97"
"rsavatieraq@answers.com#mailto:rsavatieraq@answers.com#";"Pittsburgh";"25/12/2020";"6";"Aerial Security";"36.99";"Training Videos";"221.94"
"klemasneyga@cpanel.net#mailto:klemasneyga@cpanel.net#";"Charleston";"25/12/2020";"6";"Understanding 3D Printing";"42.99";"Training Videos";"257.94"
"kbonnetmg@google.com.br#mailto:kbonnetmg@google.com.br#";"Los Angeles";"25/12/2021";"3";"Creature Robot Arms Blueprint";"12";"Blueprints";"36"
"lstelljes40@storify.com#mailto:lstelljes40@storify.com#";"Stockton";"25/12/2021";"1";"BYOD-550";"179";"Drone Kits";"179"
"anuschke5l@devhub.com#mailto:anuschke5l@devhub.com#";"Rochester";"25/12/2021";"2";"MICR-564K Drone";"499";"Drones";"998"
"ubrigshawkp@mac.com#mailto:ubrigshawkp@mac.com#";"Phoenix";"25/12/2021";"6";"Ladybug Robot Blueprint";"12";"Blueprints";"72"
"ljolleyiw@google.de#mailto:ljolleyiw@google.de#";"Miami";"25/12/2021";"3";"BYOD-100";"54";"Drone Kits";"162"
"oleevesmc@naver.com#mailto:oleevesmc@naver.com#";"Little Rock";"25/12/2021";"2";"Understanding 3D Printing";"42.99";"Training Videos";"85.98"
"bdisbury5b@phpbb.com#mailto:bdisbury5b@phpbb.com#";"Kansas City";"25/12/2021";"2";"Sleepy Eye Blueprint";"11.99";"Blueprints";"23.98"
"torsman16@quantcast.com#mailto:torsman16@quantcast.com#";"Muncie";"26/01/2020";"4";"BYOD-500";"167";"Drone Kits";"668"
"ochaffing9@wp.com#mailto:ochaffing9@wp.com#";"Saint Louis";"26/01/2020";"5";"DTI-84 Drone";"455";"Drones";"2275"
"bnendick5z@mtv.com#mailto:bnendick5z@mtv.com#";"Fresno";"26/01/2020";"3";"Drone Building Essentials";"13.99";"eBooks";"41.97"
"dlinzee4e@wsj.com#mailto:dlinzee4e@wsj.com#";"Tacoma";"26/01/2021";"2";"Drone Building Essentials";"13.99";"eBooks";"27.98"
"kpriumd9@clickbank.net#mailto:kpriumd9@clickbank.net#";"Norfolk";"26/01/2021";"3";"Understanding Raspberry PI";"28.99";"Training Videos";"86.97"
"rthaxter82@intel.com#mailto:rthaxter82@intel.com#";"Lees Summit";"26/01/2021";"3";"Robotic Essentials";"34.99";"Training Videos";"104.97"
"acutcliffelh@infoseek.co.jp#mailto:acutcliffelh@infoseek.co.jp#";"Lansing";"26/01/2021";"3";"BYOR-2640S";"189";"Robot Kits";"567"
"tantonopoulos8f@virginia.edu#mailto:tantonopoulos8f@virginia.edu#";"New Orleans";"26/01/2021";"2";"BYOD-400S";"129.95";"Drone Kits";"259.9"
"lditchnu@mlb.com#mailto:lditchnu@mlb.com#";"Beaufort";"26/02/2020";"3";"Multi Rotor Drones";"24.95";"eBooks";"74.85"
"smarojq@odnoklassniki.ru#mailto:smarojq@odnoklassniki.ru#";"Philadelphia";"26/02/2020";"3";"BYOD-400";"119";"Drone Kits";"357"
"pwallmanam@booking.com#mailto:pwallmanam@booking.com#";"Stamford";"26/02/2020";"4";"Polar Robots";"23.99";"eBooks";"95.96"
"woxleemg@europa.eu#mailto:woxleemg@europa.eu#";"Miami";"26/02/2020";"5";"Understanding Arduino";"17.5";"eBooks";"87.5"
"hgeeraerteh@npr.org#mailto:hgeeraerteh@npr.org#";"Clearwater";"26/02/2020";"5";"Open Source Code";"32.95";"Training Videos";"164.75"
"epetegreem0@hhs.gov#mailto:epetegreem0@hhs.gov#";"Spokane";"26/02/2020";"2";"Fixed Wing Drones";"15.5";"eBooks";"31"
"bfoortdl@vimeo.com#mailto:bfoortdl@vimeo.com#";"Philadelphia";"26/02/2021";"6";"Drone Building Essentials";"13.99";"eBooks";"83.94"
"thails9l@theglobeandmail.com#mailto:thails9l@theglobeandmail.com#";"Saint Louis";"26/02/2021";"3";"Single Rotor Drones";"14.99";"eBooks";"44.97"
"echantreeou@hp.com#mailto:echantreeou@hp.com#";"Bakersfield";"26/02/2021";"6";"DX-145 Drone";"250";"Drones";"1500"
"acumberpatch25@sfgate.com#mailto:acumberpatch25@sfgate.com#";"Toledo";"26/02/2021";"5";"DA-SA702 Drone";"399";"Drones";"1995"
"aloughmanmb@devhub.com#mailto:aloughmanmb@devhub.com#";"Jamaica";"26/02/2021";"5";"Articulated Robots";"23.99";"eBooks";"119.94999999999999"
"mphysickms@vistaprint.com#mailto:mphysickms@vistaprint.com#";"Boise";"26/03/2020";"2";"All Eyes Drone Blueprint";"9.99";"Blueprints";"19.98"
"tburnhamsqb@deviantart.com#mailto:tburnhamsqb@deviantart.com#";"Baltimore";"26/03/2020";"5";"BYOD-220";"69";"Drone Kits";"345"
"lwhillock3u@woothemes.com#mailto:lwhillock3u@woothemes.com#";"Detroit";"26/03/2020";"1";"MICR-564K Drone";"499";"Drones";"499"
"ppunterlx@pcworld.com#mailto:ppunterlx@pcworld.com#";"Naples";"26/03/2021";"5";"BYOD-400";"119";"Drone Kits";"595"
"adunsire1q@feedburner.com#mailto:adunsire1q@feedburner.com#";"Jacksonville";"26/03/2021";"3";"Polar Robots";"23.99";"eBooks";"71.97"
"aaveyl7@disqus.com#mailto:aaveyl7@disqus.com#";"Pittsburgh";"26/03/2021";"1";"Building Your First Robot";"24.95";"eBooks";"24.95"
"gemeneyci@wikimedia.org#mailto:gemeneyci@wikimedia.org#";"North Hollywood";"26/03/2021";"4";"Cartesian Robots";"12.99";"eBooks";"51.96"
"nmariyushkinp6@instagram.com#mailto:nmariyushkinp6@instagram.com#";"Louisville";"26/04/2020";"4";"DTI-84 Drone";"455";"Drones";"1820"
"gballendined2@trellian.com#mailto:gballendined2@trellian.com#";"Decatur";"26/04/2020";"3";"Understanding 3D Printing";"42.99";"Training Videos";"128.97"
"rranyelld5n@msn.com#mailto:rranyelld5n@msn.com#";"Oxnard";"26/04/2020";"4";"Fixed Wing Drones";"15.5";"eBooks";"62"
"swaddingham6c@businessweek.com#mailto:swaddingham6c@businessweek.com#";"Prescott";"26/04/2021";"1";"RTF Drones";"16.99";"eBooks";"16.99"
"hbrisleygo@telegraph.co.uk#mailto:hbrisleygo@telegraph.co.uk#";"Omaha";"26/04/2021";"3";"Building Your Own Drone";"24.99";"eBooks";"74.97"
"rwinship67@ox.ac.uk#mailto:rwinship67@ox.ac.uk#";"Sioux Falls";"26/04/2021";"4";"BYOR-3535";"225";"Robot Kits";"900"
"ssein9u@unesco.org#mailto:ssein9u@unesco.org#";"Omaha";"26/05/2020";"3";"BYOD-220";"69";"Drone Kits";"207"
"wgaveltonepz@hud.gov#mailto:wgaveltonepz@hud.gov#";"Memphis";"26/05/2020";"4";"Building Your First Robot";"24.95";"eBooks";"99.8"
"tsailoro4@barnesandnoble.com#mailto:tsailoro4@barnesandnoble.com#";"Las Vegas";"26/05/2020";"4";"Understanding Artificial Intelligence";"19.5";"eBooks";"78"
"dhakey77@businessinsider.com#mailto:dhakey77@businessinsider.com#";"Norfolk";"26/05/2020";"5";"BYOD-400S";"129.95";"Drone Kits";"649.75"
"kkingwell2k@sphinn.com#mailto:kkingwell2k@sphinn.com#";"Wichita Falls";"26/05/2020";"3";"Delta Robots";"16.99";"eBooks";"50.97"
"ehynardgc@slashdot.org#mailto:ehynardgc@slashdot.org#";"Hamilton";"26/05/2020";"3";"Sleepy Eye Blueprint";"11.99";"Blueprints";"35.97"
"ewoolfordeil@google.co.jp#mailto:ewoolfordeil@google.co.jp#";"Pompano Beach";"26/05/2021";"4";"All Eyes Drone Blueprint";"9.99";"Blueprints";"39.96"
"rknevitp@odnoklassniki.ru#mailto:rknevitp@odnoklassniki.ru#";"Carol Stream";"26/05/2021";"3";"Sleepy Eye Blueprint";"11.99";"Blueprints";"35.97"
"mlochei4@google.ca#mailto:mlochei4@google.ca#";"Nashville";"26/05/2021";"5";"BYOR-1000";"189";"Robot Kits";"945"
"tpantonld@51.la#mailto:tpantonld@51.la#";"Orlando";"26/06/2020";"3";"RCB-889 Robot";"549";"Robots";"1647"
"acorneyoq@uol.com.br#mailto:acorneyoq@uol.com.br#";"Columbia";"26/06/2020";"5";"Ladybug Robot Blueprint";"12";"Blueprints";"60"
"sbattellj4@soundcloud.com#mailto:sbattellj4@soundcloud.com#";"San Antonio";"26/06/2020";"6";"Drone Video Techniques";"37.99";"Training Videos";"227.94"
"sgildeah4@github.io#mailto:sgildeah4@github.io#";"Fort Wayne";"26/06/2020";"2";"RCB-889 Robot";"549";"Robots";"1098"
"afallow74@vistaprint.com#mailto:afallow74@vistaprint.com#";"Des Moines";"26/06/2021";"6";"Building Your Own Drone";"24.99";"eBooks";"149.94"
"lcridlonkj@sina.com.cn#mailto:lcridlonkj@sina.com.cn#";"Springfield";"26/06/2021";"5";"Delta Robots";"16.99";"eBooks";"84.94999999999999"
"dmithamcb@narod.ru#mailto:dmithamcb@narod.ru#";"Saint Louis";"26/06/2021";"2";"BYOR-4005";"245";"Robot Kits";"490"
"rbarfflh@oracle.com#mailto:rbarfflh@oracle.com#";"Houston";"26/06/2021";"3";"Delivery Drones";"14.99";"eBooks";"44.97"
"rbagge56@ucla.edu#mailto:rbagge56@ucla.edu#";"Saint Paul";"26/07/2020";"1";"DX-145 Drone";"250";"Drones";"250"
"gdykes98@prlog.org#mailto:gdykes98@prlog.org#";"Portsmouth";"26/07/2020";"5";"DTI-84 Drone";"455";"Drones";"2275"
"dagronskiq9@surveymonkey.com#mailto:dagronskiq9@surveymonkey.com#";"Clearwater";"26/07/2020";"6";"DC-304 Drone";"395";"Drones";"2370"
"bsuddock1z@oaic.gov.au#mailto:bsuddock1z@oaic.gov.au#";"San Diego";"26/07/2020";"5";"Articulated Robots";"23.99";"eBooks";"119.94999999999999"
"aspittal36@opensource.org#mailto:aspittal36@opensource.org#";"Nashville";"26/07/2021";"4";"Cloud Computing";"29.99";"Training Videos";"119.96"
"mkattenhorn66@sfgate.com#mailto:mkattenhorn66@sfgate.com#";"Apache Junction";"26/08/2020";"5";"DTD-7000 Drone";"450";"Drones";"2250"
"nbritonax@miibeian.gov.cn#mailto:nbritonax@miibeian.gov.cn#";"San Jose";"26/08/2020";"3";"BYOR-2640S";"189";"Robot Kits";"567"
"ralekseev5o@elpais.com#mailto:ralekseev5o@elpais.com#";"Olympia";"26/08/2020";"4";"Cartesian Robots";"12.99";"eBooks";"51.96"
"darmytagehc@mediafire.com#mailto:darmytagehc@mediafire.com#";"Riverside";"26/08/2020";"6";"Spherical Robots";"16.75";"eBooks";"100.5"
"rtomkinson47@nbcnews.com#mailto:rtomkinson47@nbcnews.com#";"Denver";"26/08/2021";"2";"Cloud Computing";"29.99";"Training Videos";"59.98"
"sstollenhofco@shinystat.com#mailto:sstollenhofco@shinystat.com#";"Colorado Springs";"26/08/2021";"6";"RCB-889 Robot";"549";"Robots";"3294"
"nitchinghamaw@sakura.ne.jp#mailto:nitchinghamaw@sakura.ne.jp#";"Port Saint Lucie";"26/08/2021";"4";"Understanding Drone Regulations";"27.5";"Training Videos";"110"
"mrosbothamrr@techcrunch.com#mailto:mrosbothamrr@techcrunch.com#";"Jacksonville";"26/08/2021";"2";"Drone Building Essentials";"13.99";"eBooks";"27.98"
"bnendick5z@mtv.com#mailto:bnendick5z@mtv.com#";"Fresno";"26/08/2021";"2";"BYOR-3535";"225";"Robot Kits";"450"
"acardegs@ft.com#mailto:acardegs@ft.com#";"Baton Rouge";"26/08/2021";"2";"Helicopter Drones";"20.95";"eBooks";"41.9"
"fuebeli@army.mil#mailto:fuebeli@army.mil#";"Lima";"26/09/2020";"3";"BYOD-220";"69";"Drone Kits";"207"
"enestle3o@mac.com#mailto:enestle3o@mac.com#";"Jamaica";"26/09/2020";"3";"BYOD-220";"69";"Drone Kits";"207"
"mfernleyah@fastcompany.com#mailto:mfernleyah@fastcompany.com#";"Birmingham";"26/09/2020";"5";"Open Source Code";"32.95";"Training Videos";"164.75"
"mmallabarc5@buzzfeed.com#mailto:mmallabarc5@buzzfeed.com#";"Saint Paul";"26/09/2020";"4";"RCB-889 Robot";"549";"Robots";"2196"
"dscracehm@google.ru#mailto:dscracehm@google.ru#";"Houston";"26/09/2020";"2";"Drone Video Techniques";"37.99";"Training Videos";"75.98"
"pgaskalb9@webnode.com#mailto:pgaskalb9@webnode.com#";"Flushing";"26/09/2021";"5";"DTI-84 Drone";"455";"Drones";"2275"
"afarris5j@mediafire.com#mailto:afarris5j@mediafire.com#";"San Jose";"26/09/2021";"2";"Understanding Arduino";"17.5";"eBooks";"35"
"dwimburya7@nationalgeographic.com#mailto:dwimburya7@nationalgeographic.com#";"Hartford";"26/10/2020";"3";"RLK-9920 Robot";"699";"Robots";"2097"
"gconti35@springer.com#mailto:gconti35@springer.com#";"Salt Lake City";"26/10/2020";"3";"Fixed Wing Drones";"15.5";"eBooks";"46.5"
"ddik8@sphinn.com#mailto:ddik8@sphinn.com#";"Seattle";"26/10/2021";"3";"Spherical Robots";"16.75";"eBooks";"50.25"
"rbrumby9z@abc.net.au#mailto:rbrumby9z@abc.net.au#";"Richmond";"26/10/2021";"3";"MICR-564K Drone";"499";"Drones";"1497"
"ahollyland65@marketwatch.com#mailto:ahollyland65@marketwatch.com#";"Wilmington";"26/10/2021";"1";"BYOR-3000";"214";"Robot Kits";"214"
"jlinnard3f@plala.or.jp#mailto:jlinnard3f@plala.or.jp#";"Nashville";"26/10/2021";"3";"BYOR-2640S";"189";"Robot Kits";"567"
"ocreanekp@nature.com#mailto:ocreanekp@nature.com#";"Orlando";"26/11/2020";"3";"Building Your First Robot";"24.95";"eBooks";"74.85"
"lbhatiafi@exblog.jp#mailto:lbhatiafi@exblog.jp#";"Oklahoma City";"26/11/2020";"2";"Sleepy Eye Blueprint";"11.99";"Blueprints";"23.98"
"gsprulli4@angelfire.com#mailto:gsprulli4@angelfire.com#";"Mobile";"26/11/2020";"5";"Hexacopter Drone Blueprint";"8.99";"Blueprints";"44.95"
"awiddup44@addthis.com#mailto:awiddup44@addthis.com#";"Saint Paul";"26/11/2020";"3";"DTE-QFN20 Drone";"250";"Drones";"750"
"nyersonp5@mlb.com#mailto:nyersonp5@mlb.com#";"Lafayette";"26/11/2020";"6";"AI for Educators";"49.95";"Training Videos";"299.70000000000005"
"aberickkg@intel.com#mailto:aberickkg@intel.com#";"Atlanta";"26/11/2021";"2";"All Eyes Drone Blueprint";"9.99";"Blueprints";"19.98"
"fgrieswoodh8@sina.com.cn#mailto:fgrieswoodh8@sina.com.cn#";"Pensacola";"26/11/2021";"4";"Understanding Raspberry PI";"28.99";"Training Videos";"115.96"
"egrindlaynw@chicagotribune.com#mailto:egrindlaynw@chicagotribune.com#";"Moreno Valley";"26/11/2021";"6";"Sleepy Eye Blueprint";"11.99";"Blueprints";"71.94"
"ploryf4@slideshare.net#mailto:ploryf4@slideshare.net#";"Omaha";"26/11/2021";"3";"Understanding Raspberry PI";"28.99";"Training Videos";"86.97"
"gelnerd6@sina.com.cn#mailto:gelnerd6@sina.com.cn#";"Tucson";"26/12/2020";"3";"DTI-84 Drone";"455";"Drones";"1365"
"abernaertc9@newyorker.com#mailto:abernaertc9@newyorker.com#";"Albuquerque";"26/12/2021";"3";"BYOD-300";"89";"Drone Kits";"267"
"hslarkpp@csmonitor.com#mailto:hslarkpp@csmonitor.com#";"Detroit";"26/12/2021";"4";"BYOR-4005";"245";"Robot Kits";"980"
"mmenlovelb@sbwire.com#mailto:mmenlovelb@sbwire.com#";"Fresno";"26/12/2021";"6";"Understanding Arduino";"17.5";"eBooks";"105"
"wshillamio@ft.com#mailto:wshillamio@ft.com#";"North Las Vegas";"26/12/2021";"1";"SCARA Robots";"19.5";"eBooks";"19.5"
"afitzroyao@hexun.com#mailto:afitzroyao@hexun.com#";"Houston";"26/12/2021";"3";"Bsquare Robot Blueprint";"8.99";"Blueprints";"26.97"
"crankingmd@shareasale.com#mailto:crankingmd@shareasale.com#";"Sacramento";"27/01/2020";"1";"GPS Drones";"19.99";"eBooks";"19.99"
"bflintls@bloglovin.com#mailto:bflintls@bloglovin.com#";"Santa Barbara";"27/01/2020";"3";"RQTE-554 Robot";"684";"Robots";"2052"
"wcreweem@ycombinator.com#mailto:wcreweem@ycombinator.com#";"Anchorage";"27/01/2020";"5";"Building Your Own Drone";"24.99";"eBooks";"124.94999999999999"
"fhonatsch4p@epa.gov#mailto:fhonatsch4p@epa.gov#";"Hartford";"27/01/2020";"1";"Bsquare Robot Blueprint";"8.99";"Blueprints";"8.99"
"godonnellal@freewebs.com#mailto:godonnellal@freewebs.com#";"Norfolk";"27/01/2020";"5";"GPS Drones";"19.99";"eBooks";"99.94999999999999"
"dgamelz@cam.ac.uk#mailto:dgamelz@cam.ac.uk#";"Newark";"27/01/2020";"4";"Photograph Drones";"14.99";"eBooks";"59.96"
"mmerigonaz@go.com#mailto:mmerigonaz@go.com#";"Boynton Beach";"27/01/2020";"5";"Understanding Arduino";"17.5";"eBooks";"87.5"
"badamssonfa@webeden.co.uk#mailto:badamssonfa@webeden.co.uk#";"Louisville";"27/01/2021";"3";"BYOD-400S";"129.95";"Drone Kits";"389.84999999999997"
"wtippelldy@cdc.gov#mailto:wtippelldy@cdc.gov#";"Los Angeles";"27/01/2021";"2";"BYOD-300";"89";"Drone Kits";"178"
"clawful9l@tinypic.com#mailto:clawful9l@tinypic.com#";"Austin";"27/01/2021";"4";"RLK-9920 Robot";"699";"Robots";"2796"
"mjanicki6y@amazon.co.uk#mailto:mjanicki6y@amazon.co.uk#";"Lubbock";"27/01/2021";"5";"RXW-9807 Robot";"599";"Robots";"2995"
"mmitroshinovr@sfgate.com#mailto:mmitroshinovr@sfgate.com#";"San Francisco";"27/02/2020";"4";"BYOR-1000";"189";"Robot Kits";"756"
"szollner5m@skype.com#mailto:szollner5m@skype.com#";"San Diego";"27/02/2020";"4";"Drone Video Techniques";"37.99";"Training Videos";"151.96"
"browlesiq@godaddy.com#mailto:browlesiq@godaddy.com#";"Madison";"27/02/2021";"1";"Open Source Code";"32.95";"Training Videos";"32.95"
"tcuniampb@smugmug.com#mailto:tcuniampb@smugmug.com#";"Bakersfield";"27/02/2021";"2";"RLK-9920 Robot";"699";"Robots";"1398"
"dmacintoshv@unesco.org#mailto:dmacintoshv@unesco.org#";"Washington";"27/02/2021";"2";"BYOR-4005";"245";"Robot Kits";"490"
"geavesa6@discuz.net#mailto:geavesa6@discuz.net#";"Hartford";"27/03/2020";"3";"Virtual Reality Basics";"29.99";"Training Videos";"89.97"
"plafranconi4r@google.it#mailto:plafranconi4r@google.it#";"Petaluma";"27/03/2020";"2";"Sleepy Eye Blueprint";"11.99";"Blueprints";"23.98"
"hhaw9q@answers.com#mailto:hhaw9q@answers.com#";"Boise";"27/03/2020";"6";"Polar Robots";"23.99";"eBooks";"143.94"
"pmcterlaghct@joomla.org#mailto:pmcterlaghct@joomla.org#";"Fresno";"27/03/2020";"1";"Panda Robot Blueprint";"7.99";"Blueprints";"7.99"
"ggarces8d@cisco.com#mailto:ggarces8d@cisco.com#";"Saint Louis";"27/03/2020";"3";"BYOR-3535";"225";"Robot Kits";"675"
"lmccuisbj@digg.com#mailto:lmccuisbj@digg.com#";"Lawrenceville";"27/03/2020";"3";"Drone Video Techniques";"37.99";"Training Videos";"113.97"
"cgrethambu@mashable.com#mailto:cgrethambu@mashable.com#";"Topeka";"27/03/2021";"2";"BYOD-100";"54";"Drone Kits";"108"
"scamlin6x@chicagotribune.com#mailto:scamlin6x@chicagotribune.com#";"Des Moines";"27/03/2021";"3";"Building Your First Robot";"24.95";"eBooks";"74.85"
"wkilcullenij@canalblog.com#mailto:wkilcullenij@canalblog.com#";"Lancaster";"27/04/2020";"4";"All Eyes Drone Blueprint";"9.99";"Blueprints";"39.96"
"rbrusin2r@comcast.net#mailto:rbrusin2r@comcast.net#";"Memphis";"27/04/2021";"2";"Delta Robots";"16.99";"eBooks";"33.98"
"eworleyef@imdb.com#mailto:eworleyef@imdb.com#";"Columbus";"27/04/2021";"4";"Bsquare Robot Blueprint";"8.99";"Blueprints";"35.96"
"loreillyk9@noaa.gov#mailto:loreillyk9@noaa.gov#";"Winter Haven";"27/04/2021";"5";"DTE-QFN20 Drone";"250";"Drones";"1250"
"mpatey9h@barnesandnoble.com#mailto:mpatey9h@barnesandnoble.com#";"San Jose";"27/05/2020";"2";"MICR-564K Drone";"499";"Drones";"998"
"hbutlinaa@whitehouse.gov#mailto:hbutlinaa@whitehouse.gov#";"Jefferson City";"27/05/2020";"5";"BYOR-3535";"225";"Robot Kits";"1125"
"cfrerehs@upenn.edu#mailto:cfrerehs@upenn.edu#";"Richmond";"27/05/2020";"4";"BYOD-500";"167";"Drone Kits";"668"
"dtauntond0@about.me#mailto:dtauntond0@about.me#";"San Francisco";"27/05/2020";"3";"Drone Building Essentials";"13.99";"eBooks";"41.97"
"mferonns@over-blog.com#mailto:mferonns@over-blog.com#";"Austin";"27/05/2021";"4";"BYOD-550";"179";"Drone Kits";"716"
"smoxomg6@fastcompany.com#mailto:smoxomg6@fastcompany.com#";"Salt Lake City";"27/05/2021";"3";"Single Rotor Drones";"14.99";"eBooks";"44.97"
"swedmorend@technorati.com#mailto:swedmorend@technorati.com#";"Fort Myers";"27/05/2021";"4";"Understanding Raspberry PI";"28.99";"Training Videos";"115.96"
"cscarr9m@yahoo.com#mailto:cscarr9m@yahoo.com#";"Montgomery";"27/06/2020";"4";"Multi Rotor Drones";"24.95";"eBooks";"99.8"
"cdavydochkini3@google.com.hk#mailto:cdavydochkini3@google.com.hk#";"Washington";"27/06/2020";"4";"DC-304 Drone";"395";"Drones";"1580"
"ymayzebv@gravatar.com#mailto:ymayzebv@gravatar.com#";"Ridgely";"27/06/2020";"4";"BYOD-400";"119";"Drone Kits";"476"
"ythies3y@digg.com#mailto:ythies3y@digg.com#";"Las Cruces";"27/06/2021";"6";"DTI-84 Drone";"455";"Drones";"2730"
"sdixceekl@vkontakte.ru#mailto:sdixceekl@vkontakte.ru#";"Lafayette";"27/06/2021";"4";"BYOD-550";"179";"Drone Kits";"716"
"ccaitlinlc@shutterfly.com#mailto:ccaitlinlc@shutterfly.com#";"Round Rock";"27/06/2021";"1";"DC-304 Drone";"395";"Drones";"395"
"lholburybk@furl.net#mailto:lholburybk@furl.net#";"Charlotte";"27/06/2021";"3";"Understanding Artificial Intelligence";"19.5";"eBooks";"58.5"
"rchristoffelw@so-net.ne.jp#mailto:rchristoffelw@so-net.ne.jp#";"Baltimore";"27/07/2020";"1";"AI for Educators";"49.95";"Training Videos";"49.95"
"jkleinzweigla@bluehost.com#mailto:jkleinzweigla@bluehost.com#";"Chandler";"27/07/2020";"5";"Creature Robot Arms Blueprint";"12";"Blueprints";"60"
"bgulliforded@wordpress.com#mailto:bgulliforded@wordpress.com#";"Waterbury";"27/07/2021";"3";"Understanding Drone Regulations";"27.5";"Training Videos";"82.5"
"sdixceekl@vkontakte.ru#mailto:sdixceekl@vkontakte.ru#";"Lafayette";"27/07/2021";"3";"BYOR-1000";"189";"Robot Kits";"567"
"achesnaymo@ebay.com#mailto:achesnaymo@ebay.com#";"Battle Creek";"27/07/2021";"4";"Cartesian Robots";"12.99";"eBooks";"51.96"
"mabelwhitecs@yahoo.com#mailto:mabelwhitecs@yahoo.com#";"Vero Beach";"27/07/2021";"6";"QuadroCopter Blueprint";"10.99";"Blueprints";"65.94"
"tschultzeq@thetimes.co.uk#mailto:tschultzeq@thetimes.co.uk#";"Fort Wayne";"27/07/2021";"3";"Understanding Automation";"44.95";"Training Videos";"134.85000000000002"
"hendrizzik4@japanpost.jp#mailto:hendrizzik4@japanpost.jp#";"Canton";"27/07/2021";"2";"Understanding Raspberry PI";"28.99";"Training Videos";"57.98"
"cdollenob@si.edu#mailto:cdollenob@si.edu#";"Denton";"27/07/2021";"4";"Multi Rotor Drones";"24.95";"eBooks";"99.8"
"lhorsley6m@geocities.com#mailto:lhorsley6m@geocities.com#";"Fort Worth";"27/08/2020";"2";"BYOR-3535";"225";"Robot Kits";"450"
"gshandq@un.org#mailto:gshandq@un.org#";"Saint Petersburg";"27/08/2020";"2";"DA-SA702 Drone";"399";"Drones";"798"
"iasman6a@wired.com#mailto:iasman6a@wired.com#";"Pasadena";"27/08/2020";"3";"Aerial Security";"36.99";"Training Videos";"110.97"
"epondei9@1688.com#mailto:epondei9@1688.com#";"Port Washington";"27/08/2020";"3";"Drone Video Techniques";"37.99";"Training Videos";"113.97"
"sgodsell65@aol.com#mailto:sgodsell65@aol.com#";"Charlotte";"27/08/2020";"3";"DA-SA702 Drone";"399";"Drones";"1197"
"dhennemanna3@oakley.com#mailto:dhennemanna3@oakley.com#";"Mount Vernon";"27/08/2021";"4";"BYOR-1500";"189";"Robot Kits";"756"
"wlyness2x@twitpic.com#mailto:wlyness2x@twitpic.com#";"San Diego";"27/08/2021";"4";"DTD-7000 Drone";"450";"Drones";"1800"
"gatwood6i@stanford.edu#mailto:gatwood6i@stanford.edu#";"Milwaukee";"27/09/2020";"5";"Understanding Arduino";"17.5";"eBooks";"87.5"
"kessamehc@github.com#mailto:kessamehc@github.com#";"Dallas";"27/09/2020";"2";"BYOD-400";"119";"Drone Kits";"238"
"hcubberley92@devhub.com#mailto:hcubberley92@devhub.com#";"Aurora";"27/09/2020";"3";"Cloud Computing";"29.99";"Training Videos";"89.97"
"aboakesfa@t-online.de#mailto:aboakesfa@t-online.de#";"Metairie";"27/09/2021";"2";"Bsquare Robot Blueprint";"8.99";"Blueprints";"17.98"
"schattingtonqk@qq.com#mailto:schattingtonqk@qq.com#";"Chattanooga";"27/09/2021";"2";"Sleepy Eye Blueprint";"11.99";"Blueprints";"23.98"
"swinear7e@reddit.com#mailto:swinear7e@reddit.com#";"Valley Forge";"27/09/2021";"4";"RXW-9807 Robot";"599";"Robots";"2396"
"ccorbittif@java.com#mailto:ccorbittif@java.com#";"Oakland";"27/09/2021";"6";"Bsquare Robot Blueprint";"8.99";"Blueprints";"53.94"
"nmcsperronj7@miitbeian.gov.cn#mailto:nmcsperronj7@miitbeian.gov.cn#";"Los Angeles";"27/10/2020";"3";"RCB-889 Robot";"549";"Robots";"1647"
"akeppin4m@addtoany.com#mailto:akeppin4m@addtoany.com#";"New Orleans";"27/10/2020";"3";"BYOD-100";"54";"Drone Kits";"162"
"whalgarth13@bloomberg.com#mailto:whalgarth13@bloomberg.com#";"Albany";"27/10/2020";"4";"BYOR-4005";"245";"Robot Kits";"980"
"amatusevichex@pagesperso-orange.fr#mailto:amatusevichex@pagesperso-orange.fr#";"Paterson";"27/10/2020";"6";"Photograph Drones";"14.99";"eBooks";"89.94"
"mmulcasterks@spiegel.de#mailto:mmulcasterks@spiegel.de#";"Columbus";"27/10/2020";"3";"MICR-564K Drone";"499";"Drones";"1497"
"mswabye5@time.com#mailto:mswabye5@time.com#";"Minneapolis";"27/10/2020";"4";"Understanding Drone Regulations";"27.5";"Training Videos";"110"
"flowdeaneb7@google.ca#mailto:flowdeaneb7@google.ca#";"Birmingham";"27/10/2020";"5";"Sleepy Eye Blueprint";"11.99";"Blueprints";"59.95"
"sojf@businessinsider.com#mailto:sojf@businessinsider.com#";"Omaha";"27/10/2021";"4";"BYOD-550";"179";"Drone Kits";"716"
"cmacmichael5y@businesswire.com#mailto:cmacmichael5y@businesswire.com#";"Tucson";"27/10/2021";"5";"DTI-84 Drone";"455";"Drones";"2275"
"cmacmichael5y@businesswire.com#mailto:cmacmichael5y@businesswire.com#";"Tucson";"27/10/2021";"3";"DTI-84 Drone";"455";"Drones";"1365"
"gagius9a@about.me#mailto:gagius9a@about.me#";"Houston";"27/10/2021";"4";"DTI-84 Drone";"455";"Drones";"1820"
"vcanwell9n@buzzfeed.com#mailto:vcanwell9n@buzzfeed.com#";"Houston";"27/11/2020";"4";"BYOR-3000";"214";"Robot Kits";"856"
"mdrayson93@stanford.edu#mailto:mdrayson93@stanford.edu#";"Tucson";"27/11/2020";"2";"DA-SA702 Drone";"399";"Drones";"798"
"cstanionpm@photobucket.com#mailto:cstanionpm@photobucket.com#";"Hampton";"27/11/2020";"2";"MICR-23K Robot";"899";"Robots";"1798"
"mburton4z@scribd.com#mailto:mburton4z@scribd.com#";"El Paso";"27/11/2021";"4";"Understanding 3D Printing";"42.99";"Training Videos";"171.96"
"fboyling@wordpress.org#mailto:fboyling@wordpress.org#";"Carol Stream";"27/11/2021";"4";"DTI-84 Drone";"455";"Drones";"1820"
"ssabbatier5w@mediafire.com#mailto:ssabbatier5w@mediafire.com#";"Rochester";"27/11/2021";"3";"Delta Robots";"16.99";"eBooks";"50.97"
"gjirusekby@360.cn#mailto:gjirusekby@360.cn#";"Indianapolis";"27/11/2021";"4";"Robotic Essentials";"34.99";"Training Videos";"139.96"
"jgluyasrl@cdc.gov#mailto:jgluyasrl@cdc.gov#";"Troy";"27/11/2021";"5";"BYOD-350";"89.95";"Drone Kits";"449.75"
"iweddeburn4p@ocn.ne.jp#mailto:iweddeburn4p@ocn.ne.jp#";"Harrisburg";"27/11/2021";"3";"BYOR-1000";"189";"Robot Kits";"567"
"claurenzibt@noaa.gov#mailto:claurenzibt@noaa.gov#";"Pompano Beach";"27/11/2021";"5";"Panda Robot Blueprint";"7.99";"Blueprints";"39.95"
"ljudgkinsji@godaddy.com#mailto:ljudgkinsji@godaddy.com#";"Fort Collins";"27/11/2021";"4";"Industrial 3D Printing";"49";"Training Videos";"196"
"lhughes8y@qq.com#mailto:lhughes8y@qq.com#";"Phoenix";"27/11/2021";"3";"Understanding Raspberry PI";"28.99";"Training Videos";"86.97"
"mphysickms@vistaprint.com#mailto:mphysickms@vistaprint.com#";"Boise";"27/12/2020";"4";"Understanding 3D Printing";"42.99";"Training Videos";"171.96"
"tmcgarry75@narod.ru#mailto:tmcgarry75@narod.ru#";"Washington";"27/12/2020";"5";"DX-145 Drone";"250";"Drones";"1250"
"challiburtonjx@wordpress.com#mailto:challiburtonjx@wordpress.com#";"Anchorage";"27/12/2021";"3";"BYOD-220";"69";"Drone Kits";"207"
"jaishfordjx@ftc.gov#mailto:jaishfordjx@ftc.gov#";"Phoenix";"27/12/2021";"3";"RQTE-554 Robot";"684";"Robots";"2052"
"lfreschini59@histats.com#mailto:lfreschini59@histats.com#";"Minneapolis";"27/12/2021";"5";"BYOD-500";"167";"Drone Kits";"835"
"asouthallg@sohu.com#mailto:asouthallg@sohu.com#";"Daytona Beach";"27/12/2021";"4";"BYOR-3535";"225";"Robot Kits";"900"
"ldreschler65@reverbnation.com#mailto:ldreschler65@reverbnation.com#";"Little Rock";"27/12/2021";"3";"RTF Drones";"16.99";"eBooks";"50.97"
"smarojq@odnoklassniki.ru#mailto:smarojq@odnoklassniki.ru#";"Philadelphia";"28/01/2020";"3";"Industrial 3D Printing";"49";"Training Videos";"147"
"dwimburya7@nationalgeographic.com#mailto:dwimburya7@nationalgeographic.com#";"Hartford";"28/01/2020";"4";"Building Your First Robot";"24.95";"eBooks";"99.8"
"sgehringer4s@auda.org.au#mailto:sgehringer4s@auda.org.au#";"Boston";"28/01/2020";"3";"GPS Drones";"19.99";"eBooks";"59.97"
"kdejf@trellian.com#mailto:kdejf@trellian.com#";"Cincinnati";"28/01/2021";"4";"Understanding Automation";"44.95";"Training Videos";"179.8"
"dtilbey5p@ow.ly#mailto:dtilbey5p@ow.ly#";"San Francisco";"28/01/2021";"4";"Drone Video Techniques";"37.99";"Training Videos";"151.96"
"rpittsel@t.co#mailto:rpittsel@t.co#";"Savannah";"28/02/2020";"5";"Helicopter Drones";"20.95";"eBooks";"104.75"
"aduberryoq@hugedomains.com#mailto:aduberryoq@hugedomains.com#";"Trenton";"28/02/2020";"3";"RXW-9807 Robot";"599";"Robots";"1797"
"psherrottp2@e-recht24.de#mailto:psherrottp2@e-recht24.de#";"Newark";"28/02/2020";"4";"Spherical Robots";"16.75";"eBooks";"67"
"sdixceekl@vkontakte.ru#mailto:sdixceekl@vkontakte.ru#";"Lafayette";"28/02/2020";"4";"Building Your First Robot";"24.95";"eBooks";"99.8"
"emcrory6y@mac.com#mailto:emcrory6y@mac.com#";"Birmingham";"28/02/2020";"4";"DTI-84 Drone";"455";"Drones";"1820"
"rsneden5y@dailymail.co.uk#mailto:rsneden5y@dailymail.co.uk#";"Des Moines";"28/02/2021";"3";"Understanding 3D Printing";"42.99";"Training Videos";"128.97"
"mgales3v@123-reg.co.uk#mailto:mgales3v@123-reg.co.uk#";"Alhambra";"28/02/2021";"4";"BYOR-1000";"189";"Robot Kits";"756"
"thonig4c@google.ru#mailto:thonig4c@google.ru#";"Maple Plain";"28/02/2021";"4";"BYOD-350";"89.95";"Drone Kits";"359.8"
"ngeffcock6z@weebly.com#mailto:ngeffcock6z@weebly.com#";"Nashville";"28/02/2021";"6";"DTI-84 Drone";"455";"Drones";"2730"
"dparysowna48@multiply.com#mailto:dparysowna48@multiply.com#";"Lexington";"28/03/2020";"5";"RXW-9807 Robot";"599";"Robots";"2995"
"vhawsii@engadget.com#mailto:vhawsii@engadget.com#";"Sacramento";"28/03/2020";"5";"DX-145 Drone";"250";"Drones";"1250"
"rgilbeekq@cdbaby.com#mailto:rgilbeekq@cdbaby.com#";"Mobile";"28/03/2020";"4";"Cartesian Robots";"12.99";"eBooks";"51.96"
"afairpoge@joomla.org#mailto:afairpoge@joomla.org#";"Albany";"28/03/2021";"5";"Multi Rotor Drones";"24.95";"eBooks";"124.75"
"croylede@dot.gov#mailto:croylede@dot.gov#";"Virginia Beach";"28/03/2021";"5";"BYOD-500";"167";"Drone Kits";"835"
"bgraceg3@nih.gov#mailto:bgraceg3@nih.gov#";"Grand Junction";"28/03/2021";"4";"BYOD-220";"69";"Drone Kits";"276"
"hwissbypy@msu.edu#mailto:hwissbypy@msu.edu#";"Chicago";"28/03/2021";"3";"Photograph Drones";"14.99";"eBooks";"44.97"
"woxleemg@europa.eu#mailto:woxleemg@europa.eu#";"Miami";"28/04/2020";"4";"SCARA Robots";"19.5";"eBooks";"78"
"dmckinlayoj@google.fr#mailto:dmckinlayoj@google.fr#";"Los Angeles";"28/04/2020";"2";"Sleepy Eye Blueprint";"11.99";"Blueprints";"23.98"
"zsarrell9r@jugem.jp#mailto:zsarrell9r@jugem.jp#";"Charlotte";"28/04/2021";"1";"BYOD-400S";"129.95";"Drone Kits";"129.95"
"rdevoqd@about.me#mailto:rdevoqd@about.me#";"Stamford";"28/04/2021";"4";"Understanding Raspberry PI";"28.99";"Training Videos";"115.96"
"ksmeetongu@wordpress.com#mailto:ksmeetongu@wordpress.com#";"Tulsa";"28/04/2021";"5";"RWW-75 Robot";"883";"Robots";"4415"
"lcotaeq@prweb.com#mailto:lcotaeq@prweb.com#";"Oakland";"28/04/2021";"4";"RXW-9807 Robot";"599";"Robots";"2396"
"dhenlonc2@blogs.com#mailto:dhenlonc2@blogs.com#";"Denver";"28/05/2020";"3";"BYOR-1000";"189";"Robot Kits";"567"
"vcosteb2@umn.edu#mailto:vcosteb2@umn.edu#";"Grand Rapids";"28/05/2020";"4";"BYOD-200";"58.95";"Drone Kits";"235.8"
"jnewlinq9@admin.ch#mailto:jnewlinq9@admin.ch#";"Jackson";"28/05/2020";"4";"Understanding Arduino";"17.5";"eBooks";"70"
"nshaw9u@craigslist.org#mailto:nshaw9u@craigslist.org#";"Arlington";"28/05/2020";"5";"Aerial Security";"36.99";"Training Videos";"184.95000000000002"
"ggoodere4q@scientificamerican.com#mailto:ggoodere4q@scientificamerican.com#";"Omaha";"28/05/2021";"4";"BYOD-220";"69";"Drone Kits";"276"
"erawlisonnz@umn.edu#mailto:erawlisonnz@umn.edu#";"Philadelphia";"28/05/2021";"5";"RQTE-554 Robot";"684";"Robots";"3420"
"bdi6g@aol.com#mailto:bdi6g@aol.com#";"San Bernardino";"28/06/2020";"3";"DTI-84 Drone";"455";"Drones";"1365"
"rjoannet8r@prnewswire.com#mailto:rjoannet8r@prnewswire.com#";"San Antonio";"28/06/2020";"4";"QuadroCopter Blueprint";"10.99";"Blueprints";"43.96"
"masprayr8@shareasale.com#mailto:masprayr8@shareasale.com#";"Minneapolis";"28/06/2020";"3";"Hexacopter Drone Blueprint";"8.99";"Blueprints";"26.97"
"cswanm7@ft.com#mailto:cswanm7@ft.com#";"Redwood City";"28/06/2020";"4";"BYOR-4005";"245";"Robot Kits";"980"
"ndemv@skyrock.com#mailto:ndemv@skyrock.com#";"Denver";"28/06/2020";"4";"All Eyes Drone Blueprint";"9.99";"Blueprints";"39.96"
"sevason91@berkeley.edu#mailto:sevason91@berkeley.edu#";"Pittsburgh";"28/06/2021";"3";"BYOD-200";"58.95";"Drone Kits";"176.85000000000002"
"rcossumba@devhub.com#mailto:rcossumba@devhub.com#";"Saint Louis";"28/06/2021";"5";"DTD-7000 Drone";"450";"Drones";"2250"
"dfison78@163.com#mailto:dfison78@163.com#";"Long Beach";"28/06/2021";"4";"Multi Rotor Drones";"24.95";"eBooks";"99.8"
"mbetkepi@goo.gl#mailto:mbetkepi@goo.gl#";"Garland";"28/06/2021";"4";"Industrial 3D Printing";"49";"Training Videos";"196"
"dbromagem4@tuttocitta.it#mailto:dbromagem4@tuttocitta.it#";"Bellevue";"28/07/2020";"4";"BYOR-3000";"214";"Robot Kits";"856"
"rscamblernd@dedecms.com#mailto:rscamblernd@dedecms.com#";"Albuquerque";"28/07/2020";"2";"RQTE-554 Robot";"684";"Robots";"1368"
"zsarrell9r@jugem.jp#mailto:zsarrell9r@jugem.jp#";"Charlotte";"28/07/2020";"5";"Spherical Robots";"16.75";"eBooks";"83.75"
"sbodycotekg@jalbum.net#mailto:sbodycotekg@jalbum.net#";"Oklahoma City";"28/07/2020";"3";"Photograph Drones";"14.99";"eBooks";"44.97"
"balveyf@vimeo.com#mailto:balveyf@vimeo.com#";"Whittier";"28/07/2021";"2";"Open Source Code";"32.95";"Training Videos";"65.9"
"coldallqc@senate.gov#mailto:coldallqc@senate.gov#";"Lawrenceville";"28/07/2021";"2";"Bsquare Robot Blueprint";"8.99";"Blueprints";"17.98"
"kgarroldqn@blogtalkradio.com#mailto:kgarroldqn@blogtalkradio.com#";"Evansville";"28/07/2021";"2";"Cat Robot Blueprint";"4.99";"Blueprints";"9.98"
"dlinzee4e@wsj.com#mailto:dlinzee4e@wsj.com#";"Tacoma";"28/07/2021";"2";"BYOR-3000";"214";"Robot Kits";"428"
"genochef@networkadvertising.org#mailto:genochef@networkadvertising.org#";"Zephyrhills";"28/08/2020";"6";"MICR-23K Robot";"899";"Robots";"5394"
"psherrottp2@e-recht24.de#mailto:psherrottp2@e-recht24.de#";"Newark";"28/08/2020";"3";"RXW-9807 Robot";"599";"Robots";"1797"
"klyer8@fotki.com#mailto:klyer8@fotki.com#";"Syracuse";"28/08/2020";"1";"Helicopter Drones";"20.95";"eBooks";"20.95"
"hdocwradl@discuz.net#mailto:hdocwradl@discuz.net#";"Denver";"28/08/2020";"3";"DTI-84 Drone";"455";"Drones";"1365"
"xhulle6v@shinystat.com#mailto:xhulle6v@shinystat.com#";"Charlotte";"28/08/2021";"2";"BYOD-300";"89";"Drone Kits";"178"
"scanonhz@smugmug.com#mailto:scanonhz@smugmug.com#";"Tacoma";"28/08/2021";"3";"Understanding 3D Printing";"42.99";"Training Videos";"128.97"
"mgreenroydo5@mapquest.com#mailto:mgreenroydo5@mapquest.com#";"Phoenix";"28/08/2021";"1";"Understanding Raspberry PI";"28.99";"Training Videos";"28.99"
"tlednor7r@forbes.com#mailto:tlednor7r@forbes.com#";"West Palm Beach";"28/08/2021";"4";"Hexacopter Drone Blueprint";"8.99";"Blueprints";"35.96"
"dvanqq@economist.com#mailto:dvanqq@economist.com#";"Fort Lauderdale";"28/08/2021";"2";"DX-145 Drone";"250";"Drones";"500"
"gstiggersdd@eventbrite.com#mailto:gstiggersdd@eventbrite.com#";"Saint Petersburg";"28/08/2021";"3";"All Eyes Drone Blueprint";"9.99";"Blueprints";"29.97"
"wwaisona4@people.com.cn#mailto:wwaisona4@people.com.cn#";"Cedar Rapids";"28/08/2021";"6";"Sleepy Eye Blueprint";"11.99";"Blueprints";"71.94"
"mtarrjp@theglobeandmail.com#mailto:mtarrjp@theglobeandmail.com#";"Miami";"28/08/2021";"3";"BYOR-3535";"225";"Robot Kits";"675"
"cwittringtonhp@netscape.com#mailto:cwittringtonhp@netscape.com#";"Nashville";"28/08/2021";"6";"Multi Rotor Drones";"24.95";"eBooks";"149.7"
"ecasaleql@nhs.uk#mailto:ecasaleql@nhs.uk#";"New Orleans";"28/09/2020";"3";"DTI-84 Drone";"455";"Drones";"1365"
"mmenlovelb@sbwire.com#mailto:mmenlovelb@sbwire.com#";"Fresno";"28/09/2020";"4";"Open Source Code";"32.95";"Training Videos";"131.8"
"hcharlor3@hao123.com#mailto:hcharlor3@hao123.com#";"Concord";"28/09/2020";"3";"Understanding Drone Regulations";"27.5";"Training Videos";"82.5"
"vde2y@sciencedirect.com#mailto:vde2y@sciencedirect.com#";"Philadelphia";"28/09/2020";"1";"Photograph Drones";"14.99";"eBooks";"14.99"
"cpardidp@wordpress.com#mailto:cpardidp@wordpress.com#";"Sioux Falls";"28/09/2020";"3";"BYOR-1500";"189";"Robot Kits";"567"
"rdomoney10@washingtonpost.com#mailto:rdomoney10@washingtonpost.com#";"Raleigh";"28/09/2020";"2";"Drone Video Techniques";"37.99";"Training Videos";"75.98"
"dagronskiq9@surveymonkey.com#mailto:dagronskiq9@surveymonkey.com#";"Clearwater";"28/09/2021";"2";"MICR-564K Drone";"499";"Drones";"998"
"jzellick84@ustream.tv#mailto:jzellick84@ustream.tv#";"Washington";"28/09/2021";"3";"Sleepy Eye Blueprint";"11.99";"Blueprints";"35.97"
"mscuphamj1@oaic.gov.au#mailto:mscuphamj1@oaic.gov.au#";"El Paso";"28/09/2021";"4";"MICR-23K Robot";"899";"Robots";"3596"
"gmasic8k@whitehouse.gov#mailto:gmasic8k@whitehouse.gov#";"Greeley";"28/10/2020";"4";"Single Rotor Drones";"14.99";"eBooks";"59.96"
"jrobus9b@miitbeian.gov.cn#mailto:jrobus9b@miitbeian.gov.cn#";"Colorado Springs";"28/10/2020";"2";"Building Your Own Drone";"24.99";"eBooks";"49.98"
"dlardezgv@businessinsider.com#mailto:dlardezgv@businessinsider.com#";"Fullerton";"28/10/2020";"1";"BYOD-550";"179";"Drone Kits";"179"
"mlinckeh5@ebay.com#mailto:mlinckeh5@ebay.com#";"Trenton";"28/10/2020";"4";"RCB-889 Robot";"549";"Robots";"2196"
"fraylton54@fema.gov#mailto:fraylton54@fema.gov#";"Englewood";"28/10/2021";"2";"Virtual Reality Basics";"29.99";"Training Videos";"59.98"
"smixturere@businesswire.com#mailto:smixturere@businesswire.com#";"New Hyde Park";"28/10/2021";"4";"AI for Educators";"49.95";"Training Videos";"199.8"
"dtheodoris2s@drupal.org#mailto:dtheodoris2s@drupal.org#";"Albany";"28/10/2021";"3";"Understanding Drone Regulations";"27.5";"Training Videos";"82.5"
"ibelfelteo@dedecms.com#mailto:ibelfelteo@dedecms.com#";"Chicago";"28/10/2021";"2";"DTE-QFN20 Drone";"250";"Drones";"500"
"vmcfeee7@wiley.com#mailto:vmcfeee7@wiley.com#";"Detroit";"28/11/2020";"5";"RCB-889 Robot";"549";"Robots";"2745"
"qrozalskip7@diigo.com#mailto:qrozalskip7@diigo.com#";"Morgantown";"28/11/2020";"5";"Aerial Security";"36.99";"Training Videos";"184.95000000000002"
"aolekhovn7@webmd.com#mailto:aolekhovn7@webmd.com#";"Salt Lake City";"28/11/2020";"4";"BYOD-550";"179";"Drone Kits";"716"
"wsayergy@prnewswire.com#mailto:wsayergy@prnewswire.com#";"Bradenton";"28/11/2021";"1";"Virtual Reality Basics";"29.99";"Training Videos";"29.99"
"myashaev3h@ow.ly#mailto:myashaev3h@ow.ly#";"Gainesville";"28/11/2021";"2";"Drone Video Techniques";"37.99";"Training Videos";"75.98"
"mtwydell6r@bravesites.com#mailto:mtwydell6r@bravesites.com#";"Fort Worth";"28/11/2021";"5";"BYOD-350";"89.95";"Drone Kits";"449.75"
"dnockb7@ycombinator.com#mailto:dnockb7@ycombinator.com#";"Austin";"28/12/2020";"2";"BYOD-100";"54";"Drone Kits";"108"
"mbuckmaster6b@mediafire.com#mailto:mbuckmaster6b@mediafire.com#";"Detroit";"28/12/2020";"5";"Mapping with Drones";"49";"Training Videos";"245"
"akellawayds@github.io#mailto:akellawayds@github.io#";"Lawrenceville";"28/12/2020";"5";"SCARA Robots";"19.5";"eBooks";"97.5"
"jpatricheg4@paypal.com#mailto:jpatricheg4@paypal.com#";"Washington";"28/12/2020";"3";"DX-145 Drone";"250";"Drones";"750"
"jmatuskame@ft.com#mailto:jmatuskame@ft.com#";"Atlanta";"28/12/2020";"6";"Bsquare Robot Blueprint";"8.99";"Blueprints";"53.94"
"dkainzh6@freewebs.com#mailto:dkainzh6@freewebs.com#";"Albany";"28/12/2020";"6";"BYOD-200";"58.95";"Drone Kits";"353.70000000000005"
"dburnistondv@nymag.com#mailto:dburnistondv@nymag.com#";"Evansville";"28/12/2021";"6";"BYOD-200";"58.95";"Drone Kits";"353.70000000000005"
"astampir@gizmodo.com#mailto:astampir@gizmodo.com#";"Phoenix";"28/12/2021";"3";"BYOD-200";"58.95";"Drone Kits";"176.85000000000002"
"gplainak@canalblog.com#mailto:gplainak@canalblog.com#";"Philadelphia";"28/12/2021";"4";"BYOD-100";"54";"Drone Kits";"216"
"icastroj8@trellian.com#mailto:icastroj8@trellian.com#";"San Angelo";"29/01/2020";"4";"Creature Robot Arms Blueprint";"12";"Blueprints";"48"
"dfriel54@howstuffworks.com#mailto:dfriel54@howstuffworks.com#";"Young America";"29/01/2020";"4";"Cartesian Robots";"12.99";"eBooks";"51.96"
"genochef@networkadvertising.org#mailto:genochef@networkadvertising.org#";"Zephyrhills";"29/01/2020";"5";"AI for Educators";"49.95";"Training Videos";"249.75"
"msuggettgh@php.net#mailto:msuggettgh@php.net#";"Cincinnati";"29/01/2021";"3";"DTI-84 Drone";"455";"Drones";"1365"
"wellinghamho@npr.org#mailto:wellinghamho@npr.org#";"Buffalo";"29/01/2021";"3";"BYOR-4005";"245";"Robot Kits";"735"
"kdjurdjevicim@harvard.edu#mailto:kdjurdjevicim@harvard.edu#";"Mobile";"29/01/2021";"2";"QuadroCopter Blueprint";"10.99";"Blueprints";"21.98"
"zstanes3a@google.com#mailto:zstanes3a@google.com#";"Des Moines";"29/01/2021";"6";"BYOD-550";"179";"Drone Kits";"1074"
"sbroadstocklo@hao123.com#mailto:sbroadstocklo@hao123.com#";"Santa Monica";"29/01/2021";"4";"DC-304 Drone";"395";"Drones";"1580"
"dparysowna48@multiply.com#mailto:dparysowna48@multiply.com#";"Lexington";"29/01/2021";"2";"Articulated Robots";"23.99";"eBooks";"47.98"
"jginley9y@seesaa.net#mailto:jginley9y@seesaa.net#";"Dayton";"29/01/2021";"5";"All Eyes Drone Blueprint";"9.99";"Blueprints";"49.95"
"dagronskiq9@surveymonkey.com#mailto:dagronskiq9@surveymonkey.com#";"Clearwater";"29/01/2021";"6";"Articulated Robots";"23.99";"eBooks";"143.94"
"abrokeqg@ihg.com#mailto:abrokeqg@ihg.com#";"Los Angeles";"29/02/2020";"1";"Single Rotor Drones";"14.99";"eBooks";"14.99"
"rhutchin7y@springer.com#mailto:rhutchin7y@springer.com#";"Washington";"29/02/2020";"5";"RCB-889 Robot";"549";"Robots";"2745"
"abernaertc9@newyorker.com#mailto:abernaertc9@newyorker.com#";"Albuquerque";"29/03/2020";"5";"Delivery Drones";"14.99";"eBooks";"74.95"
"swestby1v@msu.edu#mailto:swestby1v@msu.edu#";"Berkeley";"29/03/2020";"1";"Understanding Drone Regulations";"27.5";"Training Videos";"27.5"
"ffollacaro85@nbcnews.com#mailto:ffollacaro85@nbcnews.com#";"Lexington";"29/03/2020";"4";"Drone Video Techniques";"37.99";"Training Videos";"151.96"
"mgemmillns@typepad.com#mailto:mgemmillns@typepad.com#";"New Orleans";"29/03/2020";"3";"RXW-9807 Robot";"599";"Robots";"1797"
"bkemet2w@nbcnews.com#mailto:bkemet2w@nbcnews.com#";"Chicago";"29/03/2020";"4";"Understanding Automation";"44.95";"Training Videos";"179.8"
"egrinleyfb@slate.com#mailto:egrinleyfb@slate.com#";"Baton Rouge";"29/03/2021";"2";"DTD-7000 Drone";"450";"Drones";"900"
"sbyasnq@netvibes.com#mailto:sbyasnq@netvibes.com#";"Los Angeles";"29/03/2021";"2";"MICR-564K Drone";"499";"Drones";"998"
"lbeckensall2c@mlb.com#mailto:lbeckensall2c@mlb.com#";"Philadelphia";"29/03/2021";"1";"Understanding Raspberry PI";"28.99";"Training Videos";"28.99"
"fsteersiy@hatena.ne.jp#mailto:fsteersiy@hatena.ne.jp#";"Cincinnati";"29/03/2021";"3";"Understanding Arduino";"17.5";"eBooks";"52.5"
"ltippettsfq@aol.com#mailto:ltippettsfq@aol.com#";"Harrisburg";"29/03/2021";"6";"DA-SA702 Drone";"399";"Drones";"2394"
"vfranktonpt@ustream.tv#mailto:vfranktonpt@ustream.tv#";"Baton Rouge";"29/03/2021";"1";"Aerial Security";"36.99";"Training Videos";"36.99"
"gboomesjr@scribd.com#mailto:gboomesjr@scribd.com#";"Portsmouth";"29/03/2021";"2";"BYOR-3000";"214";"Robot Kits";"428"
"emcrory6y@mac.com#mailto:emcrory6y@mac.com#";"Birmingham";"29/03/2021";"2";"BYOD-400";"119";"Drone Kits";"238"
"dhakey77@businessinsider.com#mailto:dhakey77@businessinsider.com#";"Norfolk";"29/03/2021";"2";"Panda Robot Blueprint";"7.99";"Blueprints";"15.98"
"dchoudhury7a@yale.edu#mailto:dchoudhury7a@yale.edu#";"Seattle";"29/04/2020";"5";"Helicopter Drones";"20.95";"eBooks";"104.75"
"ptomeod@cpanel.net#mailto:ptomeod@cpanel.net#";"Amarillo";"29/04/2020";"2";"SCARA Robots";"19.5";"eBooks";"39"
"lhydermu@microsoft.com#mailto:lhydermu@microsoft.com#";"Oakland";"29/04/2020";"3";"Mapping with Drones";"49";"Training Videos";"147"
"ktwallinin@berkeley.edu#mailto:ktwallinin@berkeley.edu#";"Falls Church";"29/04/2020";"3";"BYOR-2640S";"189";"Robot Kits";"567"
"tpavlovnh@nps.gov#mailto:tpavlovnh@nps.gov#";"Pasadena";"29/04/2020";"6";"Ladybug Robot Blueprint";"12";"Blueprints";"72"
"ekenfordqw@amazon.co.jp#mailto:ekenfordqw@amazon.co.jp#";"Lake Charles";"29/04/2021";"3";"RCB-889 Robot";"549";"Robots";"1647"
"ajeppsjo@skype.com#mailto:ajeppsjo@skype.com#";"Philadelphia";"29/04/2021";"2";"Photograph Drones";"14.99";"eBooks";"29.98"
"rbulstrodel4@noaa.gov#mailto:rbulstrodel4@noaa.gov#";"Minneapolis";"29/05/2020";"4";"Understanding Arduino";"17.5";"eBooks";"70"
"wellinghamho@npr.org#mailto:wellinghamho@npr.org#";"Buffalo";"29/05/2020";"5";"Building Your Own Drone";"24.99";"eBooks";"124.94999999999999"
"tcoytesas@technorati.com#mailto:tcoytesas@technorati.com#";"Monticello";"29/05/2020";"3";"Robotic Essentials";"34.99";"Training Videos";"104.97"
"jhamblington1j@omniture.com#mailto:jhamblington1j@omniture.com#";"Macon";"29/05/2020";"3";"Drone Video Techniques";"37.99";"Training Videos";"113.97"
"lthumanno7@sakura.ne.jp#mailto:lthumanno7@sakura.ne.jp#";"East Saint Louis";"29/05/2020";"3";"DTE-QFN20 Drone";"250";"Drones";"750"
"akellawayds@github.io#mailto:akellawayds@github.io#";"Lawrenceville";"29/05/2021";"2";"BYOR-4005";"245";"Robot Kits";"490"
"blampkinw@ihg.com#mailto:blampkinw@ihg.com#";"San Diego";"29/05/2021";"6";"Robotic Essentials";"34.99";"Training Videos";"209.94"
"jliddleiv@skype.com#mailto:jliddleiv@skype.com#";"Lexington";"29/06/2020";"4";"BYOR-1000";"189";"Robot Kits";"756"
"cartist90@theatlantic.com#mailto:cartist90@theatlantic.com#";"Columbia";"29/06/2021";"3";"Drone Video Techniques";"37.99";"Training Videos";"113.97"
"cbasterfieldp7@indiatimes.com#mailto:cbasterfieldp7@indiatimes.com#";"Spartanburg";"29/06/2021";"1";"Bsquare Robot Blueprint";"8.99";"Blueprints";"8.99"
"pwallmanam@booking.com#mailto:pwallmanam@booking.com#";"Stamford";"29/06/2021";"5";"BYOD-100";"54";"Drone Kits";"270"
"ctusonh0@hc360.com#mailto:ctusonh0@hc360.com#";"New Orleans";"29/06/2021";"4";"Creature Robot Arms Blueprint";"12";"Blueprints";"48"
"astrikei9@opensource.org#mailto:astrikei9@opensource.org#";"Philadelphia";"29/06/2021";"3";"Fixed Wing Drones";"15.5";"eBooks";"46.5"
"mvosemk@hugedomains.com#mailto:mvosemk@hugedomains.com#";"Boston";"29/06/2021";"5";"Building Your First Robot";"24.95";"eBooks";"124.75"
"rlevayis@angelfire.com#mailto:rlevayis@angelfire.com#";"Lake Worth";"29/06/2021";"2";"Creature Robot Arms Blueprint";"12";"Blueprints";"24"
"htrask5m@oaic.gov.au#mailto:htrask5m@oaic.gov.au#";"Phoenix";"29/07/2020";"1";"Understanding 3D Printing";"42.99";"Training Videos";"42.99"
"vkirkhousecy@squidoo.com#mailto:vkirkhousecy@squidoo.com#";"Boston";"29/07/2020";"6";"RXW-9807 Robot";"599";"Robots";"3594"
"targonttna@indiegogo.com#mailto:targonttna@indiegogo.com#";"Washington";"29/07/2020";"4";"Understanding 3D Printing";"42.99";"Training Videos";"171.96"
"landryseko1@time.com#mailto:landryseko1@time.com#";"Washington";"29/07/2020";"5";"QuadroCopter Blueprint";"10.99";"Blueprints";"54.95"
"awoodruffo@techcrunch.com#mailto:awoodruffo@techcrunch.com#";"Rochester";"29/07/2020";"4";"Sleepy Eye Blueprint";"11.99";"Blueprints";"47.96"
"dpiatek2j@printfriendly.com#mailto:dpiatek2j@printfriendly.com#";"Rochester";"29/07/2020";"3";"Understanding 3D Printing";"42.99";"Training Videos";"128.97"
"rkeeling3y@redcross.org#mailto:rkeeling3y@redcross.org#";"Daytona Beach";"29/07/2020";"3";"BYOR-4005";"245";"Robot Kits";"735"
"tstockings94@opera.com#mailto:tstockings94@opera.com#";"Flint";"29/07/2021";"4";"QuadroCopter Blueprint";"10.99";"Blueprints";"43.96"
"vdej0@live.com#mailto:vdej0@live.com#";"El Paso";"29/08/2020";"2";"BYOR-4005";"245";"Robot Kits";"490"
"bmegaineyhk@blogtalkradio.com#mailto:bmegaineyhk@blogtalkradio.com#";"Boston";"29/08/2020";"6";"Panda Robot Blueprint";"7.99";"Blueprints";"47.94"
"mmeneerkx@symantec.com#mailto:mmeneerkx@symantec.com#";"Daytona Beach";"29/08/2020";"1";"Helicopter Drones";"20.95";"eBooks";"20.95"
"loreillyk9@noaa.gov#mailto:loreillyk9@noaa.gov#";"Winter Haven";"29/08/2020";"5";"RLK-9920 Robot";"699";"Robots";"3495"
"bstichelom@adobe.com#mailto:bstichelom@adobe.com#";"Garland";"29/08/2021";"4";"DTD-7000 Drone";"450";"Drones";"1800"
"atwiggs6n@typepad.com#mailto:atwiggs6n@typepad.com#";"Seattle";"29/08/2021";"5";"Drone Building Essentials";"13.99";"eBooks";"69.95"
"rkunischfi@dion.ne.jp#mailto:rkunischfi@dion.ne.jp#";"San Francisco";"29/08/2021";"5";"Drone Video Techniques";"37.99";"Training Videos";"189.95000000000002"
"bhegden7x@scientificamerican.com#mailto:bhegden7x@scientificamerican.com#";"Newark";"29/08/2021";"2";"Fixed Wing Drones";"15.5";"eBooks";"31"
"atrenfieldf6@nba.com#mailto:atrenfieldf6@nba.com#";"Boston";"29/08/2021";"4";"Fixed Wing Drones";"15.5";"eBooks";"62"
"rcokayneh6@sciencedaily.com#mailto:rcokayneh6@sciencedaily.com#";"Saint Paul";"29/08/2021";"2";"DTD-7000 Drone";"450";"Drones";"900"
"rhutchin7y@springer.com#mailto:rhutchin7y@springer.com#";"Washington";"29/09/2020";"4";"Helicopter Drones";"20.95";"eBooks";"83.8"
"bsortongk@amazon.de#mailto:bsortongk@amazon.de#";"Bismarck";"29/09/2020";"4";"MICR-564K Drone";"499";"Drones";"1996"
"gwillansih@yahoo.com#mailto:gwillansih@yahoo.com#";"Beaverton";"29/09/2020";"3";"SCARA Robots";"19.5";"eBooks";"58.5"
"jlinnard3f@plala.or.jp#mailto:jlinnard3f@plala.or.jp#";"Nashville";"29/09/2020";"2";"SCARA Robots";"19.5";"eBooks";"39"
"babramovitzep@about.com#mailto:babramovitzep@about.com#";"Sioux Falls";"29/09/2020";"6";"Understanding 3D Printing";"42.99";"Training Videos";"257.94"
"eblackader1@timesonline.co.uk#mailto:eblackader1@timesonline.co.uk#";"Stockton";"29/09/2021";"2";"Spherical Robots";"16.75";"eBooks";"33.5"
"cgunnyj2@nyu.edu#mailto:cgunnyj2@nyu.edu#";"Tallahassee";"29/09/2021";"3";"RTF Drones";"16.99";"eBooks";"50.97"
"aguiongo@behance.net#mailto:aguiongo@behance.net#";"Houston";"29/09/2021";"4";"Cloud Computing";"29.99";"Training Videos";"119.96"
"aalbersq1@pbs.org#mailto:aalbersq1@pbs.org#";"Ventura";"29/09/2021";"5";"Photograph Drones";"14.99";"eBooks";"74.95"
"iduredengd@github.com#mailto:iduredengd@github.com#";"Pittsburgh";"29/10/2020";"5";"BYOD-400S";"129.95";"Drone Kits";"649.75"
"rkediebz@uol.com.br#mailto:rkediebz@uol.com.br#";"Virginia Beach";"29/10/2020";"3";"BYOD-220";"69";"Drone Kits";"207"
"ahileycr@hc360.com#mailto:ahileycr@hc360.com#";"Orlando";"29/10/2020";"3";"Open Source Code";"32.95";"Training Videos";"98.85000000000001"
"rfreearew@deviantart.com#mailto:rfreearew@deviantart.com#";"Minneapolis";"29/10/2020";"5";"Understanding Automation";"44.95";"Training Videos";"224.75"
"jbestwerthick7n@sciencedaily.com#mailto:jbestwerthick7n@sciencedaily.com#";"Mobile";"29/10/2021";"3";"AI for Educators";"49.95";"Training Videos";"149.85000000000002"
"bmedewaylp@dailymotion.com#mailto:bmedewaylp@dailymotion.com#";"San Francisco";"29/10/2021";"1";"Mapping with Drones";"49";"Training Videos";"49"
"ksteershp@ameblo.jp#mailto:ksteershp@ameblo.jp#";"San Diego";"29/10/2021";"5";"Ladybug Robot Blueprint";"12";"Blueprints";"60"
"ebartelsellisll@va.gov#mailto:ebartelsellisll@va.gov#";"Rockford";"29/10/2021";"2";"DTE-QFN20 Drone";"250";"Drones";"500"
"llee6@reddit.com#mailto:llee6@reddit.com#";"Trenton";"29/10/2021";"3";"DTD-7000 Drone";"450";"Drones";"1350"
"rslocombbh@wunderground.com#mailto:rslocombbh@wunderground.com#";"Appleton";"29/11/2020";"5";"DTD-7000 Drone";"450";"Drones";"2250"
"gplainak@canalblog.com#mailto:gplainak@canalblog.com#";"Philadelphia";"29/11/2021";"1";"BYOD-500";"167";"Drone Kits";"167"
"cbarker7t@clickbank.net#mailto:cbarker7t@clickbank.net#";"Saint Petersburg";"29/11/2021";"5";"BYOD-400S";"129.95";"Drone Kits";"649.75"
"sactonhe@amazon.co.jp#mailto:sactonhe@amazon.co.jp#";"Harrisburg";"29/11/2021";"6";"BYOD-500";"167";"Drone Kits";"1002"
"astrikei9@opensource.org#mailto:astrikei9@opensource.org#";"Philadelphia";"29/11/2021";"5";"Industrial 3D Printing";"49";"Training Videos";"245"
"ehammantkh@ow.ly#mailto:ehammantkh@ow.ly#";"Carson City";"29/11/2021";"4";"RXW-9807 Robot";"599";"Robots";"2396"
"jjohnesgq@ca.gov#mailto:jjohnesgq@ca.gov#";"North Port";"29/12/2020";"2";"SCARA Robots";"19.5";"eBooks";"39"
"croughleyhg@paypal.com#mailto:croughleyhg@paypal.com#";"Gulfport";"29/12/2020";"5";"Virtual Reality Basics";"29.99";"Training Videos";"149.95"
"jrayhille0@chronoengine.com#mailto:jrayhille0@chronoengine.com#";"Baton Rouge";"29/12/2020";"1";"Sleepy Eye Blueprint";"11.99";"Blueprints";"11.99"
"jkleinzweigla@bluehost.com#mailto:jkleinzweigla@bluehost.com#";"Chandler";"29/12/2021";"3";"DA-SA702 Drone";"399";"Drones";"1197"
"sbolgerfn@epa.gov#mailto:sbolgerfn@epa.gov#";"Sacramento";"29/12/2021";"3";"QuadroCopter Blueprint";"10.99";"Blueprints";"32.97"
"ddonoherh2@joomla.org#mailto:ddonoherh2@joomla.org#";"Dallas";"29/12/2021";"4";"MICR-23K Robot";"899";"Robots";"3596"
"ldambrogiij@merriam-webster.com#mailto:ldambrogiij@merriam-webster.com#";"Columbia";"29/12/2021";"3";"BYOR-1000";"189";"Robot Kits";"567"
"rscoinesk6@blogspot.com#mailto:rscoinesk6@blogspot.com#";"Madison";"30/01/2020";"4";"Polar Robots";"23.99";"eBooks";"95.96"
"lholliboneai@columbia.edu#mailto:lholliboneai@columbia.edu#";"San Antonio";"30/01/2020";"5";"RCB-889 Robot";"549";"Robots";"2745"
"htidmanmv@ucla.edu#mailto:htidmanmv@ucla.edu#";"Knoxville";"30/01/2020";"4";"BYOD-400";"119";"Drone Kits";"476"
"rgeorgelin5v@istockphoto.com#mailto:rgeorgelin5v@istockphoto.com#";"Brooklyn";"30/01/2020";"3";"Ladybug Robot Blueprint";"12";"Blueprints";"36"
"rranyelld5n@msn.com#mailto:rranyelld5n@msn.com#";"Oxnard";"30/01/2020";"3";"RCB-889 Robot";"549";"Robots";"1647"
"cbaylessm3@mayoclinic.com#mailto:cbaylessm3@mayoclinic.com#";"Charleston";"30/01/2021";"2";"BYOD-550";"179";"Drone Kits";"358"
"flowdeaneb7@google.ca#mailto:flowdeaneb7@google.ca#";"Birmingham";"30/01/2021";"6";"SCARA Robots";"19.5";"eBooks";"117"
"dshalloo5i@redcross.org#mailto:dshalloo5i@redcross.org#";"Yakima";"30/01/2021";"4";"BYOD-200";"58.95";"Drone Kits";"235.8"
"bmedewaylp@dailymotion.com#mailto:bmedewaylp@dailymotion.com#";"San Francisco";"30/01/2021";"4";"Drone Building Essentials";"13.99";"eBooks";"55.96"
"tarchnl@gnu.org#mailto:tarchnl@gnu.org#";"Peoria";"30/01/2021";"2";"BYOR-1000";"189";"Robot Kits";"378"
"hdocwradl@discuz.net#mailto:hdocwradl@discuz.net#";"Denver";"30/03/2020";"2";"Mapping with Drones";"49";"Training Videos";"98"
"crubbens6t@disqus.com#mailto:crubbens6t@disqus.com#";"Houston";"30/03/2020";"2";"BYOD-500";"167";"Drone Kits";"334"
"mwhiteleypw@istockphoto.com#mailto:mwhiteleypw@istockphoto.com#";"Trenton";"30/03/2020";"3";"DC-304 Drone";"395";"Drones";"1185"
"ccorbittif@java.com#mailto:ccorbittif@java.com#";"Oakland";"30/03/2021";"3";"DTI-84 Drone";"455";"Drones";"1365"
"bhoys51@smh.com.au#mailto:bhoys51@smh.com.au#";"Rochester";"30/03/2021";"3";"BYOD-200";"58.95";"Drone Kits";"176.85000000000002"
"rcullip99@hubpages.com#mailto:rcullip99@hubpages.com#";"Seattle";"30/03/2021";"3";"Building Your Own Drone";"24.99";"eBooks";"74.97"
"ecarmojq@aol.com#mailto:ecarmojq@aol.com#";"Stockton";"30/03/2021";"4";"RQTE-554 Robot";"684";"Robots";"2736"
"tfernhk@trellian.com#mailto:tfernhk@trellian.com#";"Seattle";"30/04/2020";"6";"Aerial Security";"36.99";"Training Videos";"221.94"
"lfromonte9@de.vu#mailto:lfromonte9@de.vu#";"Birmingham";"30/04/2020";"3";"BYOR-4005";"245";"Robot Kits";"735"
"afullagarpv@tamu.edu#mailto:afullagarpv@tamu.edu#";"Schaumburg";"30/04/2020";"5";"Cat Robot Blueprint";"4.99";"Blueprints";"24.950000000000003"
"ploryf4@slideshare.net#mailto:ploryf4@slideshare.net#";"Omaha";"30/04/2020";"3";"RQTE-554 Robot";"684";"Robots";"2052"
"rhankey71@jigsy.com#mailto:rhankey71@jigsy.com#";"Saint Louis";"30/04/2020";"4";"SCARA Robots";"19.5";"eBooks";"78"
"lcolmandv@free.fr#mailto:lcolmandv@free.fr#";"Arlington";"30/04/2021";"3";"Delivery Drones";"14.99";"eBooks";"44.97"
"lfanninou@tinypic.com#mailto:lfanninou@tinypic.com#";"Fairfax";"30/04/2021";"2";"BYOD-300";"89";"Drone Kits";"178"
"loreillyk9@noaa.gov#mailto:loreillyk9@noaa.gov#";"Winter Haven";"30/04/2021";"3";"RTF Drones";"16.99";"eBooks";"50.97"
"lfreschini59@histats.com#mailto:lfreschini59@histats.com#";"Minneapolis";"30/04/2021";"2";"DA-SA702 Drone";"399";"Drones";"798"
"mcoomlg@ocn.ne.jp#mailto:mcoomlg@ocn.ne.jp#";"West Palm Beach";"30/04/2021";"6";"BYOR-4005";"245";"Robot Kits";"1470"
"dhachette2u@gizmodo.com#mailto:dhachette2u@gizmodo.com#";"Madison";"30/05/2020";"2";"Building Your Own Drone";"24.99";"eBooks";"49.98"
"fuebeli@army.mil#mailto:fuebeli@army.mil#";"Lima";"30/05/2020";"2";"DA-SA702 Drone";"399";"Drones";"798"
"kgarroldqn@blogtalkradio.com#mailto:kgarroldqn@blogtalkradio.com#";"Evansville";"30/05/2020";"4";"Open Source Code";"32.95";"Training Videos";"131.8"
"whalgarth13@bloomberg.com#mailto:whalgarth13@bloomberg.com#";"Albany";"30/05/2020";"4";"Bsquare Robot Blueprint";"8.99";"Blueprints";"35.96"
"hgoslindk@live.com#mailto:hgoslindk@live.com#";"San Jose";"30/05/2020";"4";"BYOD-350";"89.95";"Drone Kits";"359.8"
"agouldthorpegr@virginia.edu#mailto:agouldthorpegr@virginia.edu#";"Lees Summit";"30/05/2020";"5";"DTI-84 Drone";"455";"Drones";"2275"
"krumford8a@wikia.com#mailto:krumford8a@wikia.com#";"Indianapolis";"30/05/2020";"4";"DTI-84 Drone";"455";"Drones";"1820"
"gsprulli4@angelfire.com#mailto:gsprulli4@angelfire.com#";"Mobile";"30/05/2020";"3";"BYOR-4005";"245";"Robot Kits";"735"
"pwaylett1r@nymag.com#mailto:pwaylett1r@nymag.com#";"Glendale";"30/05/2020";"2";"DC-304 Drone";"395";"Drones";"790"
"ltippettsfq@aol.com#mailto:ltippettsfq@aol.com#";"Harrisburg";"30/05/2021";"6";"BYOD-100";"54";"Drone Kits";"324"
"mwoottonhl@de.vu#mailto:mwoottonhl@de.vu#";"Bakersfield";"30/05/2021";"3";"Aerial Security";"36.99";"Training Videos";"110.97"
"sevason91@berkeley.edu#mailto:sevason91@berkeley.edu#";"Pittsburgh";"30/05/2021";"4";"BYOR-1000";"189";"Robot Kits";"756"
"bbedborohq@discuz.net#mailto:bbedborohq@discuz.net#";"Miami";"30/05/2021";"4";"Photograph Drones";"14.99";"eBooks";"59.96"
"sdixceekl@vkontakte.ru#mailto:sdixceekl@vkontakte.ru#";"Lafayette";"30/06/2020";"3";"Delivery Drones";"14.99";"eBooks";"44.97"
"awiddup44@addthis.com#mailto:awiddup44@addthis.com#";"Saint Paul";"30/06/2020";"5";"BYOR-2640S";"189";"Robot Kits";"945"
"dewbanksf0@google.es#mailto:dewbanksf0@google.es#";"Scranton";"30/06/2020";"5";"RWW-75 Robot";"883";"Robots";"4415"
"tmariansc4@dmoz.org#mailto:tmariansc4@dmoz.org#";"Corona";"30/06/2021";"1";"Mapping with Drones";"49";"Training Videos";"49"
"pcoltharddt@nature.com#mailto:pcoltharddt@nature.com#";"Herndon";"30/06/2021";"4";"RTF Drones";"16.99";"eBooks";"67.96"
"ktwallinin@berkeley.edu#mailto:ktwallinin@berkeley.edu#";"Falls Church";"30/06/2021";"2";"BYOD-550";"179";"Drone Kits";"358"
"lgertyan@theguardian.com#mailto:lgertyan@theguardian.com#";"Las Vegas";"30/06/2021";"3";"BYOD-100";"54";"Drone Kits";"162"
"bshillingtonn7@imageshack.us#mailto:bshillingtonn7@imageshack.us#";"El Paso";"30/06/2021";"3";"Single Rotor Drones";"14.99";"eBooks";"44.97"
"dbamsey14@admin.ch#mailto:dbamsey14@admin.ch#";"Lake Charles";"30/06/2021";"2";"RWW-75 Robot";"883";"Robots";"1766"
"kuttersonmz@arstechnica.com#mailto:kuttersonmz@arstechnica.com#";"Panama City";"30/06/2021";"5";"Understanding Artificial Intelligence";"19.5";"eBooks";"97.5"
"sweallf8@infoseek.co.jp#mailto:sweallf8@infoseek.co.jp#";"Young America";"30/06/2021";"6";"DTD-7000 Drone";"450";"Drones";"2700"
"rvernon5i@dion.ne.jp#mailto:rvernon5i@dion.ne.jp#";"Minneapolis";"30/07/2020";"5";"BYOD-500";"167";"Drone Kits";"835"
"wmacdowalb6@themeforest.net#mailto:wmacdowalb6@themeforest.net#";"San Diego";"30/07/2020";"5";"RCB-889 Robot";"549";"Robots";"2745"
"bgirardipx@istockphoto.com#mailto:bgirardipx@istockphoto.com#";"Bonita Springs";"30/07/2020";"2";"QuadroCopter Blueprint";"10.99";"Blueprints";"21.98"
"bmourant33@bluehost.com#mailto:bmourant33@bluehost.com#";"Evansville";"30/07/2020";"4";"Understanding 3D Printing";"42.99";"Training Videos";"171.96"
"vnemchinovq7@wiley.com#mailto:vnemchinovq7@wiley.com#";"Temple";"30/07/2020";"4";"BYOD-100";"54";"Drone Kits";"216"
"dtheodoris2s@drupal.org#mailto:dtheodoris2s@drupal.org#";"Albany";"30/07/2020";"3";"BYOD-400S";"129.95";"Drone Kits";"389.84999999999997"
"gmcmoyerc8@live.com#mailto:gmcmoyerc8@live.com#";"San Diego";"30/07/2021";"4";"Hexacopter Drone Blueprint";"8.99";"Blueprints";"35.96"
"vhuchotp0@lycos.com#mailto:vhuchotp0@lycos.com#";"Bismarck";"30/07/2021";"3";"Understanding Artificial Intelligence";"19.5";"eBooks";"58.5"
"iasman6a@wired.com#mailto:iasman6a@wired.com#";"Pasadena";"30/07/2021";"3";"BYOD-300";"89";"Drone Kits";"267"
"onovotnanl@wordpress.org#mailto:onovotnanl@wordpress.org#";"Fort Pierce";"30/07/2021";"3";"Hexacopter Drone Blueprint";"8.99";"Blueprints";"26.97"
"dbernsgt@soundcloud.com#mailto:dbernsgt@soundcloud.com#";"Virginia Beach";"30/07/2021";"2";"Virtual Reality Basics";"29.99";"Training Videos";"59.98"
"mcaddan7a@tinyurl.com#mailto:mcaddan7a@tinyurl.com#";"Decatur";"30/08/2020";"3";"BYOD-500";"167";"Drone Kits";"501"
"mgasquoinei8@yale.edu#mailto:mgasquoinei8@yale.edu#";"Spring";"30/08/2020";"2";"Delivery Drones";"14.99";"eBooks";"29.98"
"coldallqc@senate.gov#mailto:coldallqc@senate.gov#";"Lawrenceville";"30/08/2021";"3";"Articulated Robots";"23.99";"eBooks";"71.97"
"cassurcz@cmu.edu#mailto:cassurcz@cmu.edu#";"Berkeley";"30/08/2021";"5";"MICR-23K Robot";"899";"Robots";"4495"
"rruddle1s@hhs.gov#mailto:rruddle1s@hhs.gov#";"San Bernardino";"30/08/2021";"3";"Understanding Artificial Intelligence";"19.5";"eBooks";"58.5"
"bmeiklamiv@myspace.com#mailto:bmeiklamiv@myspace.com#";"Birmingham";"30/08/2021";"2";"Cartesian Robots";"12.99";"eBooks";"25.98"
"gcraiseo1@weibo.com#mailto:gcraiseo1@weibo.com#";"Rochester";"30/09/2020";"4";"BYOD-300";"89";"Drone Kits";"356"
"mbodessondq@admin.ch#mailto:mbodessondq@admin.ch#";"Rochester";"30/09/2020";"4";"BYOD-200";"58.95";"Drone Kits";"235.8"
"dmeaddowcrofth8@meetup.com#mailto:dmeaddowcrofth8@meetup.com#";"Tacoma";"30/09/2020";"4";"Understanding Arduino";"17.5";"eBooks";"70"
"cnenolz@mediafire.com#mailto:cnenolz@mediafire.com#";"Aurora";"30/09/2020";"2";"BYOR-1500";"189";"Robot Kits";"378"
"afarris5j@mediafire.com#mailto:afarris5j@mediafire.com#";"San Jose";"30/09/2020";"3";"BYOR-3535";"225";"Robot Kits";"675"
"pcoilsrg@cam.ac.uk#mailto:pcoilsrg@cam.ac.uk#";"Shawnee Mission";"30/09/2020";"3";"BYOR-3000";"214";"Robot Kits";"642"
"ymayzebv@gravatar.com#mailto:ymayzebv@gravatar.com#";"Ridgely";"30/09/2020";"3";"Articulated Robots";"23.99";"eBooks";"71.97"
"abelch59@chron.com#mailto:abelch59@chron.com#";"Flint";"30/09/2021";"1";"Panda Robot Blueprint";"7.99";"Blueprints";"7.99"
"pfarryannbq@tuttocitta.it#mailto:pfarryannbq@tuttocitta.it#";"Trenton";"30/09/2021";"3";"DTI-84 Drone";"455";"Drones";"1365"
"ytusonk8@buzzfeed.com#mailto:ytusonk8@buzzfeed.com#";"Chicago";"30/09/2021";"6";"Building Your Own Drone";"24.99";"eBooks";"149.94"
"eholleworth6j@de.vu#mailto:eholleworth6j@de.vu#";"Richmond";"30/09/2021";"4";"DTD-7000 Drone";"450";"Drones";"1800"
"smcgrann77@imageshack.us#mailto:smcgrann77@imageshack.us#";"Waco";"30/10/2020";"1";"Understanding Artificial Intelligence";"19.5";"eBooks";"19.5"
"ddunsmorehu@deliciousdays.com#mailto:ddunsmorehu@deliciousdays.com#";"Knoxville";"30/10/2020";"3";"Robotic Essentials";"34.99";"Training Videos";"104.97"
"thuettkq@last.fm#mailto:thuettkq@last.fm#";"Huntington";"30/10/2020";"4";"Building Your First Robot";"24.95";"eBooks";"99.8"
"cpoole8a@europa.eu#mailto:cpoole8a@europa.eu#";"Baltimore";"30/10/2020";"4";"BYOD-300";"89";"Drone Kits";"356"
"dshalloo5i@redcross.org#mailto:dshalloo5i@redcross.org#";"Yakima";"30/10/2021";"3";"BYOR-2640S";"189";"Robot Kits";"567"
"pgardjv@smugmug.com#mailto:pgardjv@smugmug.com#";"New York City";"30/10/2021";"2";"DX-145 Drone";"250";"Drones";"500"
"egrigoree2@51.la#mailto:egrigoree2@51.la#";"Orlando";"30/10/2021";"3";"Sleepy Eye Blueprint";"11.99";"Blueprints";"35.97"
"elittleproudqf@bigcartel.com#mailto:elittleproudqf@bigcartel.com#";"Greenville";"30/10/2021";"2";"DTD-7000 Drone";"450";"Drones";"900"
"ejurczik1j@booking.com#mailto:ejurczik1j@booking.com#";"Fairfax";"30/10/2021";"4";"Cartesian Robots";"12.99";"eBooks";"51.96"
"bwhitemanpf@dailymail.co.uk#mailto:bwhitemanpf@dailymail.co.uk#";"Spokane";"30/11/2020";"6";"MICR-564K Drone";"499";"Drones";"2994"
"amaylin91@cbc.ca#mailto:amaylin91@cbc.ca#";"Oklahoma City";"30/11/2020";"2";"Industrial 3D Printing";"49";"Training Videos";"98"
"plampkefp@umn.edu#mailto:plampkefp@umn.edu#";"Carson City";"30/11/2020";"2";"BYOR-2640S";"189";"Robot Kits";"378"
"lsuche3z@latimes.com#mailto:lsuche3z@latimes.com#";"Cleveland";"30/11/2020";"4";"BYOR-3000";"214";"Robot Kits";"856"
"dpickupj4@amazon.co.jp#mailto:dpickupj4@amazon.co.jp#";"Lexington";"30/11/2021";"5";"MICR-564K Drone";"499";"Drones";"2495"
"fbooseyjv@chicagotribune.com#mailto:fbooseyjv@chicagotribune.com#";"Richmond";"30/11/2021";"4";"DX-145 Drone";"250";"Drones";"1000"
"tcoytesas@technorati.com#mailto:tcoytesas@technorati.com#";"Monticello";"30/11/2021";"3";"BYOD-400";"119";"Drone Kits";"357"
"hottawellcs@sourceforge.net#mailto:hottawellcs@sourceforge.net#";"Wilmington";"30/11/2021";"1";"Single Rotor Drones";"14.99";"eBooks";"14.99"
"easkella0@eventbrite.com#mailto:easkella0@eventbrite.com#";"New Orleans";"30/11/2021";"6";"BYOD-550";"179";"Drone Kits";"1074"
"mwilbrahame@cnn.com#mailto:mwilbrahame@cnn.com#";"Oakland";"30/11/2021";"4";"All Eyes Drone Blueprint";"9.99";"Blueprints";"39.96"
"hdunfordlo@amazon.co.jp#mailto:hdunfordlo@amazon.co.jp#";"Shawnee Mission";"30/12/2020";"1";"Cloud Computing";"29.99";"Training Videos";"29.99"
"cpoole8a@europa.eu#mailto:cpoole8a@europa.eu#";"Baltimore";"30/12/2020";"3";"Cat Robot Blueprint";"4.99";"Blueprints";"14.97"
"cpala1d@mysql.com#mailto:cpala1d@mysql.com#";"Davenport";"30/12/2020";"3";"Understanding Artificial Intelligence";"19.5";"eBooks";"58.5"
"akelwaybamber47@pinterest.com#mailto:akelwaybamber47@pinterest.com#";"Boca Raton";"30/12/2021";"4";"Photograph Drones";"14.99";"eBooks";"59.96"
"hdarwentx@csmonitor.com#mailto:hdarwentx@csmonitor.com#";"Arlington";"30/12/2021";"4";"DTD-7000 Drone";"450";"Drones";"1800"
"lcotaeq@prweb.com#mailto:lcotaeq@prweb.com#";"Oakland";"31/01/2020";"3";"Cloud Computing";"29.99";"Training Videos";"89.97"
"ldomengetg1@nsw.gov.au#mailto:ldomengetg1@nsw.gov.au#";"Scottsdale";"31/01/2020";"4";"BYOD-500";"167";"Drone Kits";"668"
"eyakoboviczn6@fc2.com#mailto:eyakoboviczn6@fc2.com#";"Madison";"31/01/2020";"2";"DTD-7000 Drone";"450";"Drones";"900"
"dvassarph@ovh.net#mailto:dvassarph@ovh.net#";"Carson City";"31/01/2020";"3";"Aerial Security";"36.99";"Training Videos";"110.97"
"jbernaertqo@microsoft.com#mailto:jbernaertqo@microsoft.com#";"Toledo";"31/01/2020";"4";"Building Your First Robot";"24.95";"eBooks";"99.8"
"cshentonl8@java.com#mailto:cshentonl8@java.com#";"Cumming";"31/01/2020";"2";"BYOR-1000";"189";"Robot Kits";"378"
"rborlanddf@guardian.co.uk#mailto:rborlanddf@guardian.co.uk#";"Houston";"31/01/2021";"6";"Robotic Essentials";"34.99";"Training Videos";"209.94"
"cgillionm7@cdc.gov#mailto:cgillionm7@cdc.gov#";"Houston";"31/01/2021";"4";"Building Your Own Drone";"24.99";"eBooks";"99.96"
"dburnistondv@nymag.com#mailto:dburnistondv@nymag.com#";"Evansville";"31/01/2021";"3";"Single Rotor Drones";"14.99";"eBooks";"44.97"
"ghaethj@npr.org#mailto:ghaethj@npr.org#";"Seattle";"31/01/2021";"4";"Cartesian Robots";"12.99";"eBooks";"51.96"
"ccassellq3@japanpost.jp#mailto:ccassellq3@japanpost.jp#";"Cambridge";"31/01/2021";"4";"Drone Video Techniques";"37.99";"Training Videos";"151.96"
"sbroadstocklo@hao123.com#mailto:sbroadstocklo@hao123.com#";"Santa Monica";"31/01/2021";"5";"Industrial 3D Printing";"49";"Training Videos";"245"
"opunchm8@123-reg.co.uk#mailto:opunchm8@123-reg.co.uk#";"Alexandria";"31/01/2021";"1";"Cartesian Robots";"12.99";"eBooks";"12.99"
"gmalbon26@auda.org.au#mailto:gmalbon26@auda.org.au#";"Louisville";"31/03/2020";"3";"BYOD-100";"54";"Drone Kits";"162"
"jgethins4j@imageshack.us#mailto:jgethins4j@imageshack.us#";"Boston";"31/03/2020";"2";"Polar Robots";"23.99";"eBooks";"47.98"
"pkockkj@npr.org#mailto:pkockkj@npr.org#";"Salinas";"31/03/2020";"4";"Polar Robots";"23.99";"eBooks";"95.96"
"shasnip86@qq.com#mailto:shasnip86@qq.com#";"Tucson";"31/03/2021";"3";"Drone Building Essentials";"13.99";"eBooks";"41.97"
"rcouplandgz@google.com.br#mailto:rcouplandgz@google.com.br#";"San Antonio";"31/03/2021";"5";"Delivery Drones";"14.99";"eBooks";"74.95"
"epoppleston1m@gizmodo.com#mailto:epoppleston1m@gizmodo.com#";"Madison";"31/03/2021";"4";"Polar Robots";"23.99";"eBooks";"95.96"
"ngruczkara@google.it#mailto:ngruczkara@google.it#";"Flint";"31/05/2020";"4";"RCB-889 Robot";"549";"Robots";"2196"
"afullagarpv@tamu.edu#mailto:afullagarpv@tamu.edu#";"Schaumburg";"31/05/2020";"4";"Virtual Reality Basics";"29.99";"Training Videos";"119.96"
"kbanbridgehl@shop-pro.jp#mailto:kbanbridgehl@shop-pro.jp#";"Miami";"31/05/2020";"5";"Mapping with Drones";"49";"Training Videos";"245"
"clanneyiu@imdb.com#mailto:clanneyiu@imdb.com#";"Canton";"31/05/2020";"4";"RTF Drones";"16.99";"eBooks";"67.96"
"jromanetqs@google.co.jp#mailto:jromanetqs@google.co.jp#";"Fort Worth";"31/05/2021";"3";"Understanding 3D Printing";"42.99";"Training Videos";"128.97"
"tokeaveny41@fastcompany.com#mailto:tokeaveny41@fastcompany.com#";"Houston";"31/05/2021";"5";"Drone Building Essentials";"13.99";"eBooks";"69.95"
"meverlyo2@spotify.com#mailto:meverlyo2@spotify.com#";"South Bend";"31/05/2021";"5";"Single Rotor Drones";"14.99";"eBooks";"74.95"
"vandrettiro@exblog.jp#mailto:vandrettiro@exblog.jp#";"Reading";"31/07/2020";"2";"Mapping with Drones";"49";"Training Videos";"98"
"rrichlyg8@infoseek.co.jp#mailto:rrichlyg8@infoseek.co.jp#";"Miami Beach";"31/07/2020";"4";"BYOD-350";"89.95";"Drone Kits";"359.8"
"kgladdolphln@smugmug.com#mailto:kgladdolphln@smugmug.com#";"Decatur";"31/07/2020";"3";"BYOR-4005";"245";"Robot Kits";"735"
"rgilbeyat@clickbank.net#mailto:rgilbeyat@clickbank.net#";"Manassas";"31/07/2020";"5";"RLK-9920 Robot";"699";"Robots";"3495"
"respinosard@ebay.com#mailto:respinosard@ebay.com#";"Terre Haute";"31/07/2021";"5";"RXW-9807 Robot";"599";"Robots";"2995"
"cdownseol@google.com#mailto:cdownseol@google.com#";"Des Moines";"31/07/2021";"2";"Understanding Automation";"44.95";"Training Videos";"89.9"
"hbalmannht@skype.com#mailto:hbalmannht@skype.com#";"Los Angeles";"31/07/2021";"4";"MICR-23K Robot";"899";"Robots";"3596"
"mwaitonpx@fda.gov#mailto:mwaitonpx@fda.gov#";"Santa Fe";"31/07/2021";"2";"Robotic Essentials";"34.99";"Training Videos";"69.98"
"acorneyoq@uol.com.br#mailto:acorneyoq@uol.com.br#";"Columbia";"31/08/2020";"4";"BYOD-200";"58.95";"Drone Kits";"235.8"
"adinsec8@cam.ac.uk#mailto:adinsec8@cam.ac.uk#";"Simi Valley";"31/08/2020";"2";"Robotic Essentials";"34.99";"Training Videos";"69.98"
"browlesiq@godaddy.com#mailto:browlesiq@godaddy.com#";"Madison";"31/08/2021";"3";"BYOR-3535";"225";"Robot Kits";"675"
"jann7r@arizona.edu#mailto:jann7r@arizona.edu#";"Washington";"31/08/2021";"3";"Photograph Drones";"14.99";"eBooks";"44.97"
"iardlingoh@chronoengine.com#mailto:iardlingoh@chronoengine.com#";"Houston";"31/08/2021";"2";"Drone Building Essentials";"13.99";"eBooks";"27.98"
"alucchijb@usda.gov#mailto:alucchijb@usda.gov#";"Houston";"31/08/2021";"4";"GPS Drones";"19.99";"eBooks";"79.96"
"tarchnl@gnu.org#mailto:tarchnl@gnu.org#";"Peoria";"31/08/2021";"2";"BYOD-100";"54";"Drone Kits";"108"
"iarrolog@bloglines.com#mailto:iarrolog@bloglines.com#";"Philadelphia";"31/08/2021";"2";"BYOR-3000";"214";"Robot Kits";"428"
"lteal2l@cbc.ca#mailto:lteal2l@cbc.ca#";"Schenectady";"31/08/2021";"5";"Cat Robot Blueprint";"4.99";"Blueprints";"24.950000000000003"
"gboutell1p@yolasite.com#mailto:gboutell1p@yolasite.com#";"Woburn";"31/08/2021";"3";"Virtual Reality Basics";"29.99";"Training Videos";"89.97"
"wellinghamho@npr.org#mailto:wellinghamho@npr.org#";"Buffalo";"31/10/2020";"4";"Bsquare Robot Blueprint";"8.99";"Blueprints";"35.96"
"cmayworthi2@time.com#mailto:cmayworthi2@time.com#";"Juneau";"31/10/2020";"3";"Building Your Own Drone";"24.99";"eBooks";"74.97"
"dwestmacottdo@hubpages.com#mailto:dwestmacottdo@hubpages.com#";"Anchorage";"31/10/2020";"4";"Delta Robots";"16.99";"eBooks";"67.96"
"bdrewclifton8y@nps.gov#mailto:bdrewclifton8y@nps.gov#";"Inglewood";"31/10/2020";"1";"BYOD-350";"89.95";"Drone Kits";"89.95"
"doliverpaullmb@vinaora.com#mailto:doliverpaullmb@vinaora.com#";"Fort Wayne";"31/10/2021";"2";"BYOD-500";"167";"Drone Kits";"334"
"bwhitemanpf@dailymail.co.uk#mailto:bwhitemanpf@dailymail.co.uk#";"Spokane";"31/10/2021";"1";"Cartesian Robots";"12.99";"eBooks";"12.99"
"hstainfieldqj@163.com#mailto:hstainfieldqj@163.com#";"Memphis";"31/10/2021";"4";"DTD-7000 Drone";"450";"Drones";"1800"
"arudingerbh@nps.gov#mailto:arudingerbh@nps.gov#";"Odessa";"31/10/2021";"2";"BYOR-3535";"225";"Robot Kits";"450"
"ckiesselg6@state.tx.us#mailto:ckiesselg6@state.tx.us#";"Melbourne";"31/12/2020";"4";"BYOR-3535";"225";"Robot Kits";"900"
"arevettrq@boston.com#mailto:arevettrq@boston.com#";"Corpus Christi";"31/12/2020";"3";"MICR-564K Drone";"499";"Drones";"1497"
"avolkernk@pen.io#mailto:avolkernk@pen.io#";"Idaho Falls";"31/12/2020";"3";"SCARA Robots";"19.5";"eBooks";"58.5"
"wortigerp5@noaa.gov#mailto:wortigerp5@noaa.gov#";"Hartford";"31/12/2020";"4";"Delta Robots";"16.99";"eBooks";"67.96"
"mjanicki6y@amazon.co.uk#mailto:mjanicki6y@amazon.co.uk#";"Lubbock";"31/12/2020";"2";"DTE-QFN20 Drone";"250";"Drones";"500"
"ggerlts9y@newsvine.com#mailto:ggerlts9y@newsvine.com#";"Jamaica";"31/12/2020";"4";"GPS Drones";"19.99";"eBooks";"79.96"
"acutcliffelh@infoseek.co.jp#mailto:acutcliffelh@infoseek.co.jp#";"Lansing";"31/12/2020";"4";"Creature Robot Arms Blueprint";"12";"Blueprints";"48"
"jsumpner5u@google.com.au#mailto:jsumpner5u@google.com.au#";"Miami";"31/12/2021";"3";"MICR-564K Drone";"499";"Drones";"1497"
"rdrinkale8z@tripod.com#mailto:rdrinkale8z@tripod.com#";"Fresno";"31/12/2021";"3";"Open Source Code";"32.95";"Training Videos";"98.85000000000001"
"rcossumba@devhub.com#mailto:rcossumba@devhub.com#";"Saint Louis";"31/12/2021";"5";"DC-304 Drone";"395";"Drones";"1975"
"ngysehg@pagesperso-orange.fr#mailto:ngysehg@pagesperso-orange.fr#";"Richmond";"31/12/2021";"2";"Understanding Automation";"44.95";"Training Videos";"89.9"
"kcoytenm@bandcamp.com#mailto:kcoytenm@bandcamp.com#";"Philadelphia";"31/12/2021";"5";"RXW-9807 Robot";"599";"Robots";"2995"
"nmotherwello3@istockphoto.com#mailto:nmotherwello3@istockphoto.com#";"Atlanta";"31/12/2021";"4";"BYOR-1000";"189";"Robot Kits";"756"
"ccollopoi@delicious.com#mailto:ccollopoi@delicious.com#";"Pittsburgh";"31/12/2021";"5";"Understanding Automation";"44.95";"Training Videos";"224.75"
